<?xml version="1.0" encoding="utf-8"?>
<eml:eml xmlns:eml="eml://ecoinformatics.org/eml-2.1.1" xmlns:xsi="http://www.w3.org/2001/XMLSchema-instance"
         xsi:schemaLocation="eml://ecoinformatics.org/eml-2.1.1 http://rs.gbif.org/schema/eml-gbif-profile/1.1/eml.xsd"
        packageId="10.15468/dl.rs9oyz"  system="http://gbif.org" scope="system"
  xml:lang="en">

<dataset>
        <alternateIdentifier>0043660-181108115102211</alternateIdentifier>
    <title>GBIF Occurrence Download 10.15468/dl.rs9oyz</title>
    <creator>
    <individualName>
          <surName>GBIF Download Service</surName>
    </individualName>
<electronicMailAddress>support@gbif.org</electronicMailAddress>    </creator>
    <metadataProvider>
    <individualName>
          <surName>GBIF Download Service</surName>
    </individualName>
<electronicMailAddress>support@gbif.org</electronicMailAddress>    </metadataProvider>
      <pubDate>
      2019-02-20
      </pubDate>
    <language>ENGLISH</language>
    <abstract>
        <para>A dataset containing all occurrences available in GBIF matching the query:
BasisOfRecord: Specimen or Fossil 
Country: Israel or Egypt or Denmark or Italy or Latvia or Sweden or Poland or Netherlands or Germany or Syrian Arab Republic or Morocco or Turkey or France or Russian Federation or Spain or Sudan or Kazakhstan or United Kingdom or Estonia 
DatasetKey: Natural History Museum (London) Collection Specimens or Paleobiology Database or Tartu University, palaeontology collections or Fungus Collections at Staatliches Museum für Naturkunde Karlsruhe (Herbarium KR) 
HasCoordinate: true 
TaxonKey: Bos taurus primigenius Bojanus, 1827 
HasGeospatialIssue: false
The dataset includes records from the following constituent datasets. The full metadata for each constituent is also included in this archive:
1 records from Fungus Collections at Staatliches Museum für Naturkunde Karlsruhe (Herbarium KR)
32 records from Tartu University, palaeontology collections
58 records from Paleobiology Database
170 records from Natural History Museum (London) Collection Specimens
</para>
    </abstract>
      <contact>
    <individualName>
          <surName>GBIF Download Service</surName>
    </individualName>
<electronicMailAddress>support@gbif.org</electronicMailAddress>      </contact>

</dataset>

<additionalMetadata>
    <metadata>
      <gbif>
        <dateStamp>2019-02-20T15:33:09Z</dateStamp>
      <citation identifier="10.15468/dl.rs9oyz">GBIF Occurrence Download 10.15468/dl.rs9oyz</citation>
              <physical>
                  <objectName>Darwin Core Archive</objectName>
                  <characterEncoding>UTF-8</characterEncoding>
                  <dataFormat>
                      <externallyDefinedFormat>
                          <formatName>Darwin Core Archive</formatName>
                      </externallyDefinedFormat>
                  </dataFormat>
                  <distribution>
                      <online>
                          <url function="download">http://api.gbif.org/v1/occurrence/download/request/0043660-181108115102211.zip</url>
                      </online>
                  </distribution>
              </physical>
        </gbif>
    </metadata>
</additionalMetadata>

</eml:eml>
