<?xml version="1.0" encoding="utf-8"?>
<eml:eml xmlns:eml="eml://ecoinformatics.org/eml-2.1.1" xmlns:xsi="http://www.w3.org/2001/XMLSchema-instance"
         xsi:schemaLocation="eml://ecoinformatics.org/eml-2.1.1 http://rs.gbif.org/schema/eml-gbif-profile/1.1/eml.xsd"
        packageId="10.15468/dl.q8ai05"  system="http://gbif.org" scope="system"
  xml:lang="en">

<dataset>
        <alternateIdentifier>0009359-190320150433242</alternateIdentifier>
    <title>GBIF Occurrence Download 10.15468/dl.q8ai05</title>
    <creator>
    <individualName>
          <surName>GBIF Download Service</surName>
    </individualName>
<electronicMailAddress>support@gbif.org</electronicMailAddress>    </creator>
    <metadataProvider>
    <individualName>
          <surName>GBIF Download Service</surName>
    </individualName>
<electronicMailAddress>support@gbif.org</electronicMailAddress>    </metadataProvider>
      <pubDate>
      2019-04-05
      </pubDate>
    <language>ENGLISH</language>
    <abstract>
        <para>A dataset containing all occurrences available in GBIF matching the query:
BasisOfRecord: Human Observation or Machine Observation or Specimen or Observation 
Country: Iraq or Egypt or Iran, Islamic Republic of or Oman or Israel or Jordan 
HasCoordinate: true 
TaxonKey: Camelus dromedarius Linnaeus, 1758 
HasGeospatialIssue: false
The dataset includes records from the following constituent datasets. The full metadata for each constituent is also included in this archive:
1 records from Mammalogy Collection - Royal Ontario Museum
2 records from Israel Nature and Parks Authority
4 records from Geographically tagged INSDC sequences
8 records from Large mammals in Israel from camera traps
8 records from iNaturalist Research-grade Observations
10 records from naturgucker
16 records from Field Museum of Natural History (Zoology) Mammal Collection
48 records from Museum of Comparative Zoology, Harvard University
</para>
    </abstract>
      <contact>
    <individualName>
          <surName>GBIF Download Service</surName>
    </individualName>
<electronicMailAddress>support@gbif.org</electronicMailAddress>      </contact>

</dataset>

<additionalMetadata>
    <metadata>
      <gbif>
        <dateStamp>2019-04-05T14:19:33Z</dateStamp>
      <citation identifier="10.15468/dl.q8ai05">GBIF Occurrence Download 10.15468/dl.q8ai05</citation>
              <physical>
                  <objectName>Darwin Core Archive</objectName>
                  <characterEncoding>UTF-8</characterEncoding>
                  <dataFormat>
                      <externallyDefinedFormat>
                          <formatName>Darwin Core Archive</formatName>
                      </externallyDefinedFormat>
                  </dataFormat>
                  <distribution>
                      <online>
                          <url function="download">http://api.gbif.org/v1/occurrence/download/request/0009359-190320150433242.zip</url>
                      </online>
                  </distribution>
              </physical>
        </gbif>
    </metadata>
</additionalMetadata>

</eml:eml>
