,IsDomesticated,Aspect,BulkDensity,ClayPercentage,annualPET,aridityIndexThornthwaite,climaticMoistureIndex,continentality,embergerQ,growingDegDays0,growingDegDays5,maxTempColdest,minTempWarmest,monthCountByTemp10,PETColdestQuarter,PETDriestQuarter,PETseasonality,PETWarmestQuarter,PETWettestQuarter,thermicityIndex,OrganicCarbon,PhCaCL,slope,bio1,bio2,bio3,bio4,bio5,bio6,bio7,bio8,bio9,bio10,bio11,bio12,bio13,bio14,bio15,bio16,bio17,bio18,bio19
Aepyceros_melampus,FALSE,-0.024893967,0.617482567,0.020360896,1.26387591,0.908669159,-1.04751398,-0.865325288,-0.275746583,1.100167537,1.119020202,1.045916974,0.810258593,1.118440081,1.247165622,0.763764132,-0.44070875,0.975255217,1.162114848,1.031074553,-0.403206068,0.479060541,-0.347986535,1.007936951,1.071525685,0.884870026,-0.863037827,0.93527561,0.89239971,-0.652043384,1.072462287,0.797028742,0.915361592,0.980799956,-0.420478184,-0.171000733,-0.538554882,1.193898364,-0.216975206,-0.553088002,-0.300355958,-0.516040147
Alcelaphus_buselaphus,FALSE,0.087363038,0.585586224,0.322670845,1.209908278,0.546700181,-0.660426779,-1.097170569,0.015513639,1.08488643,1.103621462,1.120284182,0.636594575,1.090554825,1.426333936,0.83625497,-0.901382176,0.79394976,0.743644049,1.082360049,-0.350239962,0.021362367,-0.36289691,0.996759761,0.899007519,1.173775866,-1.096418478,0.790050846,0.99470639,-0.889780177,0.818121187,0.857143803,0.762754025,1.071837491,0.061999102,0.397187779,-0.515568523,0.773140037,0.3520355,-0.511610484,-0.157377517,0.185446841
Alcelaphus_caama,FALSE,0.008065135,0.704714502,-0.284028005,1.602011475,1.348250017,-1.358495653,-0.767431612,-0.462778254,1.395023971,1.405689457,1.171310396,1.246311718,1.117936163,1.52264601,1.108853084,-0.24241334,1.447028221,1.44027781,1.263309745,-0.422183063,0.597897067,-0.481093993,1.223794329,1.383635099,0.786217435,-0.781164059,1.423888347,1.002997369,-0.492229002,1.425687917,0.966173867,1.345484205,1.105879932,-0.72466469,-0.435176615,-0.637291217,1.943130218,-0.527140327,-0.673362138,-0.852921316,-0.562343441
Alces_alces,FALSE,0.017953181,-0.690676992,-0.536767874,-0.992863978,-1.15123894,1.264595046,-0.157355216,-0.043017351,-0.856729048,-0.89083679,-0.31819705,-0.676501139,-0.828135093,-0.850139542,-0.705666552,-0.084873246,-1.027679108,-1.04651917,-0.725836207,0.761032284,-1.156456096,0.146815767,-0.4378362,-1.469861353,-0.680522708,-0.151432141,-0.955174321,-0.112630343,-0.458175954,-0.74053018,-0.276906607,-0.783595499,-0.241116826,0.119793307,-0.199588825,0.666855062,-1.012662989,-0.160405119,0.611331169,0.11157499,0.225482632
Alces_americanus,FALSE,0.011919562,-0.608647633,-0.415689803,-0.652438304,-0.74379337,0.67770709,0.281279552,-0.252077282,-0.864468234,-0.873640546,-0.461517196,-0.807525742,-0.783350097,-0.779431794,-0.482599444,0.501765322,-0.375892845,-0.625280751,-0.788959578,0.576699106,-0.608515071,0.517712895,-0.525510887,0.033566999,-0.499639213,0.257391043,-0.547168026,-0.472877893,0.312219374,-0.89672084,-0.318910754,-0.658920045,-0.46336725,0.051529186,-0.240737203,0.608757488,-0.947657684,-0.206696917,0.588244753,0.064539906,0.17892518
Ammotragus_lervia,FALSE,-0.238315973,0.372777743,0.512517075,0.539718934,0.59064616,-0.828720487,-0.805609106,-0.236510673,0.622514128,0.628635846,0.719595256,0.437851728,0.738470601,0.521279496,1.166314491,-0.220284419,0.373187151,-0.24743336,0.647888755,-0.237833879,0.793722272,0.75281196,0.658283739,0.103998909,0.672958252,-0.797143273,0.475420461,0.805800122,-0.827063822,0.068831031,0.960411111,0.486381639,0.747024802,-0.371944184,-0.451311604,-0.290228072,-0.399852532,-0.476061456,-0.201378382,-0.747879456,0.008140192
Antidorcas_marsupialis,FALSE,0.062442789,0.635248933,0.105896359,1.427221416,1.138027549,-1.155550573,-0.914808753,-0.320699636,1.216591924,1.232185711,1.131671249,0.907560694,1.108016767,1.483113274,0.914059893,-0.553563953,1.13806704,1.177097578,1.1465923,-0.391682291,0.536238831,-0.359430675,1.093170537,1.243383716,1.002307995,-0.917293872,1.081968631,0.972490107,-0.67004673,1.140466743,0.869376931,1.03078342,1.064587261,-0.505392994,-0.173333902,-0.607691865,1.726791159,-0.274313048,-0.632831481,-0.661290939,-0.399251698
Antilocapra_americana,FALSE,-0.152267432,0.668380297,0.070395718,0.055810541,0.428813459,-0.755904786,0.07692254,-0.42520262,-0.43568216,-0.514439727,0.012323049,-0.384130223,-0.32249385,-0.387165159,0.006677553,1.11098638,0.62841057,0.323430084,-0.30481863,-0.312444008,0.489874801,0.172503621,-0.073617059,1.538389626,0.001439383,0.04354093,0.286735512,-0.13815404,0.379547292,-0.326572943,0.043316522,-0.047160205,-0.059038505,-0.454869275,-0.494842872,-0.20619096,-0.413784526,-0.494440783,-0.212614565,-0.401520603,-0.272008353
Antilope_cervicapra,FALSE,-0.483895304,0.595103489,0.795023687,1.099572198,0.900673509,-0.614426249,-0.563246762,-0.139293235,1.353584954,1.365401062,1.058025715,1.586785351,1.118108051,1.054937842,0.967173553,-0.102660689,1.106874243,0.506763157,1.17779472,-0.390246318,0.714927511,-0.435268046,1.193461418,0.455613118,0.230898323,-0.639424715,1.449201366,0.960750685,-0.416432461,1.335178533,1.016008531,1.425093983,1.032611417,0.067069963,0.968933917,-0.569570917,1.89783721,0.792205458,-0.538281623,-0.231550519,-0.450298728
Axis_axis,FALSE,-0.01302995,0.266267429,0.80704553,0.76252672,0.281744172,0.544021121,-0.910940304,0.800649791,1.267136681,1.281342117,1.05655267,1.317923548,1.116068664,0.995502831,0.63804995,-0.822315716,0.383435703,0.24345319,1.191192016,-0.304708407,-0.011536591,-0.112976544,1.130161899,-0.561791994,0.492937465,-0.933985491,0.904053164,1.12788791,-1.003604676,1.163719316,0.947925011,1.092826165,1.096192266,1.188953119,2.079001866,-0.267931663,1.008021399,1.934446719,-0.16671457,1.113841758,-0.067793263
Axis_porcinus,FALSE,0.436771335,0.372733413,0.220643201,0.794170081,0.440781071,0.386875401,-0.782914876,0.708675446,1.221454122,1.236921759,0.990007235,1.312065529,1.111455045,0.882366051,0.461460211,-0.582056276,0.415685641,0.548938748,1.10525588,-0.345018745,-0.1506338,-0.17957166,1.096732492,-0.244079375,0.41751037,-0.790931188,0.907589363,1.007064891,-0.831286951,1.289828712,0.86528126,1.104784899,1.011772393,1.104908465,1.796348751,-0.409547292,0.892923769,1.742458032,-0.301868869,1.812137679,-0.249585384
Bison_bison,FALSE,-0.060365393,0.310455999,-0.411823627,-0.885971028,-0.502086321,0.548948335,0.79521558,-0.355099998,-1.009153163,-0.983650708,-0.915379589,-1.186498962,-1.043090365,-0.902473027,-0.700427728,0.443040068,-0.605101192,-0.294835548,-1.024875486,-0.317355494,-0.022245565,0.79451475,-0.924973598,0.355908914,-0.645729756,0.738114093,-0.802992419,-1.009240156,0.901878241,-0.785909393,-0.614721268,-0.975460056,-0.91669847,-0.198847927,-0.369736404,0.270098566,-0.927112345,-0.378492267,0.25629215,-0.112674525,-0.019954151
Bison_bonasus,FALSE,0.046097258,-0.043654414,-0.181592031,-0.655655541,-0.834979272,0.532070925,-0.168069175,-0.169857968,-0.567024597,-0.666082176,-0.163268346,-0.31419854,-0.397290542,-0.74969259,-0.694397433,0.374530601,-0.497477725,-0.178171144,-0.436380604,0.137308369,-0.634544381,-0.404636811,-0.137946602,-1.153555818,-0.54943952,-0.154072306,-0.487675334,0.089349701,-0.440595829,-0.143612605,-0.165969296,-0.342512938,-0.047918399,-0.047267205,-0.307091361,0.493162172,-1.00012879,-0.267159753,0.441271022,0.0624197,0.046686869
Blastocerus_dichotomus,FALSE,0.380107169,-0.365720736,-0.166373266,0.840509161,-1.055200441,0.260330461,-0.959197351,0.52819883,1.044982663,1.065367627,0.96822829,0.892201954,1.118478477,0.655613812,0.123530448,0.107442618,0.870126308,0.740402272,1.048744786,-0.086931233,-0.451385414,-0.594697794,0.967423981,-0.017613832,0.82075316,-0.943074466,0.71993909,1.055011745,-1.01991378,0.959565479,0.758864957,0.847816527,1.00265172,0.907779899,0.515820509,0.864460631,-0.733066047,0.51339528,0.960977707,1.07023456,0.239950927
Bos_frontalis_gaurus,TRUE,0.138959981,0.227300054,0.890281657,0.678023969,0.022143458,0.777330759,-0.994941541,1.119773093,1.103742297,1.111697145,1.017458274,1.039059153,1.022365208,0.997938209,0.540172107,-0.997636232,0.186890904,0.145875977,1.084118096,-0.262515264,-0.275469808,0.618010149,1.01138357,-0.553574518,0.677324146,-1.012639719,0.653684821,1.072728192,-1.087621379,0.935000366,0.853877429,0.848939777,1.044161635,1.499035591,2.204818091,0.04493958,0.648868336,2.119218559,0.13828141,1.585050416,0.173416858
Bos_grunniens_mutus,TRUE,0.200994806,-0.266753058,-0.421963208,-1.041948134,-0.121139007,-0.031375161,1.060648967,-0.472023293,-1.014426007,-0.974369481,-1.204247933,-1.172177132,-1.140752752,-0.860361648,-0.980165376,-0.092135813,-1.041870723,-0.58795074,-1.163773739,0.051979181,0.423393757,0.37797177,-1.268665522,-0.329268736,-0.845037077,1.097503219,-1.169266737,-1.255101412,1.011405129,-0.897227983,-1.301473012,-1.19308973,-1.242403175,-0.579235354,-0.443895868,-0.487134555,0.452959112,-0.462499582,-0.510066009,-0.233639818,-0.491644734
Bos_javanicus,TRUE,-0.069401918,0.130774459,0.430295977,0.851438557,0.118287419,0.694747923,-1.280265025,1.540608847,1.382026379,1.393052764,1.240083061,1.145186983,1.118478477,1.32233429,0.819780592,-1.385531348,0.270181848,0.173755498,1.377998736,-0.279812049,-0.921431427,-0.079538931,1.214305232,-0.730008625,1.128589213,-1.296359383,0.771707558,1.347348096,-1.397896969,1.090552408,1.079083585,0.979900349,1.29133583,1.553079956,2.286515254,0.081887266,0.441609309,2.042458876,0.178141029,0.378019156,0.862322941
Bos_taurus_primigenius,TRUE,0.171270536,0.03949367,0.223294441,-0.518340534,-0.297698773,-0.040100803,0.068222082,-0.302855043,-0.504010212,-0.610247983,-0.188777455,0.035864865,-0.31947563,-0.731306346,-0.70363512,0.675284967,-0.208071704,0.32721655,-0.322249421,-0.081362414,-0.038446444,-0.461265659,-0.058581124,-1.040739851,-0.663800843,0.08480245,-0.148976982,0.054657245,-0.173102081,0.225579869,-0.169205076,-0.02759613,-0.072372079,-0.259161612,-0.448954327,0.252601881,-1.008797143,-0.425596776,0.217338286,-0.149134882,-0.096831842
Boselaphus_tragocamelus,FALSE,-0.010140199,0.661537348,0.431366208,1.087724049,1.02764689,-0.565700878,-0.364122931,-0.190225186,1.296530058,1.309930391,0.961118741,1.646054433,1.118420784,0.89390242,1.079103132,0.258334908,1.256431294,0.574103398,1.047084129,-0.431637377,0.788314795,-0.488071258,1.151689558,0.695673611,0.075591693,-0.440246865,1.55080029,0.833633279,-0.17194522,1.405335754,1.027230563,1.48410644,0.926995167,0.11368095,1.264407683,-0.565399894,2.257306835,1.049175289,-0.499880178,-0.157587664,-0.451449249
Bubalus_bubalis_arnee,TRUE,0.029097773,-0.018823837,0.291582385,0.686981174,-0.859623991,1.232951855,-1.240903717,2.440397987,1.24532921,1.25623781,1.118757887,1.069790913,1.098144808,1.154092581,0.589722219,-1.499163832,-0.083244192,0.217784888,1.228491631,-0.079939611,-0.687388584,0.062779361,1.114206859,-0.927281509,1.338231841,-1.23158476,0.532282203,1.28497009,-1.464690321,1.052951037,0.976804387,0.840968408,1.193273388,2.238097189,2.135954465,1.43312171,-0.155031502,2.164128506,1.504137226,2.280386026,1.312898972
Budorcas_taxicolor,FALSE,-0.346671345,-0.09023207,0.31096995,-0.119289276,-0.488564291,0.794883656,-0.39098787,0.252111713,0.001954057,-0.05015154,0.241156624,0.12205322,0.034113667,-0.058663145,-0.408133488,-0.426967201,-0.439698672,0.007615509,-0.01957632,-0.152600518,-0.048975212,1.824294715,0.184083594,-0.499297456,-0.139311273,-0.394803708,-0.254066158,0.252439311,-0.519289338,0.227775676,0.036634725,-0.038089112,0.244494049,0.756721096,1.166703153,-0.249659249,0.573248148,1.188408324,-0.216078358,2.02876941,-0.353137515
Camelus_bactrianus,TRUE,0.01943691,0.574716061,-0.029329967,-0.715767174,0.650697644,-0.66137812,0.806749017,-0.532423866,-0.831434811,-0.82245996,-0.835727734,-0.679989643,-0.805777614,-0.812945874,-0.666600879,0.409901348,-0.515801286,-0.296792108,-0.864846605,-0.313413195,1.228361114,0.46534044,-0.838545952,-0.164086087,-0.76562562,0.822322945,-0.686126827,-0.865906624,0.775615369,-0.675919488,-0.809961776,-0.700929234,-0.85550525,-0.786576368,-0.761207195,-0.508010149,0.231383436,-0.768130859,-0.537257862,-0.728276212,-0.503085598
Camelus_dromedarius,TRUE,0.13776259,0.5855452,-0.194665837,1.132137015,1.187015303,-1.052569209,-0.622555337,-0.29900552,1.038285714,1.053606683,0.920641574,0.971984085,1.057321672,0.961049573,1.128615793,0.034728869,1.095785184,0.296736294,0.933185587,-0.420034865,0.532473418,-0.225294056,0.963304076,0.995652426,0.549504873,-0.63230671,1.079252466,0.795626082,-0.42289895,0.536765475,0.963888525,1.040176173,0.872865917,-0.439497685,-0.172927377,-0.61963628,1.11521318,-0.210234478,-0.642421705,-0.447980424,-0.51323456
Capra_hircus_aegagrus,TRUE,-0.004951721,-0.296953144,-0.33954199,-0.931050563,-0.196098054,0.186285526,1.005024682,-0.466459206,-0.886300801,-0.859351753,-1.087855813,-0.927287121,-0.978175083,-0.810476071,-0.734084464,0.042416417,-0.867224691,-0.719654671,-1.026681718,0.002422313,0.672841849,0.419179098,-1.107133079,-0.420462288,-0.868189662,1.021260574,-0.943946431,-1.101028433,0.940049286,-0.917395941,-1.069193125,-0.981236326,-1.102249124,-0.534988811,-0.455159618,-0.389898439,0.204621747,-0.468671228,-0.419190793,-0.33019249,-0.380484088
Capra_ibex,FALSE,0.004462743,0.272191173,-0.552335703,-1.362992772,-0.378401992,0.828948773,0.599651266,-0.406818801,-1.046167073,-0.989277939,-1.18901209,-1.619992786,-1.344447301,-0.857785915,-0.792454719,-0.983998975,-1.808778537,-1.712540542,-1.594145251,-0.064477163,0.978872762,0.861167628,-1.482845166,-1.582176338,-1.035870971,0.649069843,-1.940071325,-1.110215655,0.309858879,-1.807667781,-1.178265884,-1.797600615,-1.189873321,-0.561649743,-0.638179302,-0.195449414,-0.325327471,-0.627558744,-0.234694065,-0.617012571,-0.278274216
Capra_nubiana,FALSE,-0.320083314,0.48301826,-0.024706349,0.517535685,1.241320173,-1.25662261,-0.59379154,-0.463546239,0.704778465,0.734609765,0.628916673,0.701028475,1.087878134,0.168731322,1.426441228,0.453024093,0.551200346,-1.215380711,0.630857379,-0.389257085,1.458486654,0.237173044,0.718480362,0.07317113,0.2857197,-0.578700292,0.600027611,0.754119963,-0.673885092,-0.447472961,1.095979804,0.687305631,0.690690999,-0.737338507,-0.637479127,-0.638226825,1.142169596,-0.629974592,-0.674211036,-1.106831666,-0.000343857
Capra_pyrenaica,FALSE,-0.213969578,0.182634657,0.652156807,-0.135804294,0.16290609,-0.395982205,-0.374770189,-0.267087411,0.004293728,-0.109983238,0.239071723,0.109274695,0.029469983,-0.345662844,0.68020131,0.485361448,0.009714444,-0.716233409,0.032872638,0.12971853,1.077906382,0.761217406,0.213913296,-0.398098896,-0.152437208,-0.377015636,0.122817282,0.404627369,-0.490140112,-0.503410318,0.683564045,0.111886965,0.304722477,-0.254055839,-0.439685344,-0.052870486,-0.842262346,-0.446803076,0.063419997,-0.642708006,0.035078399
Capra_sibirica,FALSE,0.006003006,-0.364819674,-0.295465194,-1.262352302,-0.278774075,0.464120994,0.955752858,-0.473350652,-1.087081055,-1.039274233,-1.251156645,-1.310560363,-1.270676457,-0.924131875,-1.015190594,-0.411452459,-1.400972422,-1.028372324,-1.36282499,0.055053322,0.538081559,0.247940831,-1.388864969,-1.018906039,-1.029857541,0.985347111,-1.436189657,-1.223604728,0.794748562,-1.172484624,-1.306735617,-1.428560106,-1.260623191,-0.593927625,-0.616871468,-0.300699622,-0.247819442,-0.611532735,-0.335626127,-0.477606083,-0.397789901
Capreolus_capreolus,FALSE,0.068654056,-0.241805867,0.01606222,-0.737081288,-1.084461152,1.041427757,-0.526465414,0.10321177,-0.474900953,-0.656651877,-0.0049486,-0.481563111,-0.489755367,-0.705092457,-0.33318798,-0.014104759,-0.773657744,-1.164902737,-0.319751229,0.35101932,-0.374725781,0.179779142,-0.119620852,-1.363065836,-0.331936027,-0.50088938,-0.746415405,0.268678771,-0.860014435,-0.80819961,0.117852144,-0.552899845,0.100270231,0.236199993,-0.214453598,1.055579205,-1.307080603,-0.165906126,0.979057295,0.043335957,0.43687964
Capreolus_pygargus,FALSE,0.195088848,-0.087036868,-0.284521539,-0.863986386,-0.660069883,0.578033223,0.523893498,-0.316709627,-0.846156067,-0.856183702,-0.678241438,-0.599630836,-0.788013065,-0.849905883,-0.865345002,0.243855377,-0.734685811,-0.404433485,-0.784261884,-0.073812201,-0.21463974,0.285077928,-0.673586001,-0.771208386,-0.791207606,0.519131901,-0.719234734,-0.599155364,0.378840163,-0.483447827,-0.702174354,-0.68063609,-0.646413439,-0.227058195,-0.326483294,0.098691126,-0.517366395,-0.319542067,0.063772532,-0.03025167,-0.158518221
Capricornis_crispus,FALSE,-0.030678919,-0.101337178,-0.096814711,-0.56563462,-0.040950238,-0.125548879,-0.203929044,-0.244504252,-0.773771336,-0.776980673,-0.222789592,-1.170105981,-0.973673469,-0.504419583,-0.715418192,-0.371197624,-0.813150629,-0.285373901,-0.896301712,-0.170249953,0.612928142,1.203705249,-0.547985269,0.466925138,-0.03874984,-0.202078522,-1.101125093,-0.404020844,-0.14232998,-0.719370746,-0.478538155,-1.056291291,-0.321299091,-0.190134545,0.01968026,-0.404812114,0.967616316,0.012635194,-0.39902564,0.499806142,-0.433612657
Capricornis_swinhoei,FALSE,0.094997232,-0.279646969,0.042988633,-0.247243788,-0.880512556,1.249966879,-0.786527108,1.334928643,-0.202438224,-0.192027646,0.254431468,-0.503413887,0.028290365,0.07001078,-0.258595815,-1.106250932,-0.907178916,-0.465494257,-0.111353586,-0.133149864,0.152494721,3.527640879,0.028043985,-0.710092718,0.444550629,-0.765155328,-0.865859113,0.305441883,-0.98886672,-0.386458933,0.133684376,-0.583670654,0.269292416,1.528506983,1.649130659,0.501864467,0.132196258,1.672705211,0.617210673,2.747243567,0.278574233
Catagonus_wagneri,FALSE,-0.24363594,0.477325195,0.145976732,1.195707097,0.338674355,-0.516181584,-1.241543989,0.281836825,1.318986013,1.331762819,1.222531366,0.934954907,1.118478477,1.349655432,0.854705302,-0.89637997,0.763930039,0.961351642,1.302596769,-0.381517612,-0.242177018,-0.473580437,1.168133839,0.214338319,1.439933944,-1.226761965,0.848820295,1.254485277,-1.217425143,1.145648913,1.026440948,0.947558684,1.236725473,0.239589194,0.437065039,-0.461048627,0.497532831,0.449040802,-0.430571006,-0.154474158,0.218499072
Cephalophus_dorsalis,FALSE,0.163744564,0.312140021,1.557972474,0.980036767,-0.969421745,0.845994451,-1.48644674,1.95155705,1.207472241,1.22330954,1.206437604,0.677696979,1.116262241,1.554035889,0.909195636,-1.856030027,0.100166437,0.51773985,1.231071681,-0.342731897,-1.353802701,-0.391480468,1.086463509,-0.356253982,2.185555762,-1.470006347,0.444515287,1.355892416,-1.621163777,0.869317759,1.043168098,0.641584608,1.266906353,1.696598569,1.018955878,1.467352807,-0.825049864,1.085743657,1.700993278,1.357850658,1.351625356
Cephalophus_jentinki,FALSE,0.034109791,0.084362088,0.773873738,0.684513244,0.12631336,1.201386061,-1.404588665,2.359186559,1.066991054,1.086764919,1.059623373,0.599436629,1.118478477,1.211562679,0.517596077,-1.784184791,-0.131919587,0.244628678,1.099150886,-0.207163971,-1.342310029,-0.429590394,0.983670318,-0.874198954,1.739327858,-1.394659396,0.22893037,1.282436317,-1.65697499,0.75062322,0.914397459,0.50520569,1.158718691,1.977910755,2.007400463,-0.115249748,-0.070757748,1.708904318,0.330819123,2.39736823,0.078712399
Cephalophus_natalensis,FALSE,-0.014656072,0.259680406,0.434432259,0.802897311,-0.001379617,-0.036952313,-1.178167235,0.900801644,1.308486604,1.321554943,1.108927551,1.152696372,1.118478477,1.103701166,0.666743929,-1.192971079,0.235571483,0.599708283,1.290286592,-0.300516604,-0.414671895,-0.100306194,1.160424772,-0.78104437,1.081282783,-1.16439214,0.703012121,1.316871628,-1.399358571,1.209482258,1.030161869,0.975948802,1.205491609,0.587768683,0.726334007,-0.034253219,-0.065005414,0.546270529,0.121200341,0.462193871,0.395854583
Cephalophus_niger,FALSE,0.170997607,0.322389381,1.083895282,0.965260803,-0.335630215,0.614868516,-1.445832642,1.530719457,1.108423868,1.127024104,1.160174166,0.526196516,1.11497267,1.521632418,0.906579056,-1.792477168,0.147661987,0.434883203,1.141218895,-0.319773121,-0.969923363,-0.180395445,1.013979068,-0.142522418,1.947573186,-1.432658933,0.413842893,1.260751294,-1.507074081,0.749920976,0.988686762,0.550960277,1.20342811,1.429438838,1.20640922,0.416309652,-0.270796344,1.188022183,0.649526687,0.953048755,1.301045065
Cephalophus_nigrifrons,FALSE,-0.069971457,-0.74184708,1.255024738,0.358433329,-0.980440506,0.871485009,-1.501875817,1.4492937,0.175021381,0.214419908,0.737296169,-0.795343706,0.732047788,0.97439903,0.444792469,-1.936887027,-0.577131309,-0.145435794,0.356532996,0.203295506,-0.451501906,1.743572929,0.330609093,-0.058216142,2.254212292,-1.479091223,-0.691615643,0.792052776,-1.561180696,-0.294896941,0.518115972,-0.601122334,0.739311378,1.170032021,0.763792575,0.824538778,-0.686895564,0.706890627,1.171907,0.994865707,0.854082795
Cephalophus_rufilatus,FALSE,0.117088894,0.603181344,0.324972688,1.44971395,0.794755052,-0.388977931,-1.231319892,0.280701203,1.503767458,1.511413499,1.300274697,1.19093589,1.118478477,1.786478233,1.308678041,-1.209698821,0.979619961,0.574316471,1.451899309,-0.302925122,0.017503362,-0.415218054,1.303430323,0.54115684,1.220602038,-1.237980199,1.229560934,1.319765234,-1.063479536,1.083528928,1.170954308,1.216783914,1.359288655,0.488934979,1.152633863,-0.607852202,1.198431648,1.069466383,-0.615723784,-0.472441353,1.721379418
Cephalophus_silvicultor,FALSE,0.502348476,0.118758294,1.131911518,0.968304353,-0.426390561,0.93494324,-1.433742837,1.942282634,1.150858769,1.168238183,1.153172625,0.603587049,1.113976907,1.495287035,0.981565661,-1.694717073,0.220209987,0.350488308,1.172855547,-0.264590213,-0.949648583,-0.021271842,1.045058657,-0.203217397,1.900377948,-1.419233396,0.489155546,1.295849185,-1.507844007,0.762422658,1.026304822,0.616328135,1.222089986,1.899522048,1.641288872,0.817572013,-0.331575359,1.66143632,1.026644908,0.904475262,2.781694759
Cephalophus_zebra,FALSE,0.119945711,0.414505251,0.56341063,0.958770328,-1.37443929,0.898427707,-1.48736987,2.133747561,1.241310324,1.256243925,1.216188475,0.749505414,1.118478477,1.539395346,0.812613595,-1.877188485,0.053351553,0.532039424,1.264253712,-0.27036,-1.480861832,-0.524347615,1.111335624,-0.480770243,2.273277816,-1.472056354,0.441022552,1.38983764,-1.67119,0.914644676,1.051836877,0.682459033,1.28667101,1.748298555,1.012230203,1.846467799,-0.945764543,1.094873927,2.130090122,1.482911295,1.1696536
Ceratotherium_simum,FALSE,-0.217966842,0.308347381,0.318047411,0.767544065,-0.14155049,-0.548246001,-0.944923532,-0.049831109,0.800933837,0.828095223,0.92702097,0.537123603,1.112091892,0.70800108,0.146759912,-0.290877222,0.492380388,1.072417689,0.831087254,-0.389930705,0.017470077,-0.101781741,0.788860959,0.597592288,0.875360245,-0.928015034,0.347324517,0.774248587,-0.865362722,0.842422742,0.610096675,0.516469807,0.851297016,0.002393325,0.023869704,-0.268541337,0.18974895,0.073741545,-0.278038577,0.642977976,-0.400693096
Cervus_elaphus,FALSE,0.079786619,-0.288517826,-0.107039776,-0.76612644,-1.106528459,1.159131425,-0.51688442,0.149447478,-0.501218765,-0.638063155,-0.033745806,-0.546601686,-0.553846089,-0.694456559,-0.190413722,-0.112810288,-0.855240015,-1.427825269,-0.378539122,0.372357406,-0.465807722,0.527340643,-0.172835709,-1.392589064,-0.359434013,-0.491701658,-0.823579894,0.225240432,-0.848702552,-1.011086949,0.16738197,-0.627418054,0.063319025,0.316065148,-0.133215762,1.046098949,-1.238466519,-0.082792535,0.999967376,0.042769379,0.547256446
Cervus_nippon,FALSE,-0.036811843,-0.391328196,0.493566202,-0.190039149,-2.05522861,1.410052099,0.039017058,0.297618535,0.051878282,-0.125010189,0.113487274,0.856437744,0.069606652,-0.295081338,-0.524299608,-0.048576035,-0.406665686,0.172471019,0.058272162,-0.105802609,-0.313777095,0.68995082,0.265418375,-0.988234057,-0.623778987,0.002348118,0.238492032,0.26393022,-0.217454395,0.658428872,0.034555857,0.455653967,0.188801254,1.329460488,1.102567628,1.211534083,-0.515714986,1.0773232,1.227800927,2.0606512,0.408288079
Connochaetes_gnou,FALSE,0.060050398,0.433036452,0.544161081,0.617808558,0.055525301,-0.498256486,-0.762484044,-0.120070376,0.334335937,0.359362085,0.657722859,-0.112007086,0.668500345,0.457410108,-0.037112752,0.039521308,0.530415483,0.910876865,0.360013739,-0.410141099,0.123887897,0.010002081,0.447331775,1.229145263,0.749215138,-0.755951315,0.099653944,0.429158041,-0.539616965,0.379046278,0.31420744,0.085994658,0.550829939,-0.000640904,0.062704412,-0.355261162,0.183813849,0.104148451,-0.363833479,0.457531443,-0.420825577
Connochaetes_taurinus,FALSE,-0.038376695,0.624946564,-0.02807186,1.22366796,0.821558584,-1.040186468,-0.839743335,-0.279241558,1.007689375,1.02910985,1.002498123,0.685159913,1.106225507,1.129785688,0.577744881,-0.279378925,0.997507791,1.31354075,0.94232528,-0.401087238,0.48667127,-0.377793123,0.940248135,1.244283088,0.881787877,-0.821023748,0.841543254,0.810752285,-0.597656284,1.073658834,0.701436487,0.820187222,0.916347517,-0.422188948,-0.276293862,-0.518083756,0.972863019,-0.28646978,-0.526956004,-0.221715413,-0.520426412
Dama_dama,FALSE,0.084404659,-0.365497647,-0.081024552,-0.811724285,-1.026731375,1.068855109,-0.548744426,0.100276365,-0.485267072,-0.655020886,-0.00633389,-0.461852204,-0.488386554,-0.740906814,-0.395192379,-0.079954699,-0.886444852,-1.321501235,-0.312814953,0.502198357,-0.628625698,-0.199983514,-0.124571033,-1.543450622,-0.370429714,-0.518119927,-0.810276342,0.28120172,-0.918868019,-0.813006845,0.087575951,-0.572336088,0.104535212,0.164174177,-0.255499821,0.917724679,-1.267996051,-0.201285961,0.838961525,-0.017496391,0.390705827
Damaliscus_korrigum,FALSE,0.138971354,0.624992408,0.096481658,1.104564552,0.695205012,-0.787131511,-1.009671082,-0.109586645,0.952524659,0.973922895,1.018478175,0.530816122,1.04832486,1.190547551,0.736123453,-0.611980258,0.778328625,0.676487983,0.949573943,-0.400684858,0.327907887,-0.284409291,0.899867772,0.978563747,1.040750822,-1.004512125,0.703358538,0.889352624,-0.797485849,0.719737614,0.774757717,0.671297272,0.969141602,-0.111169384,0.187363881,-0.508116732,0.756473307,0.161356489,-0.516653078,-0.29525637,0.272582317
Damaliscus_lunatus,FALSE,0.197526671,0.569365511,0.324700427,1.167974145,0.37983559,-0.595663211,-1.103565706,0.089019748,1.051975288,1.07216609,1.091729435,0.605657792,1.11841452,1.353294166,0.814763832,-0.901752602,0.723207043,0.845525746,1.052062434,-0.339420517,0.048622618,-0.336626457,0.972584803,0.839937199,1.228062532,-1.096386902,0.711067869,0.984265699,-0.926080059,0.850840755,0.844959023,0.713036709,1.05039497,0.11912152,0.371611821,-0.422917143,0.728006023,0.343511554,-0.400344284,0.046025656,0.339738949
Damaliscus_pygargus,FALSE,-0.019896976,0.361485493,0.45902427,0.593131181,-0.171826089,-0.425266126,-0.879328139,-0.011003646,0.449634033,0.47587016,0.729971393,0.030563792,0.837102327,0.501812132,0.181936874,-0.142975022,0.394477169,0.670930802,0.500240719,-0.405171021,-0.029653173,0.086242185,0.531723965,0.85808906,0.881363474,-0.866537167,0.090119412,0.573344235,-0.748686426,0.370140354,0.46677934,0.149466729,0.652251625,0.065104505,0.035200193,-0.188525138,-0.038172566,0.077415712,-0.176745875,0.487776619,-0.278791404
Diceros_bicornis,FALSE,-0.056868206,0.407779053,0.728788272,1.052096691,0.348427744,-0.709737744,-1.102368267,-0.047782198,0.838988858,0.865093584,1.007742603,0.268484581,1.117382026,1.201630112,0.574046913,-0.82820975,0.60266629,0.896852969,0.876344449,-0.362772875,0.305009734,-0.029972471,0.816758015,1.006853137,1.27481941,-1.087792199,0.446964247,0.850669837,-0.908581079,0.679576965,0.698137971,0.440735845,0.928942838,-0.066447519,0.17770655,-0.409544677,0.680488494,0.121929346,-0.393193506,0.182090773,-0.419219698
Equus_burchellii,FALSE,-0.003032215,0.496462709,0.470275142,0.951986362,0.301097779,-0.637571331,-1.069264967,0.001267779,0.850590715,0.876373295,0.986832164,0.377437195,1.090479726,1.089499233,0.498213855,-0.794057999,0.502430031,0.879045059,0.879463223,-0.364599793,0.047351361,-0.127644942,0.825241737,0.728940159,1.147126259,-1.054366004,0.425495034,0.858512871,-0.933479596,0.747416515,0.694985675,0.475357447,0.922605284,-0.014589296,0.217026063,-0.398889147,0.609395745,0.182498873,-0.381832346,0.360089911,-0.41984274
Equus_grevyi,FALSE,-0.16601731,0.371070254,1.695339972,1.368741929,0.406844365,-0.779755441,-1.450472754,0.004412383,0.789322345,0.816806144,1.1323366,-0.239217152,1.118478477,1.881427762,1.124345087,-1.711745248,0.547217371,0.967927427,0.873790368,-0.35344912,0.232829678,0.010266298,0.780580584,1.807993927,2.265207832,-1.434890665,0.365744832,0.964761925,-1.121580293,0.477476605,0.809989405,0.171372161,1.044116003,-0.024308893,0.34417181,-0.253746328,0.464404948,-0.001477366,-0.228469073,0.246769183,-0.277747984
Equus_hemionus,FALSE,-0.344029089,0.347145947,0.624816776,0.683617805,1.303391172,-1.269558779,-0.432967028,-0.481769658,0.880090911,0.902778763,0.685826709,1.117307964,1.035223863,0.321358328,1.502786052,0.500170189,0.770286619,-1.034373735,0.731709686,-0.37891236,1.336760221,0.048810635,0.846788057,0.184394593,0.127440914,-0.425012994,0.929765205,0.763190704,-0.473764709,-0.318387996,1.20153406,1.031121164,0.730964241,-0.749865868,-0.66134311,-0.6109478,1.109797917,-0.667865809,-0.636631872,-1.084053939,-0.07434749
Equus_kiang,FALSE,0.006656173,-0.306601997,-0.521375117,-1.241414515,-0.159443296,0.192700333,1.168748632,-0.497057882,-1.113245863,-1.059640763,-1.410631234,-1.461377439,-1.33332772,-0.911537602,-1.01892766,-0.338824958,-1.321268403,-0.884742454,-1.393727991,-0.03963942,0.394615625,0.344103689,-1.530439927,-0.631297897,-0.971994371,1.216762913,-1.441632956,-1.4283181,1.079328133,-1.199471143,-1.456310957,-1.489728855,-1.441586898,-0.645208542,-0.610831014,-0.422268472,0.046778665,-0.609939979,-0.449666091,-0.45945797,-0.461277074
Equus_przewalskii,TRUE,0.005108573,-0.553868198,-0.330390504,-1.131813493,0.002147786,-0.168925517,1.330357619,-0.514578998,-1.058820075,-1.013314264,-1.405293787,-1.167770486,-1.178102878,-0.926947745,-1.042617989,-0.01934036,-1.067024652,-0.599213084,-1.201976239,0.204221033,0.414405016,0.08144077,-1.41295796,-0.453367676,-0.99973397,1.378151381,-1.155692801,-1.430793778,1.267421268,-0.892112905,-1.467023479,-1.205921834,-1.432572931,-0.674514255,-0.573162497,-0.497237216,0.400719801,-0.589953209,-0.524805023,-0.412873817,-0.512487242
Equus_zebra,FALSE,-0.049998711,0.23820535,0.47047316,0.867888788,0.737148898,-1.008848307,-0.972388461,-0.224323932,0.606103647,0.63862743,0.837256296,0.043690313,1.048110916,0.763501422,0.535593605,-0.094125225,0.71576937,0.653206775,0.652709603,-0.351168089,0.540591815,0.244690036,0.646263396,1.201371145,1.198042991,-0.958211781,0.362723067,0.719366136,-0.778184813,0.441771966,0.630789084,0.294782503,0.773358385,-0.435081602,-0.482885201,-0.230641795,0.050165918,-0.500577488,-0.204761616,-0.472746106,-0.23798945
Eudorcas_rufifrons,FALSE,0.314691706,0.648601926,0.426298547,1.689561476,1.031944852,-0.767277045,-1.106949228,-0.059455947,1.588929937,1.594211301,1.478635665,1.364966491,1.118478477,2.235213033,1.404966583,-1.054109904,1.31610573,0.773292338,1.585150743,-0.374094882,0.149036393,-0.520243298,1.365734863,1.10019121,1.048067376,-1.133919981,1.467943193,1.237602933,-0.793947522,1.201439016,1.158523532,1.409029672,1.377569235,0.08823689,1.094789068,-0.639433387,1.981599156,0.839466403,-0.679817849,-0.717736133,-0.552702108
Eudorcas_thomsonii,FALSE,0.054503845,0.320032451,0.532183968,0.564776212,0.455291402,-0.835805948,-1.062172993,-0.149845569,0.536509028,0.571012609,0.789283112,0.03907676,1.077445025,0.592988925,0.675916994,-0.395436046,0.202234823,-0.11102994,0.628356138,-0.383526632,0.573301803,0.069732229,0.595288978,0.39252268,1.134273569,-1.048741135,0.087575751,0.779599911,-1.040593041,0.113812324,0.694852457,0.149035536,0.770653716,-0.333695526,-0.390649919,-0.171766533,-0.470660755,-0.424859145,-0.166661183,-0.279796294,-0.256855209
Gazella_bennettii,FALSE,0.234720244,0.704210601,-0.303001217,1.198626453,1.165839428,-1.072329381,-0.268232405,-0.391905523,1.328908086,1.341409389,0.934704665,1.749509811,1.118200311,0.864230324,0.699475311,0.372418614,1.341378726,0.958695451,1.028132082,-0.442012292,0.628857664,-0.429609896,1.175369733,0.958760448,0.094135669,-0.337136538,1.593738405,0.779573111,-0.068144377,1.565359307,0.903470412,1.576170559,0.898402299,-0.449658418,0.163109265,-0.580151284,2.252015138,0.019767789,-0.586692633,-0.376519739,-0.539581201
Gazella_dorcas,FALSE,-0.1901572,0.468142637,0.071801781,0.491177418,1.11130721,-1.215875279,-0.3938529,-0.469342042,0.771391643,0.799373318,0.611060698,1.062490451,0.958142166,0.153887539,1.471391287,0.556536581,0.603837649,-1.098119917,0.646705369,-0.405644436,1.338642408,-0.091814858,0.767323055,-0.167743516,-0.044305449,-0.394483962,0.881382866,0.743585062,-0.477410295,-0.374258099,1.195815397,0.958483615,0.676365514,-0.719958737,-0.727896696,-0.600709933,0.362104612,-0.722961684,-0.59917131,-1.053552671,-0.171891368
Gazella_gazella,FALSE,0.256249948,0.568941466,1.384961965,0.434659153,1.266725259,-0.905994435,-0.672337562,-0.311313336,0.749261037,0.777857205,0.665041734,0.808652749,1.052071682,0.222295824,1.23841759,0.145638294,0.201252632,-1.165034442,0.702317222,-0.330569778,0.66225695,0.477741588,0.751071415,-0.285789741,0.316473756,-0.649046175,0.52442365,0.838955007,-0.842085303,-0.325837605,1.082158361,0.690143331,0.745518786,-0.439696836,-0.144992638,-0.63910249,1.300933601,-0.161318617,-0.675336802,-1.107392848,0.634139401
Gazella_subgutturosa,FALSE,0.030266389,0.601570332,0.003360387,0.005345368,1.061690822,-1.079190978,0.283027655,-0.527897067,-0.10122028,-0.119334119,-0.136937876,0.084178063,-0.118189897,-0.310632609,0.467978719,0.68036287,0.301827589,-0.513532451,-0.177045313,-0.403777744,1.408264148,-0.093713302,-0.073997275,0.39343288,-0.31635786,0.276954917,0.154396453,-0.164059345,0.330562985,-0.569822647,0.177634146,0.108508783,-0.144008232,-0.803563392,-0.744486174,-0.608382582,0.76768712,-0.756308376,-0.636572482,-0.917285583,-0.377856001
Giraffa_camelopardalis,FALSE,-0.064776309,0.588402889,0.115114919,1.354368039,0.852996193,-1.050625056,-0.994039794,-0.263216085,1.109484873,1.128078826,1.111545887,0.666088811,1.118428256,1.426678933,0.825681977,-0.661610326,1.001688884,1.216185416,1.078389938,-0.39020901,0.457935507,-0.283224738,1.014772368,1.273325889,1.126965834,-0.985046061,0.888969474,0.933592231,-0.739910006,1.04898334,0.820754718,0.833554407,1.028808487,-0.396562755,-0.117618789,-0.546345797,1.569035648,-0.198314568,-0.555407029,-0.32064995,-0.475297845
Hemitragus_jemlahicus,FALSE,0.246526335,-0.230289489,0.30622636,-0.129514499,-0.554043673,0.830647976,-0.933818841,0.606511067,-0.122250466,-0.148476977,0.377401303,-0.603832794,0.079263156,0.044767679,0.13878315,-0.687628144,-0.592213619,-0.792815536,0.032538517,-0.155177368,-0.266701354,2.259863317,0.103724085,-0.339786337,0.656458162,-0.92076189,-0.69589171,0.427700245,-1.051186759,-0.592469269,0.329619753,-0.549241472,0.383031332,0.88151724,0.77104188,0.77617505,-0.10263534,0.782060772,0.899791943,0.959613308,0.748183291
Hippocamelus_antisensis,FALSE,-0.003359247,0.29205156,-0.33645646,0.464463634,0.375919417,-0.400172162,-1.182066094,0.17033565,0.324360323,0.282130013,0.747178996,-0.36745449,0.274095594,0.676933129,0.478383642,-0.927749188,-0.051119218,0.010731538,0.462179685,-0.386918591,-0.273163677,0.694480181,0.441415673,0.442694378,1.342578348,-1.1608257,-0.237416607,0.691411933,-1.126307818,-0.075526311,0.570530078,-0.198124506,0.698849538,0.082636473,0.16895732,-0.229555655,0.370389312,0.182537203,-0.221400017,0.042595269,-0.13308225
Hippocamelus_bisulcus,FALSE,0.014112115,-0.518639458,-0.077124305,-0.772947919,-0.825812751,0.965113478,-0.930793006,0.324929494,-0.752502106,-0.898682846,0.003005722,-1.339065728,-1.247924771,-0.670655436,0.103571353,-0.314564187,-0.987201956,-1.869699717,-0.428979837,-0.070527248,-0.631819145,1.781335591,-0.332833328,-1.013299922,0.400101337,-0.908224167,-1.402694752,0.231269797,-1.231076685,-1.536091329,0.188495508,-1.243884552,0.073630145,0.244311977,-0.15597935,1.008711806,-1.154054701,-0.093532465,0.953781059,-0.169464869,0.633897331
Hippopotamus_amphibius,FALSE,-0.003567018,0.618954321,-0.017106439,1.243500837,0.708295115,-0.934821495,-0.898483509,-0.167160586,1.107475096,1.126124854,1.048478536,0.798530016,1.118412333,1.231019809,0.676619383,-0.488856374,0.941563443,1.269081761,1.037929185,-0.386913935,0.304101787,-0.36972783,1.013301203,0.967646629,0.939738743,-0.887321769,0.893948566,0.915376628,-0.711060512,1.138915101,0.782430604,0.895405709,0.992354421,-0.297736845,-0.132127209,-0.492404854,1.019375766,-0.157090161,-0.491609334,-0.211540268,-0.422705299
Hippotragus_equinus,FALSE,-0.072780635,0.615012622,0.508407327,1.382554727,0.842619647,-0.721064757,-1.178514471,0.039898706,1.553277838,1.559549141,1.328723387,1.375929764,1.118478477,1.770115545,1.240805927,-1.196912652,0.907000907,0.461834059,1.520061322,-0.207044094,0.09103477,-0.468745731,1.339636009,0.278393772,1.117348487,-1.186803107,1.258260305,1.354712356,-1.094131819,1.117227648,1.186498342,1.312559499,1.367230812,0.065832407,0.647418284,-0.630870391,1.193050241,0.544526567,-0.643086693,-0.613888672,0.757544909
Hippotragus_niger,FALSE,0.322679903,0.677107464,-0.173397966,1.152378445,0.564449295,-0.707259956,-0.993798008,-0.06808095,1.084327592,1.103620079,1.087363771,0.718602973,1.11845722,1.260467625,0.680473298,-0.772043539,0.759581352,0.960893581,1.072585047,-0.414798662,-0.181507679,-0.382938529,0.996362876,0.807305595,0.894314064,-0.994950949,0.785422461,0.925605651,-0.795522636,0.97625616,0.801971159,0.793452472,1.019836529,-0.02660504,0.390470148,-0.573425423,1.2366705,0.384813953,-0.589392696,0.157512987,-0.308117761
Hyemoschus_aquaticus,FALSE,0.062150978,0.247113489,1.143479827,0.936323799,0.022704785,0.270319742,-1.331620778,1.007062112,0.998413525,1.020056265,1.095952386,0.420397021,1.111090601,1.392077364,0.794579458,-1.539692183,0.223491443,0.466582457,1.039933658,-0.259558389,-0.958856812,-0.146589209,0.933455847,0.082524417,1.60854069,-1.325299338,0.393869693,1.118470084,-1.319736337,0.686943489,0.88658158,0.48310383,1.103550158,1.012498842,1.051403716,0.039177661,0.197074577,1.035700058,0.167517858,0.727230224,0.645494599
Hylochoerus_meinertzhageni,FALSE,0.74427817,0.133472023,1.363451242,0.963407637,-0.709904689,0.660505092,-1.467812347,1.664695815,1.099972057,1.118792535,1.15843209,0.499690067,1.113146222,1.535925546,0.940441852,-1.816590656,0.143647544,0.437928419,1.138486382,-0.19779042,-0.991323229,-0.098240826,1.007794643,-0.165440057,2.075887581,-1.451370284,0.388879808,1.278345504,-1.547951181,0.735001271,0.99660652,0.528564364,1.206003051,1.509169028,1.071176458,0.926301996,-0.585470648,1.085763542,1.1514044,0.862420108,1.659542129
Kobus_ellipsiprymnus,FALSE,0.124347367,0.469448089,0.530461608,1.182439347,0.574059118,-0.578059932,-1.123714239,0.098704624,1.126954207,1.145063095,1.125722299,0.709660946,1.117166677,1.420311457,0.927504882,-0.960705671,0.727793248,0.772517935,1.127371919,-0.33501841,0.003407656,-0.266270186,1.027514801,0.650560866,1.196441253,-1.125433126,0.798069402,1.06152739,-0.978640665,0.908398281,0.915657625,0.797662085,1.102700084,0.138455187,0.445085706,-0.461664846,0.741521646,0.407338905,-0.438135969,-0.028699762,0.153767719
Kobus_kob,FALSE,0.161613747,0.515874924,1.080377628,1.614983575,0.82443912,-0.777888284,-1.191485322,-0.003471428,1.579943398,1.585474287,1.398477805,1.275362355,1.118478477,2.051843528,1.410343408,-1.180611047,1.156896339,0.767385547,1.544961284,-0.0171294,0.312879892,-0.551714654,1.359152059,0.828275816,1.244422696,-1.209557213,1.3675202,1.317971269,-0.971885418,1.198187562,1.194728073,1.325460497,1.386806135,0.057333456,0.705797011,-0.613775529,1.437353994,0.559414521,-0.639813261,-0.62538295,0.638007432
Kobus_leche,FALSE,-0.007955463,0.715722669,-0.543435684,1.599512026,1.36881601,-1.368204819,-0.690593997,-0.479414563,1.397548923,1.408144299,1.135276164,1.294160075,1.118219891,1.433518471,1.084219482,-0.110830164,1.490302656,1.5172166,1.241114352,-0.430013069,0.540137295,-0.505175018,1.225648481,1.380464623,0.660761017,-0.706059962,1.473255431,0.971645325,-0.416234707,1.481383159,0.946630307,1.389491597,1.075431881,-0.747711941,-0.491585171,-0.638011987,1.982303568,-0.560584219,-0.675812063,-0.844891745,-0.580781922
Kobus_megaceros,FALSE,-0.128805744,0.635461959,0.361590338,1.340265425,1.042530516,-1.159961153,-1.376382803,-0.232704408,1.455631877,1.464614483,1.352334421,1.025193941,1.118478477,1.915763045,1.138509146,-1.67761885,0.609753534,0.985146384,1.444388188,-0.338646826,1.067017072,-0.536513552,1.268214351,0.200366603,1.656451624,-1.379430914,0.939941307,1.382087789,-1.338170947,1.256380071,1.159514624,1.016678229,1.368657898,-0.500723229,-0.23324448,-0.635468656,1.62012876,-0.363991379,-0.658224729,-0.507836956,-0.012370253
Kobus_vardonii,FALSE,0.053068812,0.610636647,0.086064062,1.563796219,1.009791185,-0.854687718,-1.042163652,-0.116965159,1.448269553,1.457456586,1.315866025,1.17523884,1.118478477,1.87308933,1.271297451,-0.9451672,1.171273949,0.841689277,1.402391247,-0.354288058,0.113252792,-0.49593767,1.262771095,1.060723185,1.008844945,-1.072373739,1.296768553,1.142012372,-0.769936597,1.159628703,1.06193591,1.237813323,1.251727385,-0.082115732,0.511069054,-0.630210644,1.842730372,0.409600415,-0.659170105,-0.575653079,-0.029510044
Lama_glama_guanicoe,TRUE,-0.070484001,-0.390567706,-0.154238059,-0.362759878,0.654195989,-0.639957491,-0.860159508,-0.28757646,-0.461545281,-0.612682129,0.172405299,-1.056525437,-0.624374455,-0.409923159,0.322139932,-0.001301162,-0.437489627,-1.377565132,-0.227294463,-0.189466458,-0.010113717,1.059727536,-0.128223588,-0.112729041,0.604403496,-0.833345018,-0.901880386,0.280369168,-0.976837904,-1.203239107,0.298989066,-0.855393224,0.19254653,-0.541572034,-0.648952743,-0.102778431,-0.499702162,-0.637807784,-0.13595032,-0.745393884,-0.106074097
Litocranius_walleri,FALSE,-0.309038441,0.608444984,1.107126079,1.24583692,0.644138604,-0.922786411,-1.352823929,-0.077863684,1.011220177,1.032542613,1.128913802,0.276170612,1.118478477,1.656863043,0.929124641,-1.486638597,0.57072143,0.879401606,1.06459921,-0.375822249,0.287176803,-0.052738019,0.942797809,0.807127624,1.890540015,-1.346892659,0.529612098,1.133977292,-1.253921477,0.760897584,0.882544465,0.493467719,1.118080479,-0.25069449,0.138701982,-0.496538364,0.89262751,-0.170595199,-0.497247239,-0.150217933,-0.489795508
Madoqua_guentheri,FALSE,-0.421124409,0.456112619,0.684810072,1.321392756,0.575660216,-0.748787057,-1.420432814,0.059800078,1.113918186,1.132389041,1.246830654,0.356401212,1.11743993,1.862667824,1.075959653,-1.730523523,0.584070649,0.959870646,1.154187642,-0.339792909,0.467664765,-0.021532955,1.018005975,0.859976078,1.921176486,-1.414694958,0.62471654,1.169244629,-1.242151861,0.847496769,0.972631543,0.573257494,1.201279507,-0.037907836,0.181801989,-0.418822324,0.726474359,-0.008362931,-0.351670401,-0.190690867,-0.276049613
Madoqua_kirkii,FALSE,0.051568936,0.51389878,0.451820073,1.048522944,0.505878325,-0.788025839,-1.092385261,-0.084575775,0.896793856,0.919991982,1.003529329,0.387150563,1.088384095,1.182963036,0.559317634,-0.814358559,0.596154701,0.968371995,0.921957591,-0.382381499,0.372864245,-0.077269466,0.859065341,0.799966969,1.237853849,-1.073076276,0.501405063,0.908272029,-0.954496697,0.796258292,0.721389911,0.520135165,0.954524667,-0.162911511,0.070698109,-0.423701985,0.722207086,-0.002520075,-0.411978279,0.095219644,-0.44309099
Madoqua_saltiana,FALSE,0.085330314,0.548366743,0.407769129,1.145754774,0.617440383,-0.432058302,-1.220793629,0.24884919,1.075995039,1.095518894,1.159301501,0.537892561,1.118298218,1.549487244,0.84480074,-1.406956695,0.483509811,0.799230998,1.097466567,-0.353486413,-0.155273247,-0.251710325,0.990258131,0.580255442,1.334575596,-1.221181612,0.617869147,1.045766263,-1.072801125,0.869720449,0.875930335,0.637854816,1.10243701,0.285704921,0.511846957,-0.557637207,0.717473518,0.459078797,-0.521716991,0.284233246,-0.498297296
Mazama_americana,FALSE,0.07654347,0.091412519,1.151792119,0.839137809,-0.85658097,1.213911971,-1.331243946,2.428028464,1.210544949,1.226324512,1.134868981,0.82603984,1.117105621,1.192801889,0.825623658,-1.194536572,0.31450327,0.339783171,1.230655398,-0.274435451,-1.079754522,-0.252682541,1.088750435,-0.57232029,1.590142235,-1.312739199,0.57342494,1.327026688,-1.497314092,0.927331025,1.029985251,0.765560426,1.214284575,2.31640179,1.900331298,1.472367084,-0.540012363,1.942891156,1.718950227,0.70094155,2.515567063
Mazama_gouazoubira,FALSE,-0.08939064,0.254027499,0.797785932,0.883903171,-0.614233276,0.754099028,-1.28522747,1.709681066,1.176134372,1.192877691,1.130837831,0.803364716,1.112808132,1.176936869,0.7152288,-1.092987323,0.362334705,0.567774665,1.186667024,-0.27668957,-0.715890926,-0.412951016,1.063525685,-0.341717204,1.477475646,-1.270441813,0.591006455,1.251034428,-1.379018901,0.953432354,0.980309378,0.751949006,1.181071728,1.67911677,1.378839082,1.028862046,-0.335602843,1.467847143,1.13784478,0.695302404,1.708243411
Mazama_nana,FALSE,-0.050858335,0.211781447,0.782032169,1.020635597,-0.894700981,1.322911898,-1.475865508,2.849083036,1.339095457,1.35131389,1.280722181,0.851437299,1.118478477,1.545317835,0.969623333,-1.707620242,0.24785783,0.475455469,1.339643327,-0.193759202,-1.041749838,-0.407181823,1.182888013,-0.406655055,1.946143793,-1.458739878,0.622432004,1.400250031,-1.568721559,1.028763153,1.11356203,0.800355292,1.328596569,2.699339732,2.125123835,1.896968105,-0.454453647,2.284147813,2.023397024,1.363651407,2.593431528
Mazama_pandora,FALSE,-0.234252616,-0.399065226,0.844654793,1.033777193,-0.435412799,-0.079666978,-1.18885378,0.478871473,1.286993561,1.30065869,1.16692832,0.910802887,1.118478477,1.182501196,1.076957167,-0.767471641,0.638298403,0.761773041,1.279928506,0.622691659,1.222148272,-0.48214924,1.14468978,0.008463191,1.164359695,-1.168973922,0.791484486,1.226137976,-1.214549111,1.140809541,1.075024018,0.917696215,1.190632266,0.655273899,0.74593246,0.289412611,-0.082848316,0.609632272,0.278688854,0.502546897,0.045227604
Mazama_rufina,FALSE,0.056940932,-1.397099681,0.056632815,0.290253617,-1.217284677,1.052871734,-1.520790448,2.128551477,0.264492049,0.286173585,0.770643702,-0.579614499,0.522621978,0.997077089,0.425959875,-2.079880044,-0.740968939,-0.251006883,0.430610698,1.036421371,-0.485533914,2.037313736,0.396199974,-0.445994635,2.291404314,-1.497044131,-0.694048265,0.860668207,-1.659313999,-0.191173819,0.562223475,-0.51374941,0.7890936,1.520974465,0.987777329,1.569671787,-0.688589671,1.010954252,1.697389027,1.315118648,1.601526201
Mazama_temama,FALSE,-0.070646195,-0.250474406,1.425195609,0.796211645,-0.418579605,0.86456809,-1.272186905,1.746009497,1.160067905,1.177257336,1.110580497,0.795183413,1.116803909,1.068936047,0.803158316,-1.058243036,0.241002153,0.4721578,1.184434228,0.080118365,0.104088544,0.175926127,1.051788778,-0.423169778,1.331140129,-1.256533441,0.525619055,1.238490739,-1.403581631,0.953812102,0.988268831,0.719237723,1.158736193,1.843318945,1.787323874,0.796811582,-0.10866387,1.760505558,0.861574838,1.450851228,0.860107893
Muntiacus_muntjak,FALSE,0.096763237,0.158571153,0.729491542,0.620539382,0.031690311,0.986509053,-1.031324127,1.368004737,1.028787279,1.039608094,0.992424496,0.899377722,1.006663712,0.967231921,0.475395647,-1.067357128,0.040192079,0.143634276,1.016921166,-0.259668313,-0.457747267,0.680218348,0.955749598,-0.522098797,0.754163172,-1.035319357,0.504166629,1.027236914,-1.120133492,0.898983897,0.804864621,0.721568751,1.008379656,1.735120609,2.429065037,0.136571827,0.644574299,2.367863601,0.248797991,2.127803699,0.23180801
Muntiacus_reevesi,FALSE,-0.022937265,-0.554518825,0.541957405,-0.873948345,-0.814149396,0.949985449,-0.691280138,0.022991536,-0.42805975,-0.610323345,0.048031739,-0.558725755,-0.49889831,-0.738162076,-0.451805151,-0.286029057,-1.04203699,-1.885947322,-0.263029801,0.133564417,-0.49385786,-0.152180018,-0.133781828,-1.661023107,-0.299541407,-0.664976797,-0.957117867,0.331604699,-1.084604358,-1.197748961,0.115243518,-0.6948978,0.152496823,-0.034053191,-0.436213592,0.743004374,-1.43230083,-0.389683282,0.679684595,-0.251076362,0.24389171
Nanger_granti,FALSE,-0.244064047,0.335386807,1.484932041,1.327757973,0.606617121,-0.898577671,-1.389493443,-0.070206471,0.939805194,0.963110586,1.144015631,0.084919414,1.118478477,1.783613543,1.012017332,-1.600681216,0.601388267,0.962741795,1.00721751,-0.350339599,0.604956756,-0.008384508,0.890496905,1.267048978,2.088028977,-1.383876383,0.492649079,1.075809876,-1.195926377,0.670861202,0.86306321,0.388936468,1.096998808,-0.205615574,0.16731638,-0.35769079,0.828846024,-0.170105276,-0.339090728,-0.104714218,-0.355179717
Nanger_soemmerringii,FALSE,-0.070889295,0.779216167,-0.450408523,1.302109856,0.701571441,-0.732687001,-1.005806435,-0.116731491,0.966709697,0.989268041,1.11558439,0.431519651,1.114652253,1.442036464,0.740704422,-0.647711288,0.961702334,1.088668016,0.969104808,-0.418199893,-0.136053451,-0.437148557,0.910276148,1.58743688,1.047693689,-0.997453067,0.753472943,0.786653209,-0.620601649,0.847964187,0.728484351,0.651109627,0.963220104,0.028811579,0.32731825,-0.583202725,0.910700154,0.349498338,-0.598215189,0.013343828,-0.546498937
Neotragus_batesi,FALSE,0.101620964,0.181723795,0.714892606,0.832558672,-0.627975595,0.877135098,-1.422085339,2.035562249,1.215724853,1.231238201,1.148212092,0.79188894,1.115425174,1.355747634,0.829409531,-1.708257803,0.062762406,0.286955725,1.233391105,-0.287764789,-1.074822371,-0.414922301,1.092555704,-0.69398792,1.873579971,-1.408525054,0.455717346,1.370973033,-1.635154495,0.868292716,1.050449978,0.695554096,1.247798366,1.715505924,1.537263739,0.812081981,-0.378536892,1.449954509,1.060887729,1.04100941,2.014884351
Neotragus_pygmaeus,FALSE,0.056921948,0.273569058,1.138059457,0.970316395,-0.144239603,0.326582778,-1.42379764,1.200434619,1.08871469,1.107853781,1.157704357,0.505662263,1.115416344,1.522376848,0.866567859,-1.767203363,0.163604951,0.484109456,1.126425258,-0.265198184,-0.770331498,-0.140904097,0.999560882,-0.088058158,1.854628041,-1.413182974,0.407264006,1.229858671,-1.46784625,0.759850709,0.961822206,0.537135274,1.184444089,1.087092511,0.987749415,0.178940834,-0.038122177,0.932887373,0.358128475,0.79359988,0.702143666
Odocoileus_hemionus,FALSE,0.041878722,0.437057753,-0.093910142,-0.013385161,0.434955341,-0.317400231,-0.2804974,-0.236631426,-0.388914673,-0.471057476,0.130048641,-0.598531193,-0.292790853,-0.30437761,0.578612504,0.718593597,0.335098889,-0.651445156,-0.260430372,-0.247458507,0.173165974,0.867706809,-0.052870732,1.10360395,0.186630761,-0.291146716,0.035986072,0.069915701,-0.075159242,-0.926955003,0.356858599,-0.258634072,0.084976212,-0.176219899,-0.245071268,-0.098334154,-0.440549365,-0.211553796,-0.071520535,-0.546177586,0.295229139
Odocoileus_virginianus,FALSE,-0.045334368,0.260005055,-0.040556521,0.137867795,-0.848391538,0.502692473,-0.125317127,0.071623616,0.064379785,0.005902975,0.214100269,0.328119973,0.16856094,-0.106583047,-0.06986765,0.417437485,0.293551002,0.25066106,0.092874246,0.018456642,-0.409525357,0.123855021,0.268154083,0.193436405,-0.040580555,-0.141075287,0.28435948,0.215982879,-0.120364915,0.138106532,0.220299767,0.318289946,0.221667884,0.546454957,0.176399904,1.021209012,-0.874796729,0.19632264,1.022581004,0.519338857,0.431387366
Oreamnos_americanus,FALSE,0.10007019,-0.079418611,-0.411951797,-0.849441761,-0.799196095,1.164486896,-0.140247196,0.055026089,-0.965599702,-0.97760912,-0.40217361,-1.317920443,-1.129025275,-0.798962038,-0.182156831,0.076452229,-0.790990659,-1.492868245,-0.9611573,0.126704563,-0.026549433,2.299315426,-0.622178959,-0.352066168,-0.354296904,-0.155842479,-1.003151913,-0.314121691,-0.2055918,-1.719460007,-0.067643572,-1.101494243,-0.364121611,0.425505477,0.147230143,0.748321058,-0.913518514,0.183647869,0.776508534,-0.03276059,0.857643033
Oreotragus_oreotragus,FALSE,0.033299166,0.33459823,0.232426064,0.971818137,0.875649655,-1.077376545,-0.858243722,-0.318886846,0.819037236,0.844853965,0.880779581,0.477141119,1.053312141,0.846650904,0.491499792,-0.153871174,0.771359654,1.011782812,0.797369716,-0.383869018,0.65201639,0.043858615,0.80214718,0.946456537,0.887625728,-0.838389442,0.592079463,0.777721728,-0.712231438,0.815309725,0.658325446,0.606187461,0.832223122,-0.519210278,-0.45463091,-0.469298483,0.558546753,-0.467257856,-0.47887355,-0.39435072,-0.46003357
Oryx_beisa,FALSE,-0.157146526,0.519063388,0.973186022,1.314602652,0.917104096,-1.12599369,-1.287045477,-0.255766894,1.043101761,1.063538952,1.164241528,0.385386243,1.118478477,1.574476187,0.795159571,-1.138950668,0.694014955,1.112257643,1.093544077,-0.408285208,0.710384741,-0.121875936,0.966244615,1.163675202,1.834138808,-1.278720363,0.61691354,1.084348345,-1.127714792,0.86835634,0.869950545,0.581613023,1.110503281,-0.471778827,-0.140368712,-0.538812312,1.2456431,-0.407251824,-0.555177659,-0.341888376,-0.539570184
Oryx_gazella,FALSE,-0.015028205,0.651329421,-0.429156145,1.469968005,1.477944877,-1.459990666,-0.675769074,-0.534948583,1.204651238,1.220602739,1.030919212,1.029343521,1.11655918,1.214415296,0.820789585,0.076117718,1.385369929,1.488111205,1.056994938,-0.42236642,0.825487231,-0.418174499,1.084436291,1.505716846,0.701248764,-0.661429973,1.242110867,0.854254928,-0.400262662,1.308778043,0.79106661,1.171738427,0.957824382,-0.872394054,-0.732374326,-0.635836025,1.83877793,-0.781667564,-0.672730144,-0.905018841,-0.594587452
Oryx_leucoryx,FALSE,0.468161849,0.691123643,-0.492973699,0.976818615,1.537236027,-1.489415768,-0.555753429,-0.557411615,1.089722418,1.107132868,0.843907028,1.190195684,1.084481368,0.62976935,1.630700607,0.329289462,1.011249192,-0.326938882,0.934471938,-0.449131725,0.996727963,-0.366634096,1.000298324,0.470571809,0.331710019,-0.540183481,1.0875979,0.874215714,-0.528110438,0.173124843,1.271693653,1.167829957,0.869344586,-0.930089,-0.893848144,-0.639418529,1.086089146,-0.902596724,-0.677591519,-1.112205427,-0.425037892
Ourebia_ourebi,FALSE,0.081593309,0.530686335,0.846174623,1.585056753,0.80692182,-0.758889178,-1.239030418,0.012408683,1.548239323,1.554650529,1.3860317,1.19328136,1.118478477,2.031345263,1.350762693,-1.275065598,1.097687972,0.781153824,1.515612155,-0.110903858,0.24902033,-0.532851114,1.336009659,0.785485087,1.338627739,-1.2504547,1.297069798,1.327398023,-1.030636016,1.168863145,1.178651468,1.257031613,1.386991528,0.068591164,0.647086803,-0.623698266,1.379814625,0.527836163,-0.64684285,-0.571695782,0.749442326
Ovibos_moschatus,FALSE,0.160604739,-0.004992932,-0.675172059,-1.329143929,-0.035180687,0.382560023,0.7845804,-0.478711229,-1.068934039,-1.021042133,-1.231657742,-1.458112457,-1.319388346,-0.901030987,-0.933592869,-0.689934133,-1.60960651,-1.644499101,-1.495753291,0.150925139,0.702100453,0.108462827,-1.451502247,-1.384749256,-1.063522609,0.840338279,-1.691866436,-1.163899671,0.545654997,-1.665581166,-1.3066735,-1.609558644,-1.234660055,-0.668182035,-0.709495433,-0.32629203,-0.289817177,-0.702415865,-0.361819329,-0.671648768,-0.390654297
Ovis_ammon,FALSE,0.02014623,-0.307662904,-0.309672339,-1.082315557,-0.06571036,0.117817153,0.995911667,-0.484658076,-1.012349545,-0.975804287,-1.158629306,-1.078323967,-1.112578505,-0.890173129,-0.976167749,-0.074519039,-1.06524789,-0.674417093,-1.149104729,-0.016554615,0.486352007,0.188843782,-1.218151316,-0.655063159,-0.92987977,1.028454382,-1.123717367,-1.151479451,0.894985213,-0.893428285,-1.194397364,-1.143665282,-1.171375016,-0.621104262,-0.614700364,-0.345362288,-0.075721819,-0.617726301,-0.378191173,-0.469552505,-0.422883973
Ovis_aries_orientalis,TRUE,0.027614911,-0.056613206,-0.194478265,-0.765218034,0.403987501,-0.322491311,0.762761274,-0.506389522,-0.673364463,-0.652975302,-0.885455137,-0.80877229,-0.807899273,-0.656571815,-0.255125837,-0.00746212,-0.727683916,-1.017073779,-0.896662091,-0.055813795,0.876897506,0.343334122,-0.933811548,-0.50725431,-0.754139055,0.799168768,-0.820228656,-0.857559526,0.677289448,-1.124049134,-0.66703343,-0.845479861,-0.888691326,-0.716803361,-0.702661139,-0.496691484,0.061603008,-0.702271133,-0.518108003,-0.747591877,-0.385598509
Ovis_canadensis,FALSE,-0.03247477,0.284723684,-0.29216525,-0.093466948,-0.817017378,0.541727566,0.001466361,-0.104728712,-0.244457782,-0.29686853,0.005782547,-0.080746381,-0.175486126,-0.356269894,0.043293632,0.564711023,0.157609478,-0.230798061,-0.245689057,-0.006902456,-0.442335007,0.372890112,-0.00352972,0.348162181,-0.209299893,-0.019323332,0.0392668,-0.01454979,0.045827462,-0.441663348,0.179167219,-0.010990832,-0.000630296,0.373399465,-0.095392845,1.169992071,-1.139800103,-0.056723591,1.143894217,0.2251618,0.510923804
Ovis_dalli,FALSE,0.01270545,0.142215097,-0.494303366,-1.130862472,-0.686815855,0.821834132,0.575281158,-0.352765466,-1.07820367,-1.039485307,-0.930993781,-1.312035103,-1.295794158,-0.920367032,-0.844550044,-0.111601396,-1.128024284,-0.73208687,-1.239398369,0.03050071,0.428170018,1.185194248,-1.063295712,-0.580816802,-0.785612982,0.58166576,-1.237019842,-0.913194115,0.486494871,-0.955195054,-0.777627733,-1.262846891,-0.921572769,-0.28694043,-0.357354358,0.090397176,-0.513158749,-0.366969097,0.076685997,-0.121047289,-0.142615481
Ozotoceros_bezoarticus,FALSE,-0.058447389,0.04788496,0.576425339,0.86429877,-0.328902637,0.235792921,-1.120096712,0.777483685,0.902609879,0.914709196,1.004437106,0.474302318,0.928695514,0.911761837,0.394451248,-0.582157129,0.533257265,0.889016896,0.928441984,-0.232015435,-0.542181827,-0.419721441,0.863588595,0.360636507,1.195768284,-1.107728461,0.47780643,0.969366484,-1.055710933,0.786944466,0.752053752,0.533348802,0.978845403,0.996438715,0.83701219,0.352996558,-0.163751586,0.909093359,0.418762095,1.072041795,0.099634287
Pecari_tajacu,FALSE,-0.032933125,0.263471022,0.650662438,0.784717245,-0.201774284,0.209585992,-1.015914775,0.909509448,0.916482236,0.930963654,0.939118686,0.635332307,0.982867873,0.846225471,0.678067902,-0.505537377,0.504177139,0.577698941,0.916611752,-0.197830015,-0.272272505,-0.044879384,0.874075982,0.157001108,1.13028787,-1.001156111,0.551689297,0.986502863,-1.032126656,0.810165369,0.831472155,0.646111715,0.953396707,0.93821967,0.873350047,0.484657119,-0.121983509,0.890435863,0.562801106,0.558038887,0.895704994
Pelea_capreolus,FALSE,-0.187103786,-0.347492226,0.560745914,0.558776003,-0.181589644,-0.033857787,-1.141817352,0.579006779,0.532778429,0.546693695,0.801154747,-0.048764399,0.843314063,0.722429764,0.699603038,-0.741308286,0.151342518,-0.043958487,0.629241643,0.284020209,-0.200780308,0.405979788,0.592642047,0.243056113,1.371437451,-1.128546434,0.036145732,0.828068272,-1.142007068,0.114380522,0.71098161,0.089757228,0.79947642,0.457711441,0.254856278,0.238453834,-0.536497185,0.267452564,0.3816895,0.267696186,0.392388231
Phacochoerus_aethiopicus,FALSE,0.028781274,0.562196881,0.396175665,1.149140043,0.447220305,-0.431855527,-1.181549186,0.290291687,1.090833934,1.109926921,1.125960363,0.606519998,1.108072576,1.43319353,0.877299837,-1.099299652,0.632682694,0.729835062,1.093805004,-0.35806212,-0.135179416,-0.272219871,1.001120638,0.629573974,1.352432922,-1.176223949,0.69216326,1.06020808,-1.045159273,0.839989778,0.896895646,0.706396619,1.099827129,0.291223243,0.475151922,-0.393736569,0.567272807,0.442450741,-0.340497872,0.051403939,0.272659849
Phacochoerus_africanus,FALSE,0.021629897,0.569118663,0.442458555,1.248382569,0.539398928,-0.626510182,-1.127436038,0.049023955,1.167533895,1.184463658,1.16848017,0.747885191,1.114331445,1.528357973,0.951190429,-1.002629977,0.790480649,0.714424085,1.171994241,-0.345219267,0.054276247,-0.30933848,1.057254776,0.774710051,1.18203569,-1.132133515,0.85272395,1.061703139,-0.943601847,0.874874311,0.924488455,0.840699144,1.127454004,0.109687261,0.526342635,-0.495196764,0.915470543,0.467831157,-0.487241022,-0.091208297,0.096589633
Philantomba_maxwellii,FALSE,0.161178632,0.04711597,2.38354573,0.868010673,-0.198958254,0.7061308,-1.432697888,1.407720532,0.846153837,0.872059615,1.024946514,0.116493521,1.11055819,1.395384639,0.896003094,-1.709247498,0.119283576,0.255607018,0.910850431,-0.232675059,-0.731331694,0.268718063,0.821994982,0.132140839,1.90194589,-1.415367953,0.20622026,1.10694475,-1.424667195,0.420079079,0.868420905,0.255572755,1.064447106,1.465510563,1.337385597,0.377395076,-0.158564934,1.328733109,0.574045651,0.682829636,2.216047812
Philantomba_monticola,FALSE,0.228026962,0.268266058,0.843927083,0.9471055,-0.568990387,0.372894986,-1.409984209,1.208040528,1.062157856,1.081859265,1.136920126,0.48429135,1.110536437,1.456923533,0.861728888,-1.65216524,0.189084415,0.50971139,1.102841873,-0.244708523,-0.897548553,-0.174596759,0.980111409,-0.052735575,1.889984924,-1.395732086,0.393259486,1.214794531,-1.455688049,0.738030373,0.953901108,0.523136435,1.16614513,1.121807561,0.736770987,0.552156219,-0.472874619,0.781812741,0.756162548,0.695319571,1.043055793
Potamochoerus_larvatus,FALSE,-0.027810274,0.440856807,0.318209146,0.917999836,0.581373608,-0.545898832,-1.088883678,0.231082544,0.996939527,1.01865849,1.013709751,0.646880967,1.118179398,1.090505383,0.548992578,-0.880815086,0.428418411,0.726033309,1.000696366,-0.320725314,0.143424976,-0.126883655,0.932385229,0.217675622,1.157053108,-1.075152121,0.524478785,1.010974243,-1.08413301,0.852362658,0.795671261,0.649736622,1.008797277,0.054990145,0.18890046,-0.377068537,0.522700652,0.15844687,-0.336844015,0.231415247,-0.315367833
Potamochoerus_porcus,FALSE,0.196714054,0.370320804,1.604554931,1.156362693,-0.336054911,0.416538564,-1.416274585,1.393376435,1.288815689,1.302430224,1.230372072,0.767651224,1.118478477,1.662978447,1.08576759,-1.649342026,0.440327042,0.596119792,1.293677504,-0.284986256,-0.606191422,-0.245309276,1.146036151,0.018656819,1.912497589,-1.405854663,0.701904633,1.351412662,-1.448683314,0.939110929,1.090680709,0.795592075,1.289445074,1.315727822,1.060989375,0.662087443,-0.217941364,1.040853959,0.842677776,0.642397504,1.801979355
Procapra_picticaudata,FALSE,0.085656839,-0.178649942,-0.505842402,-1.110741035,-0.491281912,0.438203962,1.100237698,-0.448561367,-1.047140372,-1.005284259,-1.223277986,-1.096721172,-1.141430276,-0.906570687,-1.025273519,-0.067326423,-1.081602374,-0.645680076,-1.152139533,0.045461844,0.050400835,0.270005429,-1.264695708,-0.537600351,-0.937670205,1.112173975,-1.124936266,-1.244052862,1.024477168,-0.869073965,-1.299072364,-1.165300324,-1.244741909,-0.472514116,-0.431286576,-0.298509525,-0.008742572,-0.433268557,-0.32700753,-0.17294645,-0.402380661
Pseudois_nayaur,FALSE,-0.030665744,-0.099522417,-0.181654239,-0.612804042,0.318953586,-0.383738563,-0.215499887,-0.365533757,-0.974474675,-0.966200823,-0.28070356,-1.457172411,-1.24187684,-0.543742198,-0.669765045,-0.380724288,-0.853987903,-0.442340945,-1.034139011,-0.106224869,0.518864414,1.578992381,-0.672305875,0.708118874,0.045008846,-0.217512336,-1.275367439,-0.515425144,-0.098044898,-1.020463674,-0.493600988,-1.269741062,-0.402976063,-0.443637519,-0.24942657,-0.557098491,0.809067184,-0.263739616,-0.53699567,0.067404367,-0.483644977
Pudu_puda,FALSE,0.115155617,-0.621103097,0.061242216,-0.351831151,-0.572837341,1.485011047,-0.906696675,0.910751198,-0.395150968,-0.547864377,0.16666996,-1.053633788,-0.513286921,-0.48085599,0.773177635,0.215341102,-0.292719901,-1.931932762,-0.149209648,0.151477982,-0.665017897,1.515022999,-0.084545721,-0.327783376,0.574296444,-0.886555627,-0.770208831,0.398839497,-1.05855165,-1.415541921,0.464414281,-0.798747238,0.251241144,1.268038845,1.183440037,1.027505216,-0.28241286,1.260065518,1.120832417,-0.141643835,2.635400744
Rangifer_tarandus,TRUE,-0.126735777,-0.023959718,-0.55773869,-1.064991222,-1.292921321,1.225483992,-0.294467887,0.112073381,-1.038351092,-1.029123056,-0.407486247,-1.406441329,-1.358025315,-0.842288358,-0.60704433,-0.470241022,-1.304558102,-1.285089663,-1.02954087,-0.144974959,-0.058726422,1.392691001,-0.737476113,-0.869240312,-0.404790639,-0.276219449,-1.508911105,-0.344648304,-0.489160579,-1.433547183,-0.350541709,-1.384108831,-0.406778729,0.227176274,-0.116864694,0.829440465,-0.516020638,-0.086660357,0.773300709,0.157799276,0.363316362
Raphicerus_campestris,FALSE,-0.022646195,0.688726979,-0.479018287,1.497554513,1.284867427,-1.354418818,-0.724678985,-0.47605105,1.300143636,1.313443631,1.098151969,1.156090596,1.113963712,1.325029522,0.952058643,-0.100858148,1.378537219,1.474629374,1.167625206,-0.437607909,0.521438684,-0.452272449,1.154332849,1.350168286,0.711370079,-0.731630922,1.303991409,0.93221516,-0.470024976,1.391731016,0.888951431,1.249297536,1.033572689,-0.74522755,-0.532450281,-0.613742678,1.887046204,-0.595107701,-0.64737109,-0.762877875,-0.577970364
Raphicerus_melanotis,FALSE,0.055837353,0.412909639,0.184478415,0.267944058,0.368697176,-0.529758714,-0.943494746,-0.105943433,0.361413502,0.400778902,0.648587915,-0.040149454,0.960628358,0.079806849,1.017247554,0.230888781,0.204713235,-1.112918494,0.498142783,-0.431704278,0.298556329,0.51880395,0.466969656,0.119304161,0.758290328,-0.921371689,-0.012373131,0.687186703,-0.975068737,-0.442028916,0.784748075,0.051342544,0.64573814,-0.175478353,-0.354791684,0.151459223,-0.64469489,-0.309633349,0.132660161,-0.644005151,0.416465962
Raphicerus_sharpei,FALSE,0.227034694,0.614810516,-0.400728889,1.429203899,1.103365279,-1.19548407,-0.813224082,-0.371167027,1.382763758,1.393769669,1.147129656,1.283296193,1.118437582,1.34920257,0.909329311,-0.374205645,1.193445142,1.439028684,1.270145694,-0.43097826,0.308778173,-0.402275217,1.214811761,0.925382852,0.73140911,-0.829444154,1.250431838,1.03646892,-0.651320886,1.455316767,0.941531307,1.271349935,1.110120333,-0.573034829,-0.319057852,-0.60046566,1.81062867,-0.361979734,-0.626413171,-0.449926725,-0.569008924
Redunca_arundinum,FALSE,-0.304958759,0.506770807,-0.236803112,1.380388315,0.949905365,-1.086550665,-0.761888237,-0.316896667,1.263116487,1.277320588,1.093210799,1.125777507,1.100093584,1.290732307,0.80183853,-0.263744462,1.200184984,1.333959424,1.152972586,-0.394179187,0.340684038,-0.453043851,1.127236559,1.096939964,0.689276707,-0.779305215,1.196745452,0.933902241,-0.541639504,1.308868548,0.852854025,1.174449903,1.033647425,-0.463240735,-0.190147327,-0.5789403,1.54238134,-0.231032133,-0.608760733,-0.378141169,-0.563662632
Redunca_fulvorufula,FALSE,0.067047528,0.428057819,0.559135475,0.700990752,0.029676641,-0.565492719,-1.017275323,-0.025420733,0.543262433,0.572088305,0.816458139,0.022437161,0.956326625,0.775645622,0.302024,-0.579041542,0.326996816,0.615081974,0.604778658,-0.373928888,0.323359183,0.17688256,0.600263134,0.768412026,1.123736882,-1.003033913,0.117679323,0.691661986,-0.897402162,0.368421697,0.536527461,0.163505336,0.74999127,-0.039252188,-0.016036707,-0.292498371,-0.00933991,-0.025209108,-0.261886221,0.283236077,-0.369256056
Redunca_redunca,FALSE,0.179894099,0.659781731,0.10117462,1.515397739,1.077990078,-0.864484244,-1.068676942,-0.083193792,1.563046272,1.569046338,1.285141033,1.40446702,1.118478477,1.710309233,1.216882415,-0.82203524,1.185046178,0.464559432,1.486269138,-0.378871678,0.239064689,-0.402047671,1.34679052,0.672501369,1.03805001,-1.067827805,1.398204507,1.294167126,-0.918575312,1.028931599,1.145370819,1.402662065,1.327824567,-0.07966055,0.513652196,-0.629083287,1.118213178,0.406445925,-0.648335024,-0.721981936,0.94234932
Rhinoceros_unicornis,FALSE,0.159681328,0.415811629,0.105975283,0.935604764,0.738700488,0.249834328,-0.734558861,0.953369956,1.254108741,1.268686972,1.024770853,1.364300638,1.116179663,0.977685252,0.608387548,-0.409367134,0.681559138,0.601042735,1.122077603,-0.351059569,-0.159514507,0.063877677,1.120666355,0.146204742,0.49990458,-0.758660486,1.05389853,0.983030797,-0.703003342,1.297388283,0.912808916,1.184356049,1.022159919,1.290530021,2.784599195,-0.512021987,1.344054337,2.432362646,-0.450697021,1.192338611,0.114097778
Rucervus_duvaucelii,FALSE,0.367241202,0.465598682,0.836598336,0.741928955,0.397925709,0.580133786,-0.846544252,0.783259224,1.184434919,1.200824529,1.010725607,1.244036111,1.100540797,0.924992851,0.567878094,-0.679591209,0.376449225,0.262719313,1.105681709,-0.336767676,-0.111246244,-0.211919714,1.069641686,-0.359739266,0.439200571,-0.865769686,0.865537755,1.031716383,-0.893128507,1.127333809,0.882940766,1.032691899,1.026844253,1.285288334,2.201698945,-0.350237272,1.019894064,2.120068131,-0.212480013,1.644170207,-0.116000967
Rupicapra_pyrenaica,FALSE,0.01703809,-1.256071784,-0.053014512,-1.036640106,-1.778866021,1.926967698,-0.866057014,0.687862828,-0.641750634,-0.764858471,0.029927052,-0.872466264,-0.879903179,-0.77798294,-0.145979547,-0.600259769,-1.381665234,-2.149014601,-0.333037565,1.659274303,-0.606740371,0.385794435,-0.264151096,-1.843546517,-0.148842221,-0.824431421,-1.337666295,0.31486967,-1.306743326,-1.494341161,0.195633317,-1.023198656,0.124824925,0.698370359,0.102196548,1.671898229,-1.288724326,0.156088198,1.530237188,0.235814358,0.988961391
Rupicapra_rupicapra,FALSE,0.051379991,-0.126471838,-0.557516798,-1.429360614,-0.932594837,1.528289282,0.425566864,-0.30212587,-1.118094039,-1.06952583,-1.100726782,-1.684934706,-1.425948621,-0.912543052,-0.860463188,-0.998635725,-1.895978569,-1.714322924,-1.607717765,0.086401378,0.640979604,0.941879244,-1.421364362,-1.674308285,-1.004888302,0.471631954,-2.013358457,-1.005545023,0.115239766,-1.777705006,-1.047553155,-1.851836503,-1.093827865,-0.344886772,-0.513688811,0.114433303,-0.782917428,-0.494907056,0.069563146,-0.382142777,-0.124443518
Rusa_timorensis,FALSE,-0.094164027,0.12381175,0.944479364,0.181365237,-1.346162265,1.035472771,-1.056411828,1.496848526,0.692465107,0.711839681,0.771213863,0.553161411,1.018192274,0.328194207,0.06690838,-0.507226855,-0.234260887,0.197748026,0.768616069,-0.314916445,-0.394164056,0.365954659,0.709267624,-1.025527168,0.700844588,-1.032663017,0.006736267,0.958009824,-1.343861674,0.654536714,0.642778882,0.349934936,0.844821715,1.353222939,0.986421504,1.476845934,-0.730123192,1.089208451,1.478045283,2.090720035,0.658920745
Rusa_unicolor,FALSE,-0.001710268,0.324120708,0.564629328,0.639145294,0.062246273,0.470009655,-0.7124812,0.852241239,0.928956171,0.919597899,0.850320209,1.052424131,0.893820599,0.782274993,0.46388475,-0.572069436,0.328969179,0.291081018,0.899588507,-0.3204624,-0.012150654,0.417571044,0.896196569,-0.237905032,0.522382968,-0.736908254,0.712163553,0.863616881,-0.755583136,0.986037329,0.716489678,0.864768178,0.86259013,1.103427997,1.85306866,0.030104534,0.994657663,1.710437026,0.111143671,1.320898454,0.082686146
Sus_barbatus,FALSE,0.000554027,-0.32014797,0.38850328,0.668583798,-2.239618851,1.608410608,-1.517235176,4.42361293,1.329456691,1.341942761,1.21223851,0.997103506,1.118478477,1.332328137,0.727443657,-1.975865023,-0.267337409,0.1095282,1.338713595,0.119194557,-1.097835509,-0.138023704,1.175869472,-1.277700889,2.334412767,-1.499062435,0.391189485,1.508433622,-1.87026386,1.025282272,1.117359262,0.755835983,1.337357265,2.870340036,1.656081505,4.209219866,-1.20448111,1.750011439,4.138605134,1.816847773,3.028869964
Sus_cebifrons,FALSE,0.0037921,0.257737466,0.729893116,0.811525916,0.058648745,0.506267506,-0.937239898,1.285098286,1.205212307,1.21976079,1.054674982,1.173433127,1.090198474,1.063248122,0.667628056,-0.849688709,0.382669393,0.303229366,1.137724526,-0.241084246,-0.194475088,0.07775071,1.084805217,-0.290920781,0.781261884,-0.959699424,0.84002834,1.082298233,-0.980781956,1.091988661,0.926733291,0.996400756,1.072945214,1.354574495,1.808341111,0.439868223,0.720845897,1.746137451,0.495421404,1.31164265,0.422968886
Sus_scrofa,TRUE,-0.177894805,0.278465807,-0.189255547,-0.999660565,-0.292973719,0.467961581,0.426516721,-0.367252039,-0.715802353,-0.76692767,-0.818597096,-0.960679309,-0.83961582,-0.770632799,-0.675193435,-0.377335712,-1.175889611,-1.020312701,-1.069364377,-0.07620772,0.841596439,0.360454907,-0.968321359,-1.327148415,-0.850529333,0.47105644,-1.233330059,-0.676842457,0.156258516,-1.110454288,-0.786811427,-1.104684339,-0.779096875,-0.455247724,-0.621703731,0.068853728,-0.805427044,-0.606709594,0.027611999,-0.505164571,-0.198770385
Sylvicapra_grimmia,FALSE,0.069147572,0.605656092,0.28460088,1.350188773,0.602940023,-0.561655186,-1.156105707,0.132389584,1.378095046,1.388028662,1.272243948,1.094315958,1.106110883,1.725919389,1.163279266,-1.142804216,0.871400233,0.626273209,1.365012976,-0.331083708,-0.126311837,-0.369268747,1.211400519,0.570096129,1.158648556,-1.174979661,1.07594162,1.208968089,-1.006734233,1.036427603,1.070845623,1.095121465,1.261296702,0.207783402,0.715275076,-0.482023027,1.119904081,0.618162877,-0.473207964,-0.385638454,0.467369503
Syncerus_caffer,FALSE,0.063649076,0.511842265,0.525518813,1.231816036,0.501758163,-0.583716256,-1.160586212,0.119512018,1.219518882,1.234437587,1.192743558,0.846022327,1.111773021,1.578348431,0.98460085,-1.164357467,0.713607587,0.704526603,1.226343099,-0.331035546,0.030281631,-0.242988936,1.095324375,0.557163905,1.228756551,-1.17067048,0.850752742,1.127301025,-1.037190648,0.945289957,0.967339485,0.884988548,1.168970806,0.133803615,0.543178838,-0.442226629,1.016132765,0.448621693,-0.425125908,-0.090230038,0.118230467
Tapirus_bairdii,FALSE,-0.111450195,-0.226705446,1.270354176,0.844168855,-0.427119759,0.81375419,-1.295549739,1.747419705,1.194374576,1.210611425,1.142551844,0.813508676,1.118478477,1.136797378,0.881885377,-1.11487567,0.283101636,0.475361385,1.216085359,0.043995292,0.121469536,0.268777521,1.076884426,-0.384749871,1.381341728,-1.282304645,0.564434765,1.261916077,-1.411487939,0.972837426,1.017903814,0.744842006,1.186341233,1.842340356,1.761499807,0.813328301,-0.07374576,1.735789274,0.872072984,1.33330393,0.926688789
Tapirus_pinchaque,FALSE,0.067552153,-0.999836338,0.887137911,-0.507380245,-2.120710955,1.801021495,-1.080305987,1.40301605,-0.398555408,-0.47814601,0.233748332,-0.975389285,-0.559585722,-0.322031858,-0.089753259,-0.635657784,-0.891918106,-1.327222013,-0.117069855,0.308032742,-0.509593273,1.450240759,-0.088439443,-1.075555611,0.71703939,-1.061445703,-1.170922113,0.447816008,-1.386185573,-1.042884515,0.247404074,-0.961613981,0.300613843,1.462990525,0.623160274,2.804393978,-1.31813483,0.724154537,2.719400632,0.955285017,1.654662057
Tapirus_terrestris,FALSE,1.410205642,0.059126532,0.616936882,0.923358687,-1.882058056,1.279556001,-1.049190643,1.648575391,1.009071805,1.030453895,1.026818931,0.73025619,1.118478477,0.886401849,0.475032596,-0.315503366,0.685613208,1.102071062,1.025607697,-0.35567252,-1.032519803,-0.204199946,0.941492442,0.314512472,0.993906423,-1.036532868,0.561569073,0.981819055,-1.019156521,0.962047132,0.796780841,0.701236825,1.008074836,2.719410401,2.141959744,2.720875466,-0.826861471,2.209721118,2.781720167,3.70310691,1.168993953
Taurotragus_oryx,FALSE,-0.05225432,0.516349702,0.244888038,0.976185434,0.46752944,-0.749130037,-1.036952269,-0.07976718,0.802043277,0.828045222,0.960983872,0.292205939,1.059341679,1.070768763,0.51181726,-0.672062057,0.594835353,0.828415501,0.826148994,-0.379903633,0.129893558,-0.127008258,0.789702006,0.913231746,1.141347019,-1.024083152,0.441639056,0.813579575,-0.859821875,0.646482323,0.668617786,0.445346942,0.888289743,-0.130347363,0.063341692,-0.450753545,0.60872743,0.036541166,-0.445635867,0.046820789,-0.433869931
Tayassu_pecari,FALSE,-0.116622153,0.16810255,0.766632252,0.892157508,-0.787562519,0.881029986,-1.338713941,2.099401376,1.221790487,1.237266089,1.157366035,0.838317594,1.117798352,1.235877168,0.783845835,-1.260777953,0.275891417,0.525935887,1.231845148,-0.178421921,-0.740160411,-0.298891177,1.096995153,-0.440479865,1.649298004,-1.321323275,0.554987842,1.303192072,-1.475674936,0.982083508,1.020868517,0.758693374,1.218683151,1.939247002,1.578712787,1.39924643,-0.390465893,1.663041048,1.495894338,1.044531901,1.982440216
Tragelaphus_angasii,FALSE,-0.127005293,0.558726215,-0.109841684,1.224763582,1.190447332,-1.30461094,-0.659027273,-0.437868375,1.121888714,1.140138254,0.938387857,1.007775476,1.118449477,0.929471307,0.600468062,0.178661462,1.149266807,1.692662646,0.977643062,-0.391522293,0.906642359,-0.337318083,1.023834948,0.992581634,0.598654171,-0.637796211,1.079457052,0.851270689,-0.501075727,1.400088846,0.763983352,1.095764838,0.910498589,-0.727981962,-0.701067383,-0.539517882,0.595693166,-0.692315986,-0.566426076,-0.566809238,-0.541682515
Tragelaphus_buxtoni,FALSE,0.026074138,-0.092236644,2.170263296,0.547269281,-0.850914744,0.407154019,-1.499440315,1.000112912,0.342696203,0.38258132,0.853439682,-0.585155643,0.827553472,1.196895567,0.550768791,-2.012962289,-0.411095918,0.041466538,0.498395987,0.026796225,-0.381709661,1.230162384,0.453523323,0.219208196,2.250385067,-1.476318432,-0.478317067,0.840016504,-1.490970088,-0.112601769,0.594036084,-0.398987593,0.825943059,0.809992165,0.387330721,0.550571445,-0.703559152,0.403503652,0.888655353,0.705306513,0.382051912
Tragelaphus_eurycerus,FALSE,0.10586895,0.321779486,1.235919163,0.971555731,-0.793064464,0.766976596,-1.489361406,1.868610996,1.221453298,1.236938262,1.220605063,0.704243475,1.118478477,1.562050599,0.876850248,-1.897962344,0.061698547,0.510229837,1.243162019,-0.283161658,-1.353435015,-0.47867081,1.096716785,-0.395179494,2.153717417,-1.473252409,0.445003418,1.357843673,-1.62359464,0.890315319,1.044361201,0.655764283,1.27582062,1.590812151,1.017543079,1.017970625,-0.690866523,1.067052207,1.302351247,1.400127791,1.002462711
Tragelaphus_imberbis,FALSE,-0.522293498,0.552080774,0.879658575,1.104977136,0.469082915,-0.77137426,-1.222695409,-0.023643154,0.976553694,0.998838703,1.077022663,0.400002195,1.112477657,1.30319377,0.622308677,-0.972148219,0.594126167,0.952350863,1.02059621,-0.383463912,0.208526204,-0.121887366,0.917422747,0.72088392,1.542149631,-1.210320977,0.500380256,1.034289028,-1.132502521,0.803178006,0.806304373,0.532983637,1.046639527,-0.11621369,0.223633506,-0.466477668,0.882964846,0.062610516,-0.475103876,0.120509406,-0.492820287
Tragelaphus_scriptus,FALSE,0.024570579,0.486349601,0.430240149,1.16396853,0.532584042,-0.512029946,-1.110700256,0.167296046,1.157999064,1.174474264,1.137617112,0.811145888,1.085975926,1.429110274,0.866082239,-0.981927392,0.703693364,0.667510602,1.151475897,-0.325895127,-0.102464692,-0.212217216,1.050289666,0.550475556,1.159581561,-1.114652355,0.809224643,1.074272558,-0.989374922,0.89746602,0.909893027,0.848299363,1.117223383,0.19959419,0.547418206,-0.426099962,0.796846958,0.497946402,-0.406901487,-0.027697082,0.271151309
Tragelaphus_spekii,FALSE,0.181681669,0.306137443,0.65132997,0.920631626,-0.201422948,0.201464669,-1.319674672,0.96902475,1.086426279,1.104659533,1.102427313,0.603649289,1.086891354,1.336135427,0.810224732,-1.447370845,0.257521494,0.469382709,1.110787575,-0.250031537,-0.726719588,-0.390084053,0.997893121,-0.124235284,1.597909734,-1.311986548,0.472367829,1.194750986,-1.37640665,0.785834727,0.943115186,0.607819444,1.145775462,0.907928574,0.850771305,0.118974709,-0.028884083,0.827793675,0.268318702,0.561892281,0.798262722
Tragelaphus_strepsiceros,FALSE,0.027248449,0.660230224,-0.311936726,1.490266378,1.087809761,-1.188637236,-0.860104938,-0.374517366,1.315526158,1.328399032,1.174831702,1.094965532,1.117079292,1.516423786,0.939644626,-0.488325849,1.232706913,1.268956773,1.236519273,-0.420663164,0.380145917,-0.436992478,1.165601307,1.258446124,0.838480362,-0.876484464,1.214809418,0.98391083,-0.600354292,1.277764405,0.90224443,1.17111387,1.096606848,-0.539256554,-0.177381763,-0.605569359,2.049753515,-0.264983341,-0.638095318,-0.604711876,-0.572886929
Tragulus_kanchil,FALSE,-0.360368846,0.398799098,0.771159888,0.889815972,-0.410107086,0.302254196,-1.206148711,1.63269154,1.386029586,1.396936781,1.198574781,1.230721508,1.117863703,1.267372324,0.835092645,-1.283731002,0.291454787,0.253677974,1.357688037,-0.331658465,-0.125458526,-0.164598674,1.21714734,-0.637246306,1.31902001,-1.221090767,0.820503443,1.342812818,-1.360010785,1.107070589,1.093129194,1.038421978,1.265573144,1.122548758,0.926712749,0.99931463,0.10507511,0.89781512,1.020462809,0.647127878,0.920026936
Tragulus_napu,FALSE,-0.032070065,0.172526876,0.73379251,0.76218802,-0.686418087,0.994603199,-1.224999968,2.822401604,1.342804837,1.354920273,1.167695905,1.206568744,1.117102655,1.185393995,0.901748542,-1.336945568,0.138739937,0.079421325,1.308882247,-0.208038825,-0.426862425,-0.174038314,1.185582176,-0.862124106,1.440008492,-1.233165248,0.724563627,1.350925037,-1.433367945,1.054857444,1.131413006,0.978054711,1.24938241,2.16048881,2.2251582,1.850368316,0.068990415,2.125380152,1.889729635,1.253047423,1.834280647
Vicagna_vicugna,TRUE,-0.18197453,-0.256432392,-0.289999336,-0.085748237,0.69911694,-0.620538272,-0.917019846,-0.20147585,-0.341789476,-0.450601843,0.304798036,-1.068321458,-0.510052188,-0.106657192,0.420494791,-0.122260739,-0.21623321,-1.135165204,-0.140735118,-0.239176695,0.122547798,0.868273649,-0.043943106,0.54669782,0.897661365,-0.891009259,-0.709013205,0.292899698,-0.869952972,-1.074126622,0.321402814,-0.766365273,0.270255219,-0.37608887,-0.358327094,-0.260406598,-0.154603803,-0.346402187,-0.264725283,-0.492634038,-0.037574426
