,bio1,bio2,bio3,bio4,bio5,bio6,bio7,bio8,bio9,bio10,bio11,bio12,bio13,bio14,bio15,bio16,bio17,bio18,bio19,Aspect_5deg,BulkDensity_5min,ClayPercentage_5min,annualPET,aridityIndexThornthwaite,climaticMoistureIndex,continentality,embergerQ,growingDegDays0,growingDegDays5,maxTempColdest,minTempWarmest,monthCountByTemp10,PETColdestQuarter,PETDriestQuarter,PETseasonality,PETWarmestQuarter,PETWettestQuarter,thermicityIndex,OrganicCarbon_5min,PhCaCL_5min,Slope_5deg,IsDomesticated
Aepyceros_melampus,0.833322675,0.806670093,1.306447465,-1.131827746,0.424050879,0.893550628,-0.983720736,0.733444868,0.727209172,0.446630622,0.95823608,-0.012405097,0.187457896,-0.329235253,0.44811875,0.123505559,-0.293721173,0.321430629,-0.354785299,0.000192663,0.418709927,0.59454162,1.005724689,0.234073724,-0.662283938,-1.141677955,0.002551222,0.861668685,0.887143667,1.022246896,0.319660621,1.118478477,1.218586054,0.61536244,-0.958139915,0.494810928,0.909772132,0.901810954,-0.357523464,0.1417722,-0.25331558,FALSE
Alcelaphus_buselaphus,1.101110637,0.772876805,1.237242747,-1.150015535,0.922123363,1.115842703,-0.974986904,0.897790718,0.96665469,0.928029442,1.178192106,0.167264874,0.672956259,-0.502673786,0.98682143,0.592904689,-0.499188632,-0.190369381,0.674526514,0.086205319,0.597791383,0.367427741,1.295402553,0.648250815,-0.605096243,-1.149737015,0.085049079,1.226976021,1.242307637,1.18096326,0.895003722,1.101738745,1.599291412,1.011848637,-1.104511783,0.778134919,0.662391601,1.214151492,-0.351755838,0.015972011,-0.379435559,FALSE
Alcelaphus_caama,0.852563077,2.017097611,0.921772118,-0.777117552,0.807745171,0.647696178,-0.390007592,0.927541648,0.603659157,0.710329216,0.839150911,-0.489639234,-0.233962278,-0.634722051,1.212568374,-0.232734252,-0.659845579,-0.214237972,-0.592211728,0.216121326,0.734116712,0.861919779,1.334472416,0.917183617,-1.153821749,-0.806527644,-0.381748551,0.88912684,0.913839401,1.012116627,0.464357366,1.118478477,1.113820508,0.479895434,0.099754438,1.276532771,1.338261846,0.849154077,-0.420102971,0.211370426,-0.458626944,FALSE
Alces_alces,-0.376549906,-1.524166511,-0.696295073,-0.174754519,-0.885631947,-0.046107238,-0.506896114,-0.70972023,-0.19690943,-0.693765424,-0.186598701,0.160213949,-0.177697524,0.67648279,-1.020579748,-0.133750513,0.632998218,0.099853229,0.280167022,0.056646548,-0.455826716,-0.601288536,-0.991497016,-1.077257537,1.285733481,-0.192693648,-0.032925863,-0.826622438,-0.871641304,-0.267924094,-0.579898253,-0.730410951,-0.865120156,-0.65706179,-0.021738234,-0.991776192,-1.180359018,-0.672139703,0.574690448,-1.30471922,0.144679479,FALSE
Alces_americanus,-0.489199508,0.393027259,-0.38447938,0.222141312,-0.427882453,-0.441972554,0.345739504,-1.081019663,-0.225901789,-0.615355511,-0.420605221,0.097080174,-0.27045025,0.784473966,-1.106822283,-0.22872894,0.727883379,0.011934136,0.246301819,0.010701086,-0.353262708,-0.400451371,-0.543077473,-0.654989663,0.556466289,0.241452017,-0.240837696,-0.851375243,-0.864161029,-0.391646939,-0.827882094,-0.740444036,-0.726299739,-0.330596673,0.614819691,-0.203269613,-0.648036549,-0.74743826,0.215812737,-0.676904941,0.64470948,FALSE
Ammotragus_lervia,0.384824722,-0.187271998,0.007870884,-0.473675212,0.322269448,0.535736079,-0.545879282,-0.30192575,0.928346123,0.329600432,0.461082605,-0.319013199,-0.449321666,-0.263074719,-0.67051777,-0.468774228,-0.094361026,-0.729744698,-0.01033041,-0.224524751,0.405922647,0.486590338,0.058818341,0.36612701,-0.604927235,-0.470073957,-0.2901046,0.248897576,0.27958657,0.428161754,0.375181491,0.367150928,-0.167275923,1.162916469,0.443245534,0.071185399,-0.925796228,0.269898886,-0.034484387,1.186308799,0.95513474,FALSE
Antidorcas_marsupialis,0.753257749,1.531444718,0.9842982,-0.85437137,0.533005702,0.664016467,-0.590352894,0.752764075,0.571411027,0.502184967,0.799786969,-0.568920507,-0.378262587,-0.608060175,1.124334301,-0.381151868,-0.638801253,-0.341353535,-0.578724319,0.276218549,0.597440399,0.01489514,1.077783031,0.982864564,-1.189350046,-0.880480378,-0.403747938,0.752620268,0.781123161,0.925702804,0.301768787,1.072431094,0.927868687,0.36688332,-0.043912367,0.915673652,1.114117505,0.75546057,-0.454139887,0.3484414,-0.313046441,FALSE
Antilocapra_americana,-0.075024415,1.616734882,0.046250001,0.011710502,0.276250999,-0.122350077,0.35053729,-0.325850202,0.082099965,-0.066492165,-0.045025736,-0.434582418,-0.490038766,-0.166309002,-0.426185547,-0.482238522,-0.17636529,-0.388550954,-0.256011174,-0.193014541,0.685668834,0.04242749,0.075078359,0.412403667,-0.736752704,0.037959165,-0.418114476,-0.432210119,-0.516220667,0.03950474,-0.403419228,-0.317094577,-0.35755433,0.082743502,1.071491278,0.632043446,0.395077788,-0.308984197,-0.339285903,0.450028701,0.184474999,FALSE
Antilope_cervicapra,1.186508836,0.561417164,0.159897909,-0.551695649,1.496212495,0.9033972,-0.305367295,1.371393351,0.986698672,1.477950723,0.993480496,-0.050269266,0.951010485,-0.586038251,2.142262031,0.722647951,-0.556726237,-0.276408631,-0.492376446,-0.445261033,0.615681704,0.519245472,1.1061806,0.924893943,-0.73097685,-0.469223054,-0.224526518,1.343271628,1.355374103,1.024864458,1.672145936,1.118478477,0.999522022,0.982381105,0.003040678,1.144383993,0.532449655,1.133915217,-0.410175735,0.933295441,-0.467217741,FALSE
Axis_axis,1.138705433,-0.194544158,0.508166594,-0.823813921,1.083527771,1.06071444,-0.793198544,1.179620468,0.992702057,1.190265545,1.062375507,0.849762267,2.174783998,-0.416822783,1.587194741,1.874293644,-0.329368143,0.636312245,-0.005606978,-0.034738549,0.452221816,0.648290543,0.846274368,0.6205949,0.206542938,-0.78836633,0.543320693,1.279477166,1.293351,1.052764316,1.406274569,1.118478477,1.00686737,0.79589702,-0.553691783,0.552719639,0.217273716,1.160852082,-0.323190928,0.353985041,-0.124502666,FALSE
Axis_porcinus,1.050988808,-0.201612028,0.232235123,-0.672677299,0.809615615,0.90020685,-0.744159192,1.307213213,0.703822588,1.068904648,0.92154584,2.020691463,3.421937076,-0.420570436,1.227370168,3.356441045,-0.291151561,3.744075534,-0.388082256,0.810505094,0.420989142,0.077593891,0.672232394,0.459081119,1.159594211,-0.696451739,0.90675929,1.159071828,1.176288917,0.92160093,1.256201637,1.118478477,0.712195598,0.122374328,-0.429690646,0.216019693,0.545373046,1.008800804,-0.319379071,-0.239810355,-0.037563011,FALSE
Bison_bison,-0.624943768,1.431590316,-0.060876544,0.056194729,-0.464533802,-0.488705423,0.387843946,-1.799835565,0.068900492,-0.934483019,-0.443857478,-0.163451365,-0.466189339,0.54551096,-1.310564069,-0.45372492,0.52841139,-0.327718589,0.167370501,-0.169664378,0.650326228,-0.347179999,-0.500713381,-0.193776327,0.104925564,0.07345389,-0.333567153,-0.961429017,-0.964948101,-0.360182767,-1.470358954,-0.989385907,-0.718180634,0.100057599,0.713586825,-0.066124494,-0.890393414,-0.949123335,-0.364855452,0.249413088,0.748555647,FALSE
Bison_bonasus,-0.145684456,-1.166716842,-0.575827838,-0.121874405,-0.479473047,0.076406808,-0.417085675,-0.066615535,-0.215931014,-0.337004292,-0.066101399,-0.100789107,-0.340612467,0.426252233,-0.995801303,-0.3014124,0.372499943,0.043795536,-0.007066618,0.032507488,-0.36346548,-0.164827363,-0.657932764,-0.773589568,0.414699214,-0.143987751,-0.203556846,-0.574995439,-0.669307234,-0.184679713,-0.327034369,-0.396042874,-0.763073131,-0.761668182,0.426606607,-0.472917276,-0.023157151,-0.459511014,0.557854375,-0.847738352,-0.467418665,FALSE
Blastocerus_dichotomus,0.885499165,0.111346349,0.595972759,-0.827783328,0.743014477,0.956794099,-0.866793759,0.893996975,0.66854217,0.820154926,0.911663527,0.847069651,0.429027161,0.894659671,-0.901704042,0.403458585,1.080884248,0.83444539,0.268074097,-0.14294588,-0.41768329,-0.257368451,0.775554656,-1.047996694,0.252909393,-0.834709122,0.357327024,0.933116804,0.956607911,0.880423566,0.833703211,1.114085314,0.482507789,-0.022616258,0.483770716,0.999019555,0.67541816,0.943197821,-0.282918692,-0.252059412,-0.606296926,FALSE
Bos_frontalis_gaurus,1.0487425,-0.444033775,0.710731384,-1.058671642,0.743537873,1.107368611,-1.07835991,0.933942748,0.892486378,0.899749078,1.091471978,1.537006066,2.785554706,-0.243681203,0.902311154,2.399354123,-0.119152652,1.235429568,0.022630916,0.193975688,0.315247151,0.892538481,0.754627088,0.267928144,0.718516931,-1.025175492,1.093448632,1.156870161,1.174148384,1.076395163,1.073536016,1.118478477,1.078380892,0.631433055,-0.968166488,0.321167957,0.114121125,1.136639213,-0.271860051,-0.191653268,0.645922301,TRUE
Bos_grunniens_mutus,-0.731364736,0.657359739,-0.125861012,0.074226951,-1.175113771,-0.666535768,0.17933956,-0.792198147,-0.70828423,-1.165093006,-0.556789977,-0.145665578,0.27481348,-0.550642832,1.033808241,0.261956269,-0.554584346,0.937318937,-0.533263155,0.510654247,-0.236478136,-0.158095174,-0.677870482,-0.036973658,-0.068371964,0.067408955,-0.224766141,-0.918613742,-0.896319749,-0.43623306,-1.315882908,-1.080243198,-0.664632909,-0.848071072,-0.140716495,-0.811315568,-0.246182921,-1.012522428,0.010858712,0.571349384,0.950094141,TRUE
Bos_javanicus,1.210156264,-0.596096918,1.093864684,-1.301815311,0.794424251,1.322829164,-1.348725001,1.098274459,1.065743243,0.977544487,1.287920402,1.505810726,1.772239579,-0.067791343,0.361465196,1.753302691,0.079451677,0.551522586,0.158060269,-0.192624972,0.025464264,0.686244976,0.903784107,0.382129562,0.704667059,-1.274414844,1.338665132,1.376418312,1.387600414,1.261034795,1.139455918,1.118478477,1.374072843,0.834566099,-1.45034207,0.302268488,0.274563397,1.377781893,-0.266907662,-0.970855552,-0.029404057,TRUE
Bos_taurus_primigenius,-0.093334046,-1.221956801,-0.605709834,-0.14254569,-0.427381036,0.113011184,-0.434967428,0.079881383,-0.168023031,-0.274881867,-0.035351672,-0.175191695,-0.375312448,0.290584246,-0.951453966,-0.34216894,0.25222967,-0.002554459,-0.089904597,0.660920688,-0.210231192,-0.270206729,-0.641583512,-0.698844533,0.243488482,-0.136338944,-0.241705701,-0.55297004,-0.659542355,-0.169070527,-0.220340342,-0.408877801,-0.761285124,-0.774877698,0.422082897,-0.466935306,0.130087505,-0.426919556,0.136939955,-0.643137003,-0.40866487,TRUE
Boselaphus_tragocamelus,1.158728617,0.694876594,0.055825659,-0.400790952,1.563919695,0.81908,-0.142994167,1.431184678,1.016649678,1.523360721,0.915385204,0.059158646,1.292029527,-0.566219233,2.383094274,1.012794631,-0.508918505,-0.0806772,-0.479797896,-0.30087373,0.520698784,0.336456924,1.088289752,1.024860785,-0.62385613,-0.325274999,-0.218238265,1.305461542,1.318613877,0.949088669,1.738455896,1.118478477,0.870697419,1.11562732,0.259186151,1.220232818,0.582248312,1.039162676,-0.419286578,0.858860448,-0.449440541,FALSE
Bubalus_bubalis_arnee,1.117897392,-0.934790749,0.895812392,-1.042704139,0.52299403,1.173105507,-1.313259525,1.163471878,0.907742386,0.954308376,1.115087925,2.169603981,3.041601301,0.051758796,0.490980897,2.920127541,0.10753223,3.476260371,0.560445154,0.264300555,0.385173897,0.082769496,0.568413077,-0.027627193,1.23816173,-1.058977893,1.720286834,1.249514416,1.264220216,1.059865081,1.325123808,1.118478477,0.911684175,0.372270106,-1.277821539,-0.279268269,0.241308067,1.185571384,-0.287985685,-0.313353001,-0.08365747,TRUE
Budorcas_taxicolor,0.161905613,-0.426460521,-0.142634989,-0.391022054,-0.276155628,0.224827437,-0.494692483,0.219469528,0.017128429,-0.051815207,0.230518817,0.704877427,1.149268421,-0.369002727,0.629377675,1.184343638,-0.338453028,2.028796009,-0.414734513,-0.320235702,-0.093068625,0.157919272,-0.101782985,-0.520897018,0.773806471,-0.376092538,0.170581851,-0.085146154,-0.246205557,0.242348935,0.123808354,0.038419395,-0.049776439,-0.421873268,-0.428819255,-0.396071723,-0.004525707,-0.056560495,-0.126128341,-0.035893809,2.929981664,FALSE
Camelus_bactrianus,-0.368231866,0.665079257,-0.494637208,0.621446263,-0.085415887,-0.575505869,0.754765198,0.006334942,-0.537337159,-0.162315821,-0.501624541,-0.783712946,-0.722588066,-0.558817201,0.719175227,-0.735060489,-0.587874413,-0.686541224,-0.520630256,0.006357126,0.553038393,0.205488828,-0.324726588,0.93118066,-1.127838857,0.630152116,-0.52886279,-0.697395919,-0.72453857,-0.465998069,-0.285471459,-0.517974678,-0.731454288,-0.662023856,1.013546282,0.130994975,0.497709221,-0.477894148,-0.387382429,1.246064044,0.674765317,TRUE
Camelus_dromedarius,0.81323546,0.6998171,0.12606276,-0.25994556,1.14679115,0.65447292,-0.18064916,-0.44707637,1.20623423,1.09759772,0.64142976,-0.90612938,-0.8896914,-0.6376012,0.5777359,-0.89343305,-0.67597027,-1.108172862,-0.393739343,-0.467355783,0.36119326,-0.05260131,0.83756148,1.47861541,-1.46543852,-0.254158537,-0.556518437,0.83439212,0.8416133,0.60273235,1.039991,0.87604097,0.26155961,1.70855122,1.056767046,1.30232426,-0.885202199,0.69408774,-0.42544841,1.22311457,0.30117573,TRUE
Capra_hircus_aegagrus,0.526273774,0.558935891,-0.162508278,-0.022823493,0.955374371,0.396815518,0.058370266,-0.85014339,1.122186834,0.847486813,0.376142325,-0.488748421,-0.362692406,-0.60095748,0.841701192,-0.35864419,-0.633849437,-1.076919048,0.278863665,0.041102261,0.331502936,0.585033156,0.493414835,1.156254006,-0.974610971,-0.001132681,-0.427004453,0.414971776,0.304684001,0.335158361,0.817852609,0.409348777,-0.031058844,1.553144391,1.101207726,1.003106916,-1.00560171,0.353401084,-0.372318022,1.287373105,1.232477974,TRUE
Capra_ibex,-0.012862341,-0.838597771,-0.203843319,-0.479966509,-0.504952856,0.279350684,-0.719139652,-1.461134138,0.635448264,-0.38906923,0.164495932,0.419889553,-0.130177847,1.355363364,-0.57872034,-0.069710156,1.321512287,-0.014941292,0.757053342,-0.046932546,-0.150603309,0.084127498,-0.317036693,-0.75234875,0.791035613,-0.501443209,0.169554356,-0.279939601,-0.282501243,0.100335885,-0.347083619,-0.340817364,-0.348805802,0.634061953,-0.074344514,-0.463549057,-1.722732202,-0.213972771,-0.127784802,0.797222781,2.294255865,FALSE
Capra_nubiana,0.756352372,0.294783651,0.299613738,-0.532008876,0.744685125,0.756494664,-0.583833021,-0.454268411,1.136349232,0.774954649,0.696541807,-0.79212805,-0.727669753,-0.639433387,1.16353743,-0.714677527,-0.68037506,-1.11495435,-0.120037807,-0.569970436,0.517923881,0.003065187,0.639788522,1.264690101,-1.338215764,-0.549572588,-0.496849354,0.757196187,0.785572022,0.638005537,0.733031117,1.104841368,0.203966994,1.583314349,0.665462514,0.850237336,-1.174350353,0.652569589,-0.36206248,1.444003294,0.879457353,FALSE
Capra_pyrenaica,0.252819024,-0.450552886,-0.096082492,-0.440461177,0.102149126,0.459739942,-0.581044044,-0.41837276,0.665401752,0.142131361,0.363454061,-0.263008519,-0.451689205,-0.027719661,-0.871619772,-0.460734082,0.139406589,-0.61400118,-0.03104027,-0.344949189,0.197152401,0.644519587,-0.129992527,0.067542887,-0.41525884,-0.441470867,-0.258430484,0.068553061,-0.000309366,0.306904036,0.20981879,0.088744728,-0.291161615,0.620190835,0.327572676,-0.181484746,-0.811326397,0.107643186,0.301859951,1.102770463,0.812235793,FALSE
Capra_sibirica,-0.889640161,-0.034724697,-0.623426169,0.481163762,-1.074552496,-0.856936172,0.512215268,-0.92295379,-0.923917132,-1.127557751,-0.821276525,-0.621218955,-0.569873665,-0.482147262,0.366588894,-0.563220776,-0.489783069,-0.459304679,-0.460212949,-0.163598521,0.237864238,0.150211603,-0.833516277,0.110728172,-0.473721531,0.494279314,-0.47333292,-1.020975369,-0.999129847,-0.798591438,-1.303641069,-1.147379737,-0.887826423,-0.925370743,0.199925793,-0.730904606,-0.306250532,-1.173932897,-0.318614467,0.901821871,2.508222624,FALSE
Capreolus_capreolus,-0.069776844,-1.267308077,-0.343376404,-0.458330644,-0.613623743,0.280202325,-0.790498427,-0.678749159,0.092114545,-0.438725,0.11665723,0.1805246,-0.260063911,0.977669208,-1.29980317,-0.208167429,0.909399871,0.041097072,0.348983883,0.096673112,-0.326620189,0.047700999,-0.672057283,-0.987778653,0.908873323,-0.478019947,0.025547997,-0.410451177,-0.616172484,0.011220737,-0.374560402,-0.398152455,-0.679331108,-0.405803797,0.091583129,-0.66112789,-0.976571678,-0.283854255,0.648000944,-0.428697925,0.092119714,FALSE
Capreolus_pygargus,-0.195777982,-0.326878745,-0.652534568,0.434315668,-0.118652241,-0.302177249,0.348650721,0.294641996,-0.487622852,0.010664113,-0.303943058,0.707355293,1.123030706,0.294981492,0.215914218,0.990149606,0.313456288,1.997453741,-0.104244082,0.697827355,-0.077309917,0.084034643,-0.411341226,-1.359636372,1.001156804,0.46386985,-0.002623879,-0.516319045,-0.62065472,-0.32379639,0.222904906,-0.287659049,-0.61016852,-0.822406836,0.390344538,-0.339192577,0.135061516,-0.330996924,-0.158905577,-0.048286528,0.706350655,FALSE
Capricornis_crispus,-0.040847282,-0.703070581,-0.565482094,0.044733761,-0.143815682,0.014563237,-0.113345389,0.292954884,-0.213737454,-0.004721555,-0.029122149,1.411722986,1.032315817,1.540271472,-0.50684937,1.20023806,1.39812368,2.399803737,0.492401812,0.052907082,-0.67132875,0.140760338,-0.38323944,-2.243116529,1.694868624,0.087013089,0.288347827,-0.452361434,-0.569596759,-0.067548177,0.338853098,-0.317540881,-0.456517543,-0.683344209,-0.055945748,-0.704204137,-0.141819927,-0.275018255,-0.020076831,-0.516135658,1.481670527,FALSE
Capricornis_swinhoei,0.31180827,-1.423601627,0.306905796,-0.965708134,-0.690528547,0.652173669,-1.363626462,0.045198768,0.36211119,-0.288546913,0.535132338,3.120649198,2.899812886,1.648705233,-0.202060262,3.081348287,1.645827415,4.97524298,0.972570066,0.177333481,0.053849514,0.037766383,-0.221360124,-1.90013475,2.090124814,-0.997241654,2.519981765,0.148736724,0.15152056,0.451659369,-0.08096312,0.557408824,0.15206966,-0.259529595,-1.344840676,-0.975951679,-0.356166628,0.303698873,-0.199759973,0.964769011,3.86722651,FALSE
Catagonus_wagneri,1.088528812,0.535777338,0.864369038,-0.924000783,0.925338555,1.050234691,-0.88058071,1.261877768,0.862299114,1.010075041,1.063113243,-0.011849448,-0.081709418,-0.3096399,-0.057425585,-0.03953474,-0.257184603,0.382751992,-0.271069108,-0.627000659,0.258419074,0.330991486,1.178292357,0.151186429,-0.727453153,-0.935631342,-0.081236911,1.210443684,1.226234348,1.064718203,0.995784337,1.118478477,0.824450588,0.477037468,0.147442018,1.151032981,1.451501871,1.183197288,-0.357998735,0.331756832,-0.598063555,FALSE
Cephalophus_dorsalis,1.148867207,-0.640010988,1.829834351,-1.423644853,0.58330354,1.414897362,-1.614596979,0.997170558,1.097425654,0.791139743,1.30009433,3.533459196,2.995400646,2.386517354,-0.51649838,2.560891465,3.227190504,1.941182305,3.381503242,0.493568082,-0.068791697,1.716202254,0.907103247,-1.376055119,1.692762574,-1.437795208,3.611654481,1.293400424,1.306887656,1.191910001,0.850926515,1.118478477,1.433094805,0.939920802,-1.69321032,0.222733337,0.341101542,1.297935533,-0.21678131,-1.510691078,-0.48098567,FALSE
Cephalophus_jentinki,1.149615458,-0.652603786,1.867942882,-1.429211795,0.576356842,1.420753096,-1.627322711,0.99733572,1.098571165,0.788286367,1.301896927,3.653707119,3.119910406,2.507785857,-0.518945534,2.635265218,3.374126479,1.981455327,3.472461748,0.514216342,-0.089368755,1.898661376,0.904529585,-1.424213899,1.738917945,-1.443021631,3.760492059,1.294674373,1.308126231,1.193216336,0.848576224,1.118478477,1.435665553,0.935514873,-1.701658266,0.217080916,0.339044092,1.300043928,-0.214386333,-1.572590872,-0.507364453,FALSE
Cephalophus_natalensis,0.898123659,-0.458704351,0.855448047,-1.084677391,0.331032783,1.028822791,-1.234144231,0.922634703,0.761847903,0.611575747,0.992455354,0.502265484,0.373579025,0.415060147,-0.397790949,0.379912937,0.389481315,0.843965745,-0.065616964,-0.375416805,0.244188803,0.675734518,0.55160801,-0.920087553,0.06214485,-1.100840148,0.425615288,0.9508536,0.973852215,0.981047016,0.7638695,1.118478477,0.645008222,0.154709195,-0.572364762,0.097763088,0.608280847,1.005617675,-0.322128249,-0.013332707,-0.006217898,FALSE
Cephalophus_niger,1.147113408,-0.414550408,1.794718953,-1.417088519,0.631117691,1.38328739,-1.539242305,0.96838887,1.097066787,0.787506298,1.294143561,2.959177658,2.72374513,1.530607756,-0.323857884,2.324022927,2.243306079,1.448599706,3.295937664,0.541337308,0.035839562,1.195051257,0.979968484,-0.953324695,1.390295135,-1.430155141,2.940654258,1.290835127,1.304393589,1.200650334,0.812389931,1.118478477,1.487909199,1.002851701,-1.658133646,0.303762301,0.37757416,1.288388027,-0.243870226,-1.222644114,-0.422366624,FALSE
Cephalophus_nigrifrons,0.38368289,-0.09336334,2.325736332,-1.493100045,-0.625814377,0.839421522,-1.585360198,-0.1975438,0.552532289,-0.527639113,0.781361601,1.249285944,0.784833536,1.060835256,-0.754425636,0.737954439,1.447139803,1.117924248,0.764782813,-0.321119875,-0.821851763,0.792517388,0.407281813,-1.154114244,0.910216671,-1.515021658,1.54115998,0.248139791,0.278617736,0.775461724,-0.713539094,0.803309721,1.011650012,0.481931932,-1.938311079,-0.509728728,-0.031957478,0.419468691,0.17388825,-0.433837762,1.673218103,FALSE
Cephalophus_rufilatus,1.331099135,0.607034423,1.199722928,-1.207901782,1.291975305,1.327976882,-1.03473976,1.083264981,1.183225777,1.297562328,1.375249657,0.395741224,1.100219472,-0.628017458,1.289234078,1.067170749,-0.633934145,-0.400754809,2.182706042,0.271456581,0.582025983,0.178823406,1.48562648,0.858371521,-0.484358388,-1.203007261,0.193173967,1.540629159,1.547251674,1.28484881,1.349692499,1.118478477,1.774614635,1.314893133,-1.263396746,0.940768662,0.525725627,1.469637655,-0.332473348,0.214926334,-0.380014532,FALSE
Cephalophus_silvicultor,1.084968984,-0.280561639,1.870323009,-1.427441082,0.548185076,1.332207692,-1.520900736,0.862813274,1.055325604,0.680039287,1.256090668,2.958755694,2.578611086,1.74803589,-0.421972635,2.249691297,2.413913138,1.399735084,3.267274155,0.610556089,0.035252281,1.405210374,0.977175135,-1.077506445,1.359222436,-1.44473294,2.9331198,1.206000649,1.221914681,1.181193119,0.664708176,1.118478477,1.496921057,1.0112885,-1.684433112,0.27944418,0.374101599,1.219747939,-0.240163132,-1.222644114,-0.130034599,FALSE
Cephalophus_zebra,1.148579425,-0.658365474,1.868922934,-1.429252085,0.574141085,1.420928356,-1.628999896,0.995550109,1.097870486,0.7859267,1.300756103,3.661894602,3.115879286,2.526584086,-0.522099847,2.640916316,3.392956968,1.989055677,3.476339286,0.504115582,-0.086476902,1.868224538,0.901586649,-1.441555272,1.742467065,-1.443288776,3.774521443,1.293080849,1.306576954,1.192302934,0.845512246,1.118478477,1.431851997,0.933494825,-1.70202135,0.213490462,0.334477718,1.299099799,-0.214104315,-1.565326175,-0.488146198,FALSE
Ceratotherium_simum,0.81183679,0.485123508,0.840016781,-0.928405166,0.37705667,0.802520913,-0.885954755,0.882941241,0.626101693,0.557505406,0.86851602,0.022489834,0.020988996,-0.185998692,0.10108306,0.06271064,-0.21095061,0.625319614,-0.370411833,-0.447379214,0.239896275,0.219535336,0.756776357,-0.191747121,-0.527763783,-0.944407469,-0.029697954,0.832776598,0.859053817,0.935489333,0.59928607,1.100226528,0.707016172,0.146886872,-0.309208945,0.502330877,1.080825768,0.85910707,-0.40156671,0.145065008,-0.220849055,FALSE
Cervus_elaphus,-0.11504,-1.334359386,-0.301575105,-0.546696556,-0.758048759,0.280981435,-0.884838762,-1.117330385,0.197680397,-0.567572974,0.121555649,0.443722946,-0.045898399,1.197230593,-1.219681717,0.017678625,1.136106976,0.092014246,0.69508184,0.14823953,-1.263900294,-0.173854537,-0.737960361,-1.172961205,1.214203431,-0.564666739,0.234817095,-0.473238167,-0.652742224,0.026667896,-0.491689319,-0.51088535,-0.675920542,-0.15707582,-0.079030591,-0.80242592,-1.539983268,-0.294106457,2.116696296,-0.869546448,0.508932386,FALSE
Cervus_nippon,0.187218876,-0.736847716,-0.557104523,-0.00722904,0.158117755,0.185252176,-0.158621852,0.578875533,-0.061447197,0.33023041,0.144614716,1.402871954,1.118716622,1.292086845,-0.513640891,1.126709678,1.241245507,2.155460018,0.372022787,0.12812208,-0.663215339,0.387123014,-0.224836826,-2.138313146,1.519087945,0.035494081,0.318584272,-0.066145844,-0.247422802,0.105171034,0.709396993,0.01571545,-0.321920976,-0.594765678,-0.03914161,-0.526007431,0.109041822,-0.019992127,0.063192652,-0.426766842,1.103856687,FALSE
Connochaetes_gnou,0.407482882,1.192322303,0.705460513,-0.719531589,0.029381423,0.393060074,-0.534185611,0.335739376,0.290918106,0.055568818,0.512524303,-0.012250314,0.018338796,-0.33885018,0.102433794,0.026859498,-0.350487551,0.509974389,-0.439084582,-0.233543684,0.305988838,0.494954635,0.560372018,-0.282384878,-0.451002257,-0.734126183,-0.139187156,0.280358631,0.301502904,0.627937267,-0.104203182,0.557408824,0.379717714,-0.04515842,0.074563986,0.478534633,0.949186865,0.316586826,-0.417520501,0.203108614,0.02568516,FALSE
Connochaetes_taurinus,0.850751258,0.850927375,1.082607743,-0.993542485,0.501450779,0.837412764,-0.854746677,0.841080206,0.679131819,0.559338674,0.916363435,-0.070075901,0.09908308,-0.382119229,0.554029225,0.073845208,-0.368128853,0.316964272,-0.443637952,-0.100804143,0.444194153,0.519822726,1.002013778,0.258123357,-0.694704459,-1.010374339,-0.035347718,0.885839122,0.910642972,0.992455324,0.466540084,1.106863601,1.049587446,0.44591877,-0.570089051,0.64813193,1.008184708,0.894687271,-0.370810595,0.210719713,-0.358150504,FALSE
Dama_dama,-0.059817197,-1.491734956,-0.363160209,-0.514534022,-0.688816136,0.319662951,-0.894577335,-0.708583714,0.08783117,-0.463189592,0.148236494,0.053109597,-0.349024033,0.781832369,-1.297104175,-0.289526152,0.718534742,-0.084782054,0.266777338,0.048343704,-0.258372191,0.129497002,-0.762338882,-0.82559806,0.859304085,-0.541115619,0.003783867,-0.400300638,-0.598575101,0.03723205,-0.354728529,-0.342704285,-0.724750011,-0.44902331,0.006193441,-0.782174494,-1.309158212,-0.242580165,0.311417027,-0.547832711,-0.342841405,FALSE
Damaliscus_korrigum,1.197287691,0.623819767,1.423505933,-1.257856478,1.019661034,1.260670077,-1.115830585,0.929094352,1.090676166,1.025018264,1.289141071,0.316744797,0.856903831,-0.475673862,0.945625668,0.805357894,-0.448667776,-0.173557759,1.760112861,0.103459227,0.657466412,0.232362312,1.372029397,0.615078272,-0.502985236,-1.256075615,0.203489014,1.357548429,1.369254484,1.214716906,1.020021771,1.118478477,1.687208363,1.205426365,-1.350470699,0.758954617,0.528613679,1.319673204,-0.357566408,0.349135126,-0.374662924,FALSE
Damaliscus_lunatus,0.929406689,0.723212433,1.45730085,-1.183863916,0.547932623,0.999780179,-1.053237262,0.766972463,0.820357312,0.578075833,1.051284649,0.153561328,0.361782582,-0.316721355,0.455497454,0.325421617,-0.215541072,0.159534859,0.219341275,0.339915272,0.514282649,0.362398197,1.113597576,0.190953235,-0.553966058,-1.192900469,0.155834929,0.992785294,1.014619605,1.080922807,0.468884575,1.118478477,1.380074026,0.761885396,-1.163644187,0.544696218,0.775820454,1.008452466,-0.320030345,-0.043471361,-0.367098806,FALSE
Damaliscus_pygargus,0.484333366,0.801545522,0.775291656,-0.830126482,0.020414328,0.529718195,-0.732294437,0.250573073,0.474516232,0.098312348,0.607869248,-0.011463033,-0.044663114,-0.141128981,-0.209012181,-0.031187869,-0.15795458,0.369985507,-0.278000538,-0.192125903,0.373019325,0.354949571,0.502509008,-0.143582172,-0.452810179,-0.845929162,-0.095303558,0.384597384,0.417332946,0.68547989,-0.002680167,0.837516657,0.366714766,0.2942193,-0.022666422,0.361245438,0.468968786,0.450183096,-0.417127368,0.111856818,0.07141721,FALSE
Diceros_bicornis,0.800627731,0.96413819,1.341532139,-1.121151205,0.39334917,0.856525738,-0.951437156,0.644355014,0.692443043,0.381320415,0.92711699,-0.057235627,0.209087772,-0.372712904,0.706161983,0.1066315,-0.360442579,0.281748364,-0.395528396,0.119518243,0.313660196,1.165040145,1.057100151,0.345526226,-0.686249776,-1.136030377,-0.000476204,0.817023033,0.843737676,0.996206999,0.199070159,1.115751055,1.23755395,0.616486244,-0.865478206,0.573487671,0.813648343,0.85741246,-0.341306399,0.242425988,0.08636754,FALSE
Equus_burchellii,0.756004128,0.847473835,1.416953577,-1.177135296,0.288151896,0.861122138,-1.025823305,0.579274856,0.687012744,0.288243376,0.92147979,0.055340687,0.24476097,-0.211642841,0.337211169,0.133966308,-0.181146271,0.370405421,-0.281714323,-0.111750153,0.296791825,1.066944439,0.956949516,0.133784511,-0.574076969,-1.188811965,0.06377712,0.756065292,0.784472529,0.980408404,0.127105833,1.106323662,1.21307219,0.60564386,-1.034708214,0.391431472,0.796628982,0.81257918,-0.339965022,0.183066663,-0.052527725,FALSE
Equus_grevyi,0.749682298,1.771006618,2.244384458,-1.437538922,0.315967203,0.944026777,-1.124537149,0.433626311,0.791429944,0.120572696,1.023632475,0.003922546,0.352580331,-0.194780789,0.390915663,0.004979882,-0.153736528,0.295511759,-0.240085745,0.00828754,0.499406809,1.721223094,1.323272943,0.364127619,-0.743922873,-1.454645373,0.02638761,0.74760486,0.776247014,1.106890155,-0.279882114,1.118478477,1.818369897,1.118667136,-1.701701154,0.486342142,0.936316875,0.834209818,-0.343148815,0.310959856,-0.138534653,FALSE
Equus_hemionus,0.683145605,0.15244235,0.236533599,-0.529565773,0.629748809,0.709533955,-0.591950396,-0.486212925,1.060300545,0.67139854,0.64505373,-0.789063375,-0.745612357,-0.591989411,0.995215709,-0.72853241,-0.634472483,-1.068818507,-0.191277778,-0.470791879,0.446297489,0.228394661,0.539663104,1.27494014,-1.295556851,-0.537206585,-0.493446085,0.654991943,0.676698095,0.582339347,0.635034884,1.00746762,0.165869993,1.427884286,0.551996155,0.739418803,-1.118381905,0.566738369,-0.341379291,1.308389996,0.025534368,FALSE
Equus_kiang,-0.927757702,0.594831647,-0.203888275,0.016872435,-1.454384363,-0.768304197,0.142255555,-1.12800635,-0.730646161,-1.509881138,-0.66304591,-0.659901689,-0.562069115,-0.537197406,0.451756142,-0.57150892,-0.546579482,-0.380430758,-0.514082793,-0.212132911,-0.07868024,0.130592081,-0.848621409,0.095609156,-0.610850455,0.037034487,-0.472281158,-1.093172709,-1.053567754,-0.554658859,-1.705683461,-1.434388445,-0.797741247,-0.885391714,-0.263097861,-1.004188223,-0.45647618,-1.352406308,-0.228979371,0.356542268,0.992077846,FALSE
Equus_przewalskii,-0.754127097,0.56183071,-0.551806942,0.768131766,-0.676515204,-0.9056603,0.837766334,-0.30933314,-0.931927304,-0.676576126,-0.828965087,-0.570827736,-0.3373775,-0.573474689,1.256973757,-0.361083578,-0.606044183,-0.032275067,-0.567165943,0.066498148,-0.150108296,0.037224176,-0.678879212,0.057176617,-0.521156085,0.774938051,-0.463333708,-0.9382798,-0.928072396,-0.765828352,-0.724130268,-1.008910624,-0.891108461,-0.978150209,0.601103579,-0.431268003,0.165129201,-0.818328749,-0.092087639,0.338985917,0.32802812,TRUE
Equus_zebra,0.561674285,1.289154001,0.88049907,-0.829661377,0.352657718,0.603435578,-0.621533717,0.442078847,0.509547267,0.258193234,0.66999224,-0.579719747,-0.603184014,-0.288340737,-0.089372791,-0.606804985,-0.312850171,-0.554154787,-0.397222755,-0.103871814,0.36376261,0.399689009,0.724441051,0.853424316,-1.113979846,-0.838421642,-0.394184008,0.490497079,0.526278259,0.746369087,0.006937048,0.973015974,0.416487725,0.20958935,0.475107073,0.83673875,0.82435073,0.550700302,-0.444825608,0.717652308,0.275966316,FALSE
Eudorcas_rufifrons,1.373315042,0.700271175,0.9067419,-1.094415716,1.431508669,1.261938139,-0.851717457,1.201685347,1.123107769,1.451492798,1.367024025,-0.023846876,0.755315373,-0.639433387,1.760234766,0.609483695,-0.68037506,-0.780597513,-0.599966918,-0.036734284,0.634451666,-0.361297367,1.555451182,0.902422225,-0.831788811,-1.053013747,-0.106379909,1.599545976,1.604532568,1.427624868,1.498959921,1.118478477,2.067742863,1.18451501,-1.219564372,1.134763464,0.68443178,1.593760224,-0.407839914,-0.084735699,-0.501664778,FALSE
Eudorcas_thomsonii,0.649720694,0.633622223,1.871917539,-1.387041869,0.005799439,0.924384933,-1.297146078,0.292390575,0.699587758,-0.02373824,0.924930555,0.105603047,0.244865341,-0.141994877,-0.011540022,0.062450434,-0.051260546,0.404128421,-0.141634965,0.058893527,-0.026151214,1.787935644,0.874513901,0.013612118,-0.49835875,-1.393751273,0.210945946,0.611354636,0.643780005,0.940885328,-0.221592864,1.11726629,1.370929758,0.801628124,-1.569064572,0.043564269,0.438333386,0.712776144,-0.267272124,0.159176755,0.06867302,FALSE
Gazella_bennettii,1.180745305,0.903832906,0.07822686,-0.351639731,1.612275952,0.791096893,-0.0723936,1.510231021,0.934904761,1.58251322,0.908283902,-0.321240452,0.509772206,-0.584467805,2.350896847,0.321194419,-0.587874413,-0.402771759,-0.539453245,0.16007649,0.623512117,-0.170440791,1.185277118,1.129202654,-0.977636377,-0.279727903,-0.359185291,1.335263551,1.347588384,0.944128197,1.734035232,1.118478477,0.886366266,0.86480772,0.342672283,1.354151894,0.831870702,1.030798552,-0.417742649,0.587086169,-0.359873514,FALSE
Gazella_dorcas,0.8251314,0.353167054,0.247952948,-0.50193323,0.893001046,0.77660879,-0.516383761,-0.352960335,1.194755315,0.924386404,0.73115545,-0.913696421,-0.908260515,-0.639433387,0.865672652,-0.892827628,-0.68037506,-1.11495435,-0.377189464,-0.387595228,0.391271401,-0.048686518,0.728714253,1.479495392,-1.466261195,-0.50973687,-0.550723589,0.849824337,0.875628198,0.68271679,0.885378947,1.107500175,0.283781259,1.661162284,0.70375369,1.0170023,-1.029409019,0.715960845,-0.372000168,1.368432394,0.120301412,FALSE
Gazella_gazella,0.740373129,-0.01940367,0.225604746,-0.520018924,0.669362419,0.780331574,-0.666008749,-0.450418861,1.124174524,0.763814027,0.693263806,-0.356338545,-0.032427252,-0.639433387,1.326132247,-0.045573028,-0.680228388,-1.11163311,0.833498398,0.359421262,0.589860376,1.900562147,0.50457144,1.21489452,-0.835631561,-0.546163121,-0.290810542,0.734966048,0.76395914,0.61196496,0.822481222,1.055280709,0.110022854,1.440380417,0.566239929,0.416883101,-1.283132288,0.64408027,-0.306249212,0.483665881,0.664946184,FALSE
Gazella_subgutturosa,0.155458369,0.705606724,-0.358518794,0.364551332,0.619933395,-0.066403078,0.493691606,-0.327625941,0.335821857,0.532185703,-0.029354594,-0.748267974,-0.663228976,-0.615614968,0.980673595,-0.671261116,-0.647889714,-0.891460097,-0.293362948,-0.029216552,0.669515798,0.352245968,0.166545451,1.116616493,-1.222516264,0.391820521,-0.515837746,-0.038517733,-0.111630235,-0.034174623,0.491828635,0.039631582,-0.366125186,0.523864659,1.233818139,0.726336687,-0.253297614,0.047488852,-0.447478078,1.46178914,-0.080766806,FALSE
Giraffa_camelopardalis,0.981142165,1.337328676,1.714533795,-1.22323227,0.693764052,1.029508869,-1.000922655,0.880698466,0.857576819,0.624920415,1.097703446,-0.23442624,0.123212691,-0.509841991,1.052134819,-0.110910441,-0.525247582,-0.037101056,-0.474506878,-0.310612986,0.575543436,0.687736385,1.395528922,0.601362385,-0.935258272,-1.236476478,-0.13280484,1.063036137,1.082919817,1.175987853,0.378517106,1.118478477,1.680663239,0.902515458,-1.191984546,0.848062687,1.139857506,1.087916481,-0.363188226,0.498512249,-0.240201778,FALSE
Hemitragus_jemlahicus,-0.077999403,-0.154971027,0.360395845,-0.703651939,-0.841045807,0.19554409,-0.818187148,-0.669235885,0.090356146,-0.692327528,0.175545595,0.730120609,0.939236238,0.451421993,0.400746881,0.892790609,0.661392556,1.335362791,0.534768318,0.224428951,-0.198530746,-0.003941785,-0.280155716,-0.279624463,0.775100144,-0.721749876,0.334297134,-0.370137669,-0.394760327,0.188771919,-0.744597093,-0.324957126,-0.224935495,-0.183995102,-0.415014639,-0.639688715,-0.767680387,-0.236498399,-0.17821269,-0.559883358,3.033517949,FALSE
Hippocamelus_antisensis,-0.089774218,1.720337302,1.545505582,-1.207179706,-0.984643898,0.160278964,-0.861268417,-0.758773194,0.104883794,-1.127647121,0.330969885,-0.10828931,0.112230198,-0.474536643,1.138559402,0.147922829,-0.450444882,0.360461536,-0.484375709,-0.275779049,0.139201024,-0.397733623,0.224764516,0.292597412,-0.460612364,-1.233915535,-0.087854963,-0.41037369,-0.419239884,0.542459707,-1.533277564,-0.670710306,0.584366154,0.028260021,-1.280289337,-0.478476484,-0.028065731,-0.156067099,-0.367912087,0.009546157,1.901791819,FALSE
Hippocamelus_bisulcus,-0.273224015,-0.829419335,0.408644588,-0.871378181,-1.247949678,0.252103827,-1.160489749,-1.539266044,0.251225136,-1.120289019,0.102247967,0.24517583,-0.11223695,0.921589117,-1.04618545,-0.055296937,0.88949305,-0.232889169,0.716082676,-0.125383933,-0.619957594,-0.191261509,-0.681678147,-0.657084685,1.028314262,-0.894335714,0.246758887,-0.679057852,-0.845762844,0.029281245,-1.245492334,-1.063459063,-0.639943895,0.234994202,-0.163620225,-0.81760965,-1.895429096,-0.370466279,-0.112205913,-0.706477563,2.277773728,FALSE
Hippopotamus_amphibius,0.919323002,0.658472034,1.102212833,-1.051692792,0.56611306,0.921215359,-0.930935022,0.905776056,0.752623478,0.640391958,0.987416126,0.05005994,0.217692162,-0.343512778,0.499748955,0.221571449,-0.318680283,0.3319514,-0.324732821,-0.132605485,0.402606694,0.360921267,1.018850201,0.199213082,-0.611899831,-1.059533394,0.034278989,0.979078469,1.001293373,1.052824083,0.58446659,1.118478477,1.156057932,0.52748496,-0.774719977,0.607852138,0.991098782,0.997058312,-0.372187957,0.128955797,-0.357343611,FALSE
Hippotragus_equinus,1.353344489,0.609388452,1.04088962,-1.146729543,1.356358542,1.299876982,-0.953627468,1.130284468,1.160656706,1.390538688,1.374893341,0.220129255,1.017139219,-0.639134254,1.499810452,0.892780888,-0.668093329,-0.548462429,0.472079527,-0.177844117,0.718921981,0.425572899,1.506381219,0.934523281,-0.631138464,-1.128381471,0.05669811,1.571728321,1.577487316,1.380435216,1.465141575,1.118478477,1.965847646,1.255956528,-1.258477503,1.004423575,0.578281066,1.548753182,-0.346876792,-0.124253984,-0.500367298,FALSE
Hippotragus_niger,0.899525683,0.955178725,0.854895197,-0.974100021,0.677099923,0.823925371,-0.722362961,0.869605063,0.717671681,0.637755098,0.939306885,0.018072016,0.409963423,-0.565559646,1.155926841,0.473142008,-0.588270845,0.305902991,-0.551224764,0.261660514,0.691715022,-0.143894377,1.08666685,0.471902589,-0.66092981,-0.97196696,-0.0805702,0.951127493,0.974118502,1.035286369,0.496602953,1.118478477,1.167596287,0.571194128,-0.676138483,0.730796144,1.02370289,0.958881688,-0.420705548,-0.196448359,-0.363515392,FALSE
Hyemoschus_aquaticus,1.156280374,-0.540535068,1.857225532,-1.425229391,0.608378103,1.409505889,-1.590820862,0.99108984,1.101268018,0.798588959,1.304189358,3.423058968,3.017211618,2.056362405,-0.423746122,2.577440469,2.862570198,1.785201731,3.534563849,0.711688905,-0.043272877,1.639758274,0.948295671,-1.137464026,1.627530563,-1.436672607,3.448543315,1.302606907,1.315838505,1.196494844,0.850330229,1.118478477,1.467010049,0.974905172,-1.677659904,0.269416993,0.345395141,1.301006674,-0.22141268,-1.448796944,-0.479535008,FALSE
Hylochoerus_meinertzhageni,1.025080115,-0.28158334,2.07992249,-1.452473691,0.402159248,1.308428586,-1.581713723,0.785503427,1.011868574,0.560319621,1.2212127,2.370035308,1.893759931,1.575032879,-0.586284992,1.650583493,2.194626643,1.15561267,2.42130366,0.79013352,-0.030557741,1.559643452,0.935850821,-1.020168125,1.020136251,-1.472193578,2.504357691,1.124022858,1.14221314,1.158677213,0.540976018,1.118478477,1.516604146,0.937051824,-1.794347489,0.181184819,0.40095728,1.159735628,-0.14362678,-1.178210838,-0.019265156,FALSE
Kobus_ellipsiprymnus,1.043239019,0.62093858,1.255461827,-1.15626764,0.764315499,1.080172519,-1.026672268,0.903490116,0.909992035,0.807675212,1.129618292,0.172339491,0.530415461,-0.388310901,0.71530633,0.473789656,-0.368534657,0.039068887,0.427207192,-0.042978753,0.444861399,0.414979462,1.176258661,0.405315287,-0.55834763,-1.15790643,0.112556787,1.147948425,1.165474374,1.140558485,0.776201969,1.117036668,1.444010282,0.847846481,-1.074674102,0.665849841,0.774895525,1.151428159,-0.347901065,0.117677628,-0.316249893,FALSE
Kobus_kob,1.363493926,0.637035771,1.17114229,-1.193575159,1.351888032,1.339387393,-1.012116871,1.130858529,1.196290827,1.366294284,1.395551061,0.277568837,1.016094837,-0.638141662,1.391077652,0.951795338,-0.660589885,-0.4661315,1.947665634,0.129051934,0.683126773,0.13529713,1.525970194,0.938424956,-0.592941773,-1.187626348,0.110780151,1.584127619,1.589542327,1.311294409,1.43357617,1.118478477,1.823690416,1.32102226,-1.259631203,0.991507879,0.565426427,1.509849256,-0.368582304,0.496012174,-0.510774237,FALSE
Kobus_leche,0.913960329,1.454993732,0.791053566,-0.879258967,0.83739005,0.743678312,-0.505944232,0.929057028,0.681920481,0.695359799,0.911629342,-0.228455718,0.131327172,-0.639433387,1.320166033,0.178750051,-0.673323156,-0.130867468,-0.591328703,-0.276627136,0.773871121,-0.560996075,1.255074363,0.624813843,-0.920468537,-0.894296325,-0.26470831,0.972005981,0.994417265,1.042824965,0.410471415,1.118478477,1.20682784,0.60097327,-0.52494872,0.966945073,1.216993883,0.941708471,-0.432298413,0.010499443,-0.569878031,FALSE
Kobus_megaceros,1.285827747,0.622033134,1.493845184,-1.343850639,1.123986795,1.33758868,-1.156723468,1.079989607,1.17021591,1.093429665,1.376401312,0.179701089,0.51904076,-0.639433387,0.99856955,0.577549586,-0.673319926,-0.447140209,1.716168885,0.526015769,0.519360978,1.738419047,1.491342064,0.570706741,-0.654747456,-1.341119918,0.128774436,1.479978673,1.488285249,1.310388573,1.041189801,1.118478477,1.870352213,1.392990418,-1.374037511,0.893767826,0.641468899,1.416867818,0.21420826,0.481729727,-0.622331628,FALSE
Kobus_vardonii,0.955186106,0.937617477,0.836877733,-1.037786092,0.793688795,0.877401911,-0.722348413,0.876216865,0.758945123,0.698612703,1.00302387,0.290091151,0.946060975,-0.639433387,1.489286665,1.00810948,-0.679367183,0.472633442,-0.598821032,0.089522072,0.582070648,0.464694016,1.202282743,0.797837854,-0.469657821,-1.017534266,0.018557314,1.028389862,1.049235554,1.118147647,0.57072625,1.118478477,1.447082306,0.716809654,-0.984807197,0.761901515,0.845887618,1.058199711,-0.313087197,0.04343359,-0.477158536,FALSE
Lama_glama_guanicoe,-0.135835413,-0.341583985,0.519915957,-0.84356753,-0.953703339,0.291424394,-1.025853975,-1.167949824,0.301849074,-0.873945018,0.191184365,-0.380241869,-0.555319738,0.135518609,-0.73400829,-0.531389803,0.100843394,-0.603803484,0.011097266,-0.021353926,-0.483352601,-0.094952496,-0.441662196,0.285105978,-0.230629853,-0.87041453,-0.190192959,-0.476917286,-0.624863852,0.163109062,-1.030577466,-0.670212525,-0.46272986,0.303642881,-0.04203584,-0.531504333,-1.445482608,-0.22630779,-0.094576509,-0.172527848,1.299657066,TRUE
Litocranius_walleri,1.007903521,1.43041726,2.197637868,-1.40427047,0.669598288,1.157037071,-1.1959955,0.824219647,0.943540473,0.560456304,1.18824148,-0.228075753,0.240552606,-0.501454922,1.084792884,-0.163137149,-0.526248983,0.001174961,-0.520242702,-0.60597571,0.598073854,1.127665287,1.516290157,0.680612156,-0.966415914,-1.414695795,-0.094376245,1.099616022,1.118484,1.248849102,0.256840472,1.118478477,1.988848056,1.126242497,-1.68204715,0.773450057,1.114276567,1.147200851,-0.381812845,0.334659631,-0.129525706,FALSE
Madoqua_guentheri,0.90446477,1.461438307,2.211076585,-1.421478441,0.517508946,1.083301209,-1.190418895,0.684189451,0.895830825,0.386048793,1.124495107,-0.14564553,0.171964867,-0.301880053,0.552582483,-0.136372915,-0.267037088,-0.005426619,-0.249755636,-0.68742828,0.528050161,1.005062211,1.403708557,0.507161707,-0.868721767,-1.432945656,-0.03935533,0.959202336,0.981969134,1.184784613,0.040530844,1.118478477,1.91157089,1.150521874,-1.722104603,0.633598911,1.043811252,1.022969941,-0.332503582,0.304055462,0.375633924,FALSE
Madoqua_kirkii,0.827738458,0.636559928,1.555608593,-1.228595903,0.338381815,0.974360273,-1.152754235,0.628046973,0.750199303,0.355906816,0.9858916,0.007171229,0.296769905,-0.37111992,0.654120427,0.137468906,-0.335088256,0.251695643,-0.404711904,0.26172353,0.455593244,1.1495702,1.028739152,0.240511297,-0.631059357,-1.242540393,0.107765445,0.853695477,0.878054884,1.012377548,0.199246167,1.102315977,1.310771323,0.663523904,-1.130573892,0.426017716,0.716358767,0.906877137,-0.321410402,0.221497339,-0.071493365,FALSE
Madoqua_saltiana,1.093457804,0.741532171,1.234904303,-1.145536363,0.862104262,1.109231449,-1.004432482,1.090336754,0.935013419,0.877450472,1.152569667,-0.350439817,-0.144422086,-0.516395047,0.514606838,-0.259105621,-0.455095326,-0.413988917,-0.47163875,0.407721956,0.642636397,0.731790295,1.331519149,0.779321966,-1.028274268,-1.132737292,-0.221367063,1.216444176,1.232068226,1.204675965,0.852452806,1.118478477,1.693053423,0.979788277,-1.446524091,0.676451801,1.031281128,1.238110562,-0.388983568,1.067058114,0.016687165,FALSE
Mazama_americana,0.889044873,0.306266524,1.032182357,-1.02631585,0.547668402,0.964755237,-1.004117119,0.778749286,0.787603514,0.658767285,0.973890289,1.792447324,1.154236178,2.031151356,-1.022835828,1.096480369,2.382280181,1.33815084,1.550883435,0.802895954,-0.308285088,0.276508004,0.862460784,-1.579011275,0.937492401,-1.024963181,1.202205914,0.93593898,0.959351724,0.974447147,0.636093233,1.118478477,0.722840031,0.519245832,-0.176385403,0.751095139,1.0423771,0.967352543,-0.321691534,-0.904771389,-0.352015311,FALSE
Mazama_gouazoubira,1.071933926,-0.45567129,1.431251125,-1.26586606,0.607385676,1.272595615,-1.398787262,0.999896817,0.982178301,0.77211222,1.184719434,1.99755161,1.722459052,1.07156955,-0.443416764,1.678015803,1.30244482,0.594434377,2.027637117,-0.180211414,0.200575167,0.949527398,0.84848634,-0.696549323,0.915162643,-1.27779176,2.108282373,1.187831511,1.20425004,1.105873418,0.808834619,1.118478477,1.102883426,0.740236358,-0.937394508,0.431919824,0.528329056,1.190771721,-0.264677086,-0.803367018,-0.443970877,FALSE
Mazama_nana,0.82028826,0.640235458,0.81129436,-0.90030823,0.561470701,0.833281094,-0.810182012,0.701606725,0.695346317,0.646920816,0.882525155,1.529875796,0.752979575,2.454122418,-1.292270494,0.678222475,2.657883925,1.425649314,1.268314796,1.558224469,-0.496319771,-0.209907292,0.876816272,-1.76624647,0.807047084,-0.89122086,0.659689711,0.841055549,0.86710289,0.91547314,0.604462174,1.118478477,0.544344758,0.360679476,0.225122033,0.929214521,1.273158038,0.880391947,-0.34008571,-0.676067888,-0.409832618,FALSE
Mazama_pandora,1.12412709,-0.083713943,1.099309421,-1.159773674,0.755186889,1.210095227,-1.215406599,1.095303833,1.06004395,0.888795454,1.171171717,0.738000426,0.866389933,0.308264841,-0.082999796,0.685835981,0.28799108,0.568181458,0.073714337,-0.220694865,-0.398764717,0.725464557,0.993063422,-0.552345059,0.009535656,-1.172218568,0.528140364,1.260230445,1.274638696,1.136967092,0.892635509,1.118478477,1.158625798,1.057066986,-0.800017164,0.595903831,0.646540255,1.252571128,0.667713309,1.187542875,-0.469511686,FALSE
Mazama_rufina,0.38368289,-0.474684801,2.405645848,-1.507196378,-0.726899235,0.867890485,-1.690687229,-0.22266996,0.558623382,-0.542712211,0.784072699,1.682898035,1.075379118,2.1056124,-0.876226023,1.064865515,2.238642181,1.457189425,1.852228232,-0.07633589,-1.597561725,0.131663735,0.285208536,-1.522771024,1.268114814,-1.529609972,2.27644548,0.247657755,0.290181773,0.759606966,-0.60657636,0.502401995,0.998745001,0.439228029,-2.080398758,-0.732932492,-0.271793323,0.419710398,1.194933043,-0.405488407,2.221016019,FALSE
Mazama_temama,1.096784583,-0.593202099,1.412468657,-1.290170825,0.539396131,1.299182658,-1.480098815,0.993766977,1.036894685,0.774475713,1.204352953,2.139261294,2.088992972,0.684301534,-0.084950624,2.050640505,0.822795586,1.4343895,1.440419505,-0.135579023,-0.332423133,0.9478883,0.780459507,-0.418663276,1.068295051,-1.304307647,2.200769775,1.222156497,1.237621936,1.144769726,0.902809307,1.118478477,1.114512245,0.833270057,-1.209328883,0.177452263,0.40911076,1.241519048,0.193944833,0.051909918,-0.043508658,FALSE
Muntiacus_muntjak,0.900388121,-0.497857845,0.734772723,-0.996758755,0.453594481,0.986983892,-1.09613573,0.81473105,0.78338503,0.656564812,0.955272158,1.676497016,2.465142601,0.126810204,0.725368886,2.393755767,0.323777092,2.134099781,0.361607846,0.02187943,0.146898154,0.780242763,0.583206819,0.008908836,0.997684588,-0.999727814,1.298832448,0.953714514,0.96533412,0.930576192,0.817170698,1.00706039,0.866739461,0.448324296,-0.958272457,0.030038568,0.104447009,0.936621522,-0.254746022,-0.448193393,1.050424583,FALSE
Muntiacus_reevesi,0.016045634,-1.48672396,-0.240624641,-0.653530203,-0.682564726,0.417842665,-1.028709962,-0.995965965,0.157174351,-0.452771313,0.245596398,-0.062258507,-0.465249905,0.711179472,-1.464105158,-0.413074449,0.672499496,-0.241996007,0.195746007,-0.025284023,-0.269067774,0.620779623,-0.72751866,-0.634175943,0.602332634,-0.670718579,-0.031607354,-0.254559143,-0.48281315,0.132611751,-0.343705026,-0.21708966,-0.688911637,-0.464180718,-0.068886327,-0.78398181,-1.770416101,-0.109570401,0.027870485,-0.262549873,-0.40687372,FALSE
Nanger_granti,1.008271734,1.369254261,2.134345153,-1.402033913,0.682256468,1.15603974,-1.186419559,0.840239179,0.945865259,0.567390058,1.187599146,-0.244849078,0.210250703,-0.448530322,1.054354513,-0.20386284,-0.441870473,-0.126231766,-0.446820909,-0.295459804,0.334625036,1.802347561,1.501105728,0.679007101,-0.966526809,-1.409139713,-0.107259349,1.100986326,1.119816255,1.241773865,0.275774559,1.118478477,1.975220242,1.145370408,-1.676609221,0.757506713,1.115921435,1.14490806,-0.32810165,0.619140452,-0.193883298,FALSE
Nanger_soemmerringii,1.132889744,1.237214267,1.321601262,-1.181138426,1.003145711,1.099066335,-0.899067692,1.080811508,0.966959034,0.917219969,1.188898124,-0.14850572,0.134607846,-0.411114819,0.302827318,-0.051122553,-0.274032935,-0.294779886,-0.397652003,0.630389412,0.895618997,1.040097072,1.549885812,0.501975902,-0.92046854,-1.125780306,-0.148974401,1.27130581,1.285406536,1.276208327,0.876426407,1.118478477,1.900025035,1.109895149,-1.518507507,0.891578325,1.127588345,1.295952826,-0.389488207,1.124255275,0.032814282,FALSE
Neotragus_batesi,1.12412709,-0.824787625,1.891790828,-1.419838039,0.48034071,1.413637516,-1.679299006,0.875758949,1.094665433,0.740148892,1.272677826,2.18165281,2.004937189,0.607185993,-0.23702069,1.973523113,0.863725013,1.083662991,3.151738877,-0.13845306,0.081647483,0.525318181,0.81378087,-0.336060861,1.176309978,-1.43834601,2.655405738,1.258328124,1.272789197,1.162406842,0.853438954,1.118478477,1.365008391,0.873269602,-1.783346293,0.053680402,0.202832065,1.270308369,-0.249243429,-0.965347678,-0.442726962,FALSE
Neotragus_pygmaeus,1.146292056,-0.606966144,1.841000681,-1.423530123,0.586557685,1.409264599,-1.604569024,0.991048731,1.096736301,0.785408158,1.295754636,3.408035844,2.968367129,2.219191666,-0.45109746,2.520084762,3.023079047,1.797224609,3.298200711,0.374310749,-0.043698236,1.670195742,0.913800151,-1.335038026,1.592373419,-1.437083894,3.507351752,1.2898569,1.303442524,1.197498189,0.832136358,1.118478477,1.438864803,0.943657032,-1.680421312,0.229067864,0.355856326,1.297453699,-0.225301748,-1.420838529,-0.443954628,FALSE
Odocoileus_hemionus,0.087863107,0.932927839,0.319899773,-0.41824528,0.093423094,0.234533482,-0.269743877,-0.90751833,0.52061138,-0.128825423,0.229853818,-0.056344639,-0.018018675,-0.292396665,0.04955319,0.007162588,-0.256742348,-0.721932411,0.748065051,0.053284444,0.744717766,-0.037950087,0.060148841,0.670368758,-0.260089981,-0.427263444,-0.171774362,-0.191296459,-0.243739747,0.263411533,-0.432553607,-0.012961715,-0.233041436,0.831200423,0.663428696,0.293361806,-0.908563868,-0.05753031,-0.306488963,0.070754637,0.948016835,FALSE
Odocoileus_virginianus,0.323722661,0.282084451,-0.077042643,-0.116483058,0.393380503,0.240175908,-0.08402554,0.41155416,0.175857301,0.427179686,0.250858071,0.473832066,0.110158579,1.057943678,-0.899333458,0.137364484,1.043049291,0.503030912,0.349056403,-0.077229871,0.391279105,-0.079501607,0.203556061,-0.812348743,0.36088038,-0.104554499,-0.031751392,0.117759071,0.056496225,0.248478089,0.440410632,0.246008201,-0.095467647,-0.145448479,0.519990929,0.404047177,0.549558367,0.143953422,-0.068517772,-0.423875893,-0.160313814,FALSE
Oreamnos_americanus,-0.588052145,-0.125197497,-0.27464987,-0.198884107,-0.907448148,-0.286654985,-0.182457391,-1.574066689,0.024324392,-1.075333896,-0.323316903,0.507499336,0.263483987,0.825273282,-0.949987366,0.278586905,0.88225545,0.002684626,1.002251831,0.335158497,-0.016714009,-0.282324291,-0.777923253,-0.779954209,1.085216708,-0.183624287,0.106000955,-0.969068355,-0.981345359,-0.341335515,-1.358401772,-1.087480394,-0.763917299,-0.099442225,0.154282032,-0.694324172,-1.152350694,-0.915059021,-0.172576783,-0.154022564,1.568411016,FALSE
Oreotragus_oreotragus,0.618665596,0.77619968,0.996347889,-0.953363843,0.20409908,0.698923003,-0.851826167,0.393448408,0.587958776,0.237129718,0.74789837,-0.21403065,-0.162319974,-0.276818347,0.167165087,-0.14819694,-0.28612504,-0.074225207,-0.254704464,0.042063555,0.259500908,0.419728586,0.701322341,0.459532295,-0.734502079,-0.968582623,-0.1368069,0.568648842,0.602260008,0.808703496,0.10126614,0.98902381,0.645663732,0.406487824,-0.251394958,0.48463696,0.500159455,0.638491549,-0.410135211,0.347213141,0.433682859,FALSE
Oryx_beisa,1.065831563,1.394428559,2.169496955,-1.397204468,0.763180135,1.199535758,-1.195385609,0.905027431,0.981407763,0.660930643,1.227138606,-0.29240995,0.171935084,-0.532312495,1.174172742,-0.237051502,-0.555782352,-0.157853414,-0.540124551,-0.312147531,0.529341088,1.585850644,1.571288644,0.728043579,-1.027878705,-1.408256367,-0.135165587,1.178587585,1.195262787,1.285294517,0.376160133,1.118478477,2.042224891,1.157103174,-1.665767457,0.844608125,1.159358958,1.216236226,-0.361087615,0.796219761,-0.246419933,FALSE
Oryx_gazella,0.775376078,1.550559583,0.978849983,-0.852652782,0.573539167,0.678391621,-0.584413826,0.772069457,0.596056908,0.53747634,0.814309244,-0.600483682,-0.398381308,-0.627358271,1.167580243,-0.403157476,-0.65630044,-0.400606671,-0.580855666,0.244012055,0.632776052,-0.133570771,1.11021129,1.051376095,-1.227587559,-0.881837113,-0.418022597,0.782727145,0.810394071,0.940595644,0.330752865,1.109029141,0.944825613,0.442604374,-0.026807046,0.9483984,1.108263834,0.78234525,-0.462558429,0.307556878,-0.357978283,FALSE
Oryx_leucoryx,1.106601784,0.34471928,0.300084917,-0.523634647,1.251992256,0.973566274,-0.561790322,0.151667098,1.363997392,1.372111516,0.940557558,-0.915912089,-0.82887422,-0.639433387,1.402714502,-0.875779965,-0.679612692,-1.11413785,-0.364685756,0.905236258,0.857671607,-0.87981331,1.022880798,1.512058844,-1.484508147,-0.539030461,-0.551769706,1.234928806,1.2500396,0.902650438,1.476276513,1.084910207,0.610999073,1.777144328,0.483842116,1.14957855,-0.519108602,1.05868365,-0.454418421,0.723875147,-0.319849961,FALSE
Ourebia_ourebi,1.345137499,0.624782223,1.133298392,-1.179832601,1.331593725,1.318972995,-0.996490055,1.107515368,1.176865603,1.346981303,1.377795776,0.287678201,1.047501047,-0.637546508,1.406317235,0.964360992,-0.656855439,-0.474215963,1.417449454,0.165221505,0.732202936,0.051782817,1.504436659,0.904901812,-0.579055799,-1.170254616,0.111875412,1.560529412,1.566599363,1.325782025,1.408786525,1.118478477,1.863860488,1.293694975,-1.257540156,0.974647124,0.550901483,1.507205589,-0.350612316,0.011930163,-0.465582164,FALSE
Ovibos_moschatus,-1.531851812,-1.527734421,-1.119520327,0.92835047,-1.796502633,-1.239605987,0.584641399,-1.397463087,-1.482659295,-1.665846445,-1.310315977,-0.703145276,-0.65625772,-0.385251089,0.048280888,-0.674460238,-0.437681727,-0.615554939,-0.469468716,0.220741389,-0.245425082,-0.810085392,-1.431371438,0.001510037,0.307149615,0.854864594,-0.492300704,-1.130227266,-1.069573596,-1.297220815,-1.44474568,-1.420019588,-0.932662935,-1.048192866,-0.855208732,-1.781041279,-1.45942202,-1.546092832,0.594131104,0.531047862,-0.026376476,FALSE
Ovis_ammon,-0.731105316,0.437962926,-0.51054157,0.61728853,-0.72254318,-0.819959026,0.687441967,-0.479004426,-0.840089916,-0.745902285,-0.750056157,-0.698339274,-0.564857233,-0.552645627,0.826942678,-0.594138933,-0.565096999,-0.414397167,-0.523463977,0.084792515,0.17944523,-0.001729057,-0.668519227,0.529020922,-0.809712318,0.626040695,-0.498795615,-0.929071194,-0.926072924,-0.69768175,-0.83157858,-0.891200836,-0.840419388,-0.932222271,0.475819525,-0.462339578,0.034468373,-0.851658163,-0.263576356,0.719192339,0.890681618,FALSE
Ovis_aries_orientalis,-0.02731542,0.332087342,-0.333522503,0.138489943,0.183160707,-0.06825128,0.214302763,-0.8735957,0.533031097,0.073976646,-0.066154849,-0.757173971,-0.718053376,-0.564480321,0.051300323,-0.73999044,-0.574960362,-1.000607206,-0.264560999,-0.277744831,0.335032555,0.417113544,-0.029480369,1.123016754,-1.184690594,0.175069264,-0.513880756,-0.205002307,-0.29873989,-0.097981548,-0.009715794,-0.289863026,-0.389830258,0.710256121,0.83761827,0.360668656,-0.722598816,-0.248744025,-0.359933694,0.886800394,0.872596545,TRUE
Ovis_canadensis,0.160810936,1.283707691,0.24109908,-0.252226696,0.359197541,0.187464572,-0.031913938,-0.540800228,0.450569823,0.127939503,0.225248347,-0.508567485,-0.609821628,-0.181774575,-0.492669065,-0.612756156,-0.160109663,-0.553871009,-0.150148163,-0.261475508,0.738055303,-0.157042932,0.278088895,0.577291161,-0.740455759,-0.254856119,-0.418587928,-0.033919476,-0.068101018,0.289245701,-0.130987104,0.061765382,-0.07442611,0.755662201,0.761682893,0.607849679,-0.227974478,-0.021006778,-0.393747306,0.431772694,1.629726116,FALSE
Ovis_dalli,-1.053885914,-0.419512955,-0.717449632,0.530791326,-1.178834706,-0.849761121,0.434790958,-0.937967334,-0.577480756,-1.240113168,-0.877884919,-0.34970618,-0.373023515,-0.053701574,-0.361216779,-0.366839793,-0.067162778,-0.093196333,-0.204144144,-0.243945835,0.412146089,-0.621739616,-1.108488413,-0.602891177,0.702508924,0.514638188,-0.379203895,-1.075965787,-1.04366619,-0.892838301,-1.347105344,-1.297018574,-0.926859819,-0.697642709,0.015387938,-1.030002549,-0.613988499,-1.254684134,-0.225141746,0.452658562,1.936794769,FALSE
Ozotoceros_bezoarticus,0.7040674,0.896182313,0.834559106,-0.80793486,0.527148574,0.724569853,-0.679351384,0.763844529,0.538799055,0.506045079,0.762134856,0.3499108,0.275417814,0.042139819,-0.180033782,0.306980294,0.055913566,0.764254912,-0.183246527,-0.018056864,-0.265729249,0.071383166,0.769288927,-0.113735156,-0.232452302,-0.821499535,0.164715916,0.684339572,0.714738393,0.818578838,0.379654285,0.873010504,0.488722439,0.058122994,0.336972585,0.841703755,1.263415378,0.683644001,-0.283733634,-0.244504567,-0.493665854,FALSE
Pecari_tajacu,0.933240751,0.26199104,1.097664985,-0.958002077,0.677888886,0.999386598,-0.96878082,0.97987961,0.900046615,0.774497146,0.979229249,1.117379389,1.157705618,0.379495045,0.075853308,1.123439533,0.488810957,0.702947978,0.916222412,-0.119989149,0.254260581,0.733369902,0.848462447,0.012618028,0.221090815,-0.977262354,1.145384995,0.99827092,1.012701488,0.975168473,0.776463183,0.99235492,0.930541955,0.936718656,-0.550397115,0.547213334,0.677786996,0.963602858,-0.086975347,-0.08561591,0.205343378,FALSE
Pelea_capreolus,0.386603775,0.532659841,0.742365057,-0.856337473,-0.042521106,0.560445617,-0.816169719,-0.267443708,0.649150872,-0.036950054,0.562792857,-0.193114884,-0.341722953,0.049750438,-0.693067771,-0.3140568,0.037013194,-0.396025912,0.130432306,-0.21962489,0.283190287,0.540266389,0.309130308,0.249313761,-0.563415918,-0.872703407,-0.162021151,0.251274246,0.27322624,0.597373439,-0.201535517,0.704469816,0.098808799,0.85340565,0.269916196,0.32899813,-0.577606566,0.377114247,-0.40877663,0.427297275,0.646380146,FALSE
Phacochoerus_aethiopicus,1.006352544,0.593743474,1.547040604,-1.247337194,0.649610299,1.118445056,-1.154589489,0.808053545,0.929084328,0.668826164,1.128936601,0.217548206,0.435181631,-0.349771396,0.465166924,0.357290124,-0.27021191,0.011781514,0.36643916,0.006836694,0.539004971,0.659356776,1.163994212,0.253441668,-0.508323287,-1.249668165,0.242154584,1.098237033,1.117143301,1.136151323,0.569483192,1.113220796,1.526929349,0.933435335,-1.324745254,0.55528868,0.680616995,1.117786417,-0.350653299,0.025870702,-0.194344468,FALSE
Phacochoerus_africanus,1.139736852,0.707536603,1.172180701,-1.143698601,0.973015471,1.13577675,-0.970183124,0.959322279,0.988502506,0.996117012,1.203214011,0.165216632,0.704559307,-0.520625154,1.076062937,0.627130119,-0.517165083,-0.181442884,0.477711127,-0.014357072,0.568993321,0.390093487,1.308901184,0.63581927,-0.608902861,-1.140621551,0.069902389,1.279773499,1.293639106,1.215134835,0.98221103,1.1085761,1.627282543,1.010687712,-1.116793953,0.804199632,0.695572809,1.270338806,-0.346361976,0.081717418,-0.361741807,FALSE
Philantomba_maxwellii,1.149463841,-0.618095199,1.816587333,-1.421018345,0.589687266,1.410933678,-1.6048974,0.995312175,1.096783131,0.793795771,1.300220415,3.474349521,2.930287103,2.29399289,-0.510012921,2.531261514,3.120590982,1.922426444,3.356438501,0.541998815,-0.065215574,1.711660039,0.915179468,-1.312170931,1.675584462,-1.435286869,3.523268185,1.293777096,1.307253869,1.192525731,0.852855498,1.118478477,1.439785457,0.946440735,-1.689691712,0.234316396,0.339411433,1.297394585,-0.216565252,-1.503469273,-0.474995701,FALSE
Philantomba_monticola,0.832737121,-0.048472667,1.727880584,-1.338105178,0.16730885,1.073931193,-1.403329136,0.579713312,0.815840181,0.321797877,1.041428154,0.839435617,0.489751409,0.511020124,-0.51580927,0.549501535,0.726381662,0.650283611,0.756524964,0.006482625,0.134792161,0.861165405,0.754124723,-0.78640144,0.258307554,-1.358574056,0.88475418,0.861557074,0.887035156,1.043495155,0.293859767,1.115316249,1.220654614,0.598264938,-1.477560385,0.015247675,0.45671221,0.937760169,-0.142393887,-0.696659178,0.259224078,FALSE
Potamochoerus_larvatus,0.7323536,-0.041152278,1.082496957,-1.110837166,0.13296592,0.895573856,-1.174498733,0.491556881,0.683755195,0.317984351,0.886550602,0.117951797,0.133002509,0.026392923,-0.130394431,0.126753406,0.040969265,0.311979077,-0.207377225,-0.140715229,0.28897356,0.645623475,0.569905993,-0.062915839,-0.332979706,-1.127554146,0.207471622,0.724339864,0.75362801,0.90599955,0.350606341,1.118478477,0.722118862,0.271935902,-0.760108504,0.072277687,0.238621618,0.809380732,-0.222860358,0.055544355,-0.017600053,FALSE
Potamochoerus_porcus,1.167986857,-0.552893109,1.769808183,-1.402449572,0.642787743,1.412285364,-1.572516826,1.014306342,1.1133872,0.835716529,1.306268382,2.991459891,2.584570658,1.728857199,-0.391611003,2.254719025,2.43965179,1.592995568,3.036552332,0.469936909,0.025722815,1.446765874,0.951829414,-1.023254997,1.39204188,-1.415447634,3.0195348,1.318417827,1.331210409,1.20055539,0.895318491,1.118478477,1.462322017,0.977238277,-1.670113402,0.276293849,0.375521571,1.317895394,-0.23276977,-1.243911043,-0.431973375,FALSE
Procapra_picticaudata,-0.828752607,0.749312816,-0.053133128,-0.109018104,-1.464615946,-0.691258613,0.027223291,-1.077548017,-0.721863354,-1.461221989,-0.55409898,-0.355709115,-0.083399524,-0.559894957,1.061938348,-0.098027064,-0.572522415,0.373573569,-0.543818524,0.286938299,-0.032975957,-0.168399545,-0.779599963,-0.398078243,-0.148528705,-0.113472754,-0.321509255,-1.029199725,-0.997691507,-0.399064284,-1.636331044,-1.384332231,-0.696589425,-0.876879213,-0.410312939,-1.033937271,-0.460367941,-1.246534761,-0.099291113,0.425552699,0.807729459,FALSE
Pseudois_nayaur,-0.750436393,0.538842441,-0.09925325,-0.109095954,-1.273669836,-0.58332902,-0.001387514,-0.947097996,-0.508109606,-1.309503856,-0.493834219,-0.642309516,-0.519658028,-0.548255187,0.255675901,-0.55062732,-0.529964345,-0.359451505,-0.483659531,-0.046650409,-0.127286382,-0.034442723,-0.688273579,0.604885124,-0.732861178,-0.080950195,-0.445851366,-1.044528864,-1.01084722,-0.41564041,-1.488108779,-1.320157597,-0.643208988,-0.717514842,-0.292451352,-0.86656964,-0.385292,-1.12350607,-0.110267835,0.114519771,2.556084752,FALSE
Pudu_puda,-0.107800581,-0.106502944,0.579423963,-0.830121632,-0.733839074,0.348257874,-0.963886851,-1.500880103,0.468969943,-0.791119027,0.21552612,0.968288875,0.992733629,0.776573541,-0.275799292,0.976307777,0.908829621,-0.259188294,2.224439908,-0.023796671,-0.405021065,-0.04538728,-0.316834289,-0.324550376,1.311376353,-0.84959817,0.605726808,-0.424437831,-0.64750785,0.14175242,-1.081551538,-0.541186779,-0.481732234,0.848213879,0.330695623,-0.190295006,-1.896926429,-0.194726794,0.141322799,-0.668801356,1.822034977,FALSE
Rangifer_tarandus,-0.712420477,-1.553229369,-0.580763041,-0.350401817,-1.542359983,-0.203285578,-0.709696177,-1.409331723,-0.314858769,-1.369038623,-0.35351487,0.513441012,-0.005676273,1.143700034,-1.169174905,0.06940866,1.131721609,0.445980655,0.65188704,-0.550010834,0.449018464,-0.903700715,-1.184220007,-2.070714266,2.019844803,-0.387354981,0.179976082,-1.060582095,-1.042660882,-0.419803279,-1.385044661,-1.405626541,-0.896060555,-0.641033434,-0.47216947,-1.389207366,-1.488125669,-1.042312774,-0.278128658,-1.071624625,1.52233394,TRUE
Raphicerus_campestris,0.814672757,1.252306216,0.854430477,-0.843944084,0.598022888,0.714234724,-0.619048741,0.823611583,0.629943241,0.607198522,0.837863812,-0.374646627,-0.214189297,-0.518547816,0.755380555,-0.192202885,-0.543822609,-0.06445495,-0.496259229,-0.103271488,0.516223041,-0.148324889,1.035915699,0.658403215,-0.995130838,-0.864602953,-0.300616776,0.836365463,0.862543032,0.948084529,0.472262527,1.099271281,0.892817861,0.41496267,-0.093641366,0.882103248,1.083351513,0.82942475,-0.449419021,0.327276835,-0.369992315,FALSE
Raphicerus_melanotis,0.480154226,-0.077345341,0.741862466,-0.950715419,-0.053472059,0.715802442,-1.041874121,-0.422185652,0.807421112,0.049261874,0.664057631,-0.133248478,-0.252304451,0.087761252,-0.482237084,-0.206726625,0.042121059,-0.702580917,0.578748288,0.370304487,0.381748091,-0.097134516,0.220453302,0.478771133,-0.451642938,-0.974196701,-0.068775376,0.378085148,0.416987633,0.658464966,-0.010800866,1.031200976,0.064583293,1.060156808,0.141891265,0.110090657,-1.125797839,0.528357542,-0.335547908,-0.275486362,0.76452941,FALSE
Raphicerus_sharpei,0.955213257,0.829311992,0.885195156,-0.950772138,0.702101047,0.884289206,-0.791171946,1.047429852,0.745003563,0.76377227,0.973406941,-0.149604855,0.109536592,-0.523181182,0.869906834,0.173677135,-0.533199924,0.348122176,-0.525649076,-0.131238174,0.514326785,-0.003766611,1.084173083,0.473183343,-0.815465733,-0.956535139,-0.168430931,1.028415275,1.049260261,1.054855407,0.721924199,1.118478477,1.057139111,0.463533348,-0.410102647,0.82263974,1.277907815,1.031335006,-0.410153173,-0.023501091,-0.317117605,FALSE
Redunca_arundinum,0.831991538,0.68257268,0.798926817,-0.943066287,0.497947638,0.794926377,-0.797217132,0.851828515,0.645386671,0.558919722,0.885038696,0.069626347,0.203262487,-0.212829554,0.495397562,0.255113039,-0.252453003,0.488434775,-0.387918018,-0.508097874,0.474576384,-0.192338925,0.876632295,-0.047432828,-0.496562458,-0.957055319,-0.024747597,0.86048357,0.879124413,0.96340866,0.471721744,1.076247428,0.870527118,0.295260396,-0.46780762,0.563862032,0.99881246,0.881180395,-0.384997101,0.070310453,-0.364006056,FALSE
Redunca_fulvorufula,0.585837965,0.73630935,1.164770004,-1.02678702,0.068679934,0.69644252,-0.935764883,0.387541568,0.515202862,0.120096805,0.746782486,0.002520982,0.072615147,-0.217697473,0.061168186,0.032766667,-0.218472482,0.407422669,-0.350597908,0.076723052,0.397319937,0.535807406,0.684883912,-0.069890763,-0.524893333,-1.037944833,-0.01493093,0.523342802,0.555497908,0.805467583,-0.008912037,0.979627906,0.768560719,0.254862126,-0.628220316,0.266098206,0.692622931,0.596197766,-0.369785198,0.253394795,0.306502288,FALSE
Redunca_redunca,1.356236179,0.62789341,1.196175945,-1.201251506,1.337460718,1.342711125,-1.026108956,1.117445124,1.197436407,1.346112597,1.390790201,0.305433623,1.022207788,-0.632311387,1.35413573,0.973533878,-0.651606793,-0.450040419,2.087853742,0.242804855,0.735019343,0.013521116,1.517232352,0.911713366,-0.568315429,-1.19516428,0.134853187,1.574485839,1.580168267,1.299073351,1.406699681,1.118478477,1.801319302,1.325367413,-1.260320124,0.97442151,0.553349678,1.498694893,-0.369214505,0.316261916,-0.490809501,FALSE
Rhinoceros_unicornis,1.012755332,-0.072134666,0.239235499,-0.644246607,0.81644993,0.867335248,-0.693486484,1.278120167,0.682056304,1.004929903,0.881987187,1.917137672,3.562739196,-0.481603646,1.472657047,3.491326273,-0.351195464,3.936411703,-0.418630524,-0.100207228,0.229055022,0.45851838,0.690159746,0.547776933,1.125376393,-0.687564997,0.784918514,1.108991965,1.127599605,0.882625505,1.099038418,1.118478477,0.678612345,0.085964933,-0.303866347,0.283497248,0.610996284,0.953640414,-0.273381192,-0.337449953,0.399107216,FALSE
Rucervus_duvaucelii,1.069204032,0.094110657,0.155230992,-0.672173948,1.129029922,0.893474112,-0.52846345,1.184846983,0.780935589,1.183350036,0.957664609,1.431140688,2.855347012,-0.465113972,1.563582355,2.724366672,-0.276156675,1.732765109,-0.381061846,0.674798856,0.734116712,1.25230823,0.820635201,0.565461911,0.681709565,-0.624670803,0.505049737,1.182425064,1.198993712,1.000375204,1.369961972,1.118478477,0.881941698,0.444269006,-0.266843264,0.712413704,0.287994275,1.058273501,-0.36043542,0.311692431,-0.272090355,FALSE
Rupicapra_pyrenaica,-0.374402624,-1.364792593,-0.316208095,-0.544426804,-1.113578029,0.117645574,-0.884512934,-1.319166469,0.106924702,-0.964874161,-0.037601808,0.829067239,0.131797541,2.085992984,-1.470348004,0.144044397,2.08312243,0.407050314,0.825070224,-0.153785568,-0.473960878,0.142169118,-0.798379929,-1.717576833,1.775274003,-0.583388627,0.409887984,-0.85403352,-0.924193425,-0.095024371,-0.903228409,-0.974246838,-0.617829406,-0.265461284,-0.48326464,-1.214692164,-0.951666966,-0.55436745,-0.043375477,-0.744028788,2.321383011,FALSE
Rupicapra_rupicapra,-0.420255694,-1.435752348,-0.44622855,-0.459781777,-1.173083952,0.029472429,-0.798844843,-1.866984349,0.27360781,-1.013262086,-0.119356207,0.97067444,0.147328697,2.241762438,-1.48781717,0.240930032,2.225827061,0.561316877,1.117017624,0.197565869,-0.434465769,0.066828634,-0.856939094,-1.845286233,1.871441391,-0.48078984,0.445975898,-0.868544708,-0.915965614,-0.191784844,-0.948182583,-0.999984516,-0.682283772,-0.018858114,-0.441888565,-1.125155329,-1.901604938,-0.675888404,0.051245122,0.517272068,2.44393764,FALSE
Rusa_timorensis,0.623184236,-0.773389817,0.542585107,-0.93570174,-0.026969646,0.832414278,-1.188871862,0.603804057,0.552369732,0.285598408,0.750826589,1.046118673,0.671999347,1.311732569,-0.78245171,0.758595413,1.343211417,1.472854206,0.698441299,-0.425085607,0.413768891,0.487022933,0.173630265,-1.254702175,0.945377479,-0.956008688,0.816873065,0.574505445,0.607145717,0.699187736,0.454974732,1.010865911,0.241526903,0.033584012,-0.321679653,-0.124294,0.25338762,0.650817318,-0.308106686,-0.441144126,0.359578959,FALSE
Rusa_unicolor,1.019880341,-0.205966723,0.60362347,-0.903810819,0.848894942,1.009226482,-0.872223344,0.973873536,0.910541797,0.946298033,1.010454684,1.179047206,2.225529325,-0.146131761,1.188106461,1.952546354,0.004303596,0.983085922,0.05053122,0.005435863,0.419612263,0.678094761,0.773380361,0.232576515,0.493452542,-0.871810818,0.844982537,1.116847395,1.129928606,1.002723489,1.10746427,1.058762292,0.977635787,0.736871971,-0.695648505,0.438290348,0.16422881,1.040953341,-0.320294236,-0.008716796,0.507630926,FALSE
Sus_barbatus,1.151349304,-1.292045479,2.373938264,-1.501368781,0.346439478,1.494838838,-1.880023436,0.980516275,1.100132876,0.716138244,1.320282088,2.688388496,1.548080523,4.237630293,-1.28022794,1.607469246,4.212637064,1.790609689,2.951418979,-0.083483937,-0.32316188,0.356711195,0.640114666,-2.267522681,1.582045129,-1.520575924,4.230171361,1.295172088,1.308610127,1.189757451,0.948977306,1.118478477,1.242847316,0.714982754,-1.903426679,-0.299298113,-0.007338449,1.307498967,-0.070477217,-1.046993821,-0.08115062,FALSE
Sus_cebifrons,1.177848129,-1.199535112,1.95623671,-1.447338147,0.468187619,1.485162954,-1.787803315,1.017598515,1.106081496,0.810138873,1.323168383,2.257796845,1.587020172,1.282363204,-0.556918865,1.689128027,1.407196342,1.468712121,1.425776495,-0.286273299,-0.221816645,0.715228361,0.671332558,-0.710795357,1.396061211,-1.45162515,3.122558644,1.331441076,1.343872046,1.2021142,1.052449212,1.118478477,1.124576143,0.780630444,-1.633032242,-0.119411762,0.114447735,1.347358593,-0.131051884,-0.540239888,1.308508661,FALSE
Sus_scrofa,0.161086424,-0.997918731,-0.426053207,-0.258910014,-0.053425341,0.337507113,-0.50946755,-0.186098319,0.145614912,0.084563965,0.209565168,-0.143342821,-0.432181064,0.494976739,-1.207257507,-0.420741191,0.497933516,-0.300259291,0.094129115,-0.221043275,0.045688902,0.378402517,-0.355606299,-0.225280249,-0.041210106,-0.268572955,-0.199335249,-0.103135367,-0.272443024,0.101321713,0.167948418,0.001221303,-0.526795318,-0.346152756,0.409262795,-0.231871911,-0.413461395,-0.063810675,0.079481505,0.559404596,-0.028340155,TRUE
Sylvicapra_grimmia,1.278892287,0.608661236,1.176321624,-1.181762115,1.206906909,1.271479356,-1.010152567,1.041663239,1.123844151,1.225644768,1.326824407,0.288485387,0.947620688,-0.568994476,1.248930518,0.863887745,-0.568551502,-0.424380808,1.041500669,0.035304696,0.688364195,0.295414576,1.436211868,0.768422067,-0.549799038,-1.173359769,0.138918753,1.469739895,1.478330768,1.300113796,1.256520107,1.112714869,1.824739995,1.221316102,-1.270691359,0.901119321,0.571743097,1.438436786,-0.338268303,-0.142907659,-0.416316991,FALSE
Syncerus_caffer,1.103460975,0.6005902,1.306675319,-1.200331493,0.863394022,1.148123375,-1.058332535,0.901344316,0.977730725,0.89350852,1.196398988,0.244690972,0.695344627,-0.394522989,0.862044001,0.593115003,-0.357509669,-0.069042921,0.432486087,0.064286135,0.473830999,0.514150917,1.255423554,0.490231866,-0.524579811,-1.196747405,0.184709713,1.230356288,1.245594046,1.203509703,0.868215543,1.115915799,1.636372159,0.995632017,-1.25017658,0.688665894,0.65363787,1.236615379,-0.327307165,-0.006145741,-0.310480943,FALSE
Tapirus_bairdii,1.074140397,-0.219815907,1.365709549,-1.268788388,0.596983103,1.23691355,-1.355287885,0.965320739,1.036435371,0.746856139,1.178512527,2.679584563,2.683603622,1.046484731,0.000293664,2.663047949,1.190843136,1.784888907,1.376696214,-0.145594637,-0.343482491,1.089952963,0.910739436,-0.527974132,1.186382987,-1.274685848,2.215687699,1.190353075,1.206701588,1.14421071,0.794215943,1.118478477,1.204393827,1.001254205,-1.11334105,0.377423265,0.538006218,1.210894762,0.201267598,0.06136632,0.320797992,FALSE
Tapirus_pinchaque,0.060450518,-0.718258283,2.319747122,-1.485064857,-1.240563821,0.665993384,-1.738189579,-0.736258977,0.338238906,-1.061424206,0.546864718,1.274212293,0.509985984,2.345197668,-1.280053802,0.571475605,2.353315776,1.014314907,1.394475589,-0.284615024,-1.714845203,-0.088025452,-0.062606926,-2.148588074,1.364668177,-1.507968407,1.993292224,-0.193711796,-0.183674976,0.498311957,-1.176529975,0.071148458,0.608459111,0.20865662,-2.026032588,-1.080051531,-0.688110248,0.042809143,0.984677359,-0.395282639,2.240692706,FALSE
Tapirus_terrestris,0.820263968,0.622108796,0.828445841,-0.910067409,0.548965897,0.838292065,-0.82530734,0.713673215,0.702126358,0.635275207,0.885170381,1.520442939,0.80639535,2.1416464,-1.166453856,0.751438563,2.525741451,1.558967465,1.12185481,1.315897161,-0.456688839,-0.177232384,0.875348367,-1.812244272,0.796486765,-0.903205111,0.674026571,0.841130454,0.867175715,0.91614567,0.590245546,1.118478477,0.559661061,0.392556813,0.191049483,0.914372784,1.261081804,0.879884536,-0.339025635,-0.829253543,-0.337142221,FALSE
Taurotragus_oryx,0.763123071,0.743290158,1.470196279,-1.169580002,0.289358013,0.885800598,-1.059774697,0.570869054,0.691446119,0.30143482,0.922287105,0.008103895,0.200410345,-0.333593322,0.455495543,0.102467257,-0.271007538,0.186104361,-0.344965158,0.001830399,0.32354545,0.596592611,0.957255227,0.230194169,-0.609788281,-1.182057992,0.091569513,0.765347667,0.790887935,0.96871044,0.138222045,1.077136503,1.196716056,0.587884773,-1.025472956,0.422156843,0.706275716,0.817264427,-0.291260083,-0.00958646,-0.061662645,FALSE
Tayassu_pecari,1.106670242,-0.476963979,1.560646138,-1.325333687,0.588259434,1.312338245,-1.467065525,0.997176966,1.039248665,0.772143228,1.226475973,2.291583346,2.086752587,1.250959792,-0.328336376,2.030689228,1.434687793,1.099360208,2.102709823,-0.077518905,0.013210419,0.840106407,0.881636392,-0.718239974,1.076596863,-1.339051398,2.372452919,1.235213245,1.250316141,1.154820076,0.825843809,1.118478477,1.217921793,0.885664238,-1.196241198,0.335011356,0.485307033,1.240226528,-0.063042862,-0.612314089,-0.311788142,FALSE
Tragelaphus_angasii,0.9244603,0.287015886,0.864641275,-0.991311499,0.524778945,0.933787664,-0.975314263,1.031357203,0.732053123,0.707295613,0.97287942,-0.00777984,-0.021552223,-0.113779212,0.029576073,0.003379721,-0.123223846,0.534863713,-0.32940105,-0.379230649,0.601228065,-0.200370573,0.814826247,-0.130636825,-0.568370189,-1.004457413,-0.022428946,0.987352173,1.009337344,1.020831373,0.779982254,1.118478477,0.77809597,0.209085315,-0.316208231,0.579672814,1.153124513,1.019696606,-0.414611752,0.212419545,-0.348770096,FALSE
Tragelaphus_buxtoni,0.11171204,0.504513292,1.947327141,-1.434660597,-0.906723114,0.540115389,-1.345506286,-0.676971539,0.349774823,-0.922007543,0.569686934,0.572746448,0.382189354,0.075119168,-0.45806082,0.36938171,0.34836427,0.576643576,0.258626052,-0.26213441,0.352971321,1.922041306,0.266477443,-0.562543174,0.386999478,-1.458140613,0.601980309,-0.124633932,-0.071772616,0.633886254,-1.218084217,0.260249711,0.928341229,0.396952577,-2.008722716,-0.675960953,-0.324878203,0.093760907,-0.283259834,0.048101281,1.892123275,FALSE
Tragelaphus_eurycerus,1.153770748,-0.636150687,1.839521357,-1.422337111,0.590658546,1.418904893,-1.615488242,0.998154419,1.101227422,0.79915453,1.302360337,3.524659226,3.014141486,2.370082086,-0.496635193,2.555823741,3.208075806,1.907091086,3.392996406,0.562446869,-0.048408572,1.720537772,0.91251012,-1.346517374,1.676967677,-1.435739824,3.616381984,1.299730144,1.313041621,1.192464885,0.863405542,1.118478477,1.435349317,0.943557376,-1.688721917,0.230439788,0.339635047,1.303130668,-0.220245549,-1.506120837,-0.509048583,FALSE
Tragelaphus_imberbis,1.005543971,0.923303445,1.958573646,-1.358674531,0.619146377,1.172990941,-1.251020276,0.836746609,0.922469591,0.5809117,1.165718999,-0.140562635,0.300164397,-0.48913406,0.9949092,-0.079689585,-0.508479831,0.010182944,-0.508845532,-0.629764913,0.55056732,1.299240175,1.350108476,0.53622489,-0.856958576,-1.366776603,-0.007492267,1.096279004,1.115239641,1.187814511,0.374644803,1.118478477,1.774309717,0.958693081,-1.530085199,0.647091763,0.963030866,1.138523557,-0.36891107,0.211080198,-0.128196581,FALSE
Tragelaphus_scriptus,1.107510276,0.494455625,1.189820795,-1.169587586,0.882151293,1.148951893,-1.047388415,0.881354992,0.984636349,0.930149532,1.19119706,0.274940791,0.723562018,-0.375955774,0.826118637,0.665961,-0.355555391,-0.151697803,0.777450123,-0.001558913,0.527041843,0.384527789,1.200792445,0.482750988,-0.46096856,-1.167745433,0.178675176,1.23579384,1.250489661,1.179031341,0.939863734,1.097998197,1.516056222,0.95062072,-1.141751735,0.675699888,0.52352133,1.236138783,-0.337255745,0.018225534,-0.277061376,FALSE
Tragelaphus_spekii,1.10409271,-0.326609459,1.734222684,-1.352738176,0.586095867,1.333191277,-1.497808918,0.928065234,1.065829475,0.752883721,1.235378166,0.856487114,0.845642672,-0.061911304,-0.048337972,0.78455591,0.157662356,0.387368066,0.993899971,0.499002634,0.183370021,0.492412571,0.956880283,-0.24262491,0.142425864,-1.364088469,1.022648455,1.23231186,1.247495317,1.160331614,0.789452412,1.118478477,1.441574115,0.938082131,-1.671207641,0.237299255,0.479058391,1.247036701,-0.219021944,-0.566090802,-0.394949329,FALSE
Tragelaphus_strepsiceros,0.839653811,1.082866331,0.887667724,-0.911121491,0.574887787,0.762872877,-0.702433911,0.853999329,0.639697578,0.599617236,0.878838538,-0.222492772,-0.022091601,-0.461852278,0.77084596,0.009637379,-0.490109798,0.133484197,-0.507485976,0.085619289,0.490470375,0.10132963,1.018974698,0.474689659,-0.851760339,-0.924621431,-0.210360043,0.870440338,0.89567176,0.982904999,0.486533554,1.10489132,0.964353281,0.353565655,-0.316847779,0.779669115,1.122193179,0.882332227,-0.428409489,0.260245249,-0.279967928,FALSE
Tragulus_kanchil,1.194815101,-1.054718968,1.730315498,-1.401606941,0.52761019,1.434403391,-1.678004708,1.061822869,1.080045425,0.861363934,1.312848735,1.530091235,1.190442109,1.772770402,-0.470607103,1.128685387,1.827053171,1.105372177,1.425713248,-0.675366511,0.152708488,0.608167286,0.747181273,-1.317572063,0.724955085,-1.411823195,2.199506865,1.355891585,1.367643646,1.227152403,1.082934571,1.118478477,1.259378951,0.664167891,-1.751091404,-0.121804691,0.14210543,1.357106382,-0.286605938,-0.827257389,0.26232063,FALSE
Tragulus_napu,1.188797297,-1.21269338,2.159671867,-1.468616355,0.455598091,1.49817738,-1.814246635,1.028855623,1.116830873,0.806178172,1.335397275,2.835366401,2.132883463,3.672616452,-0.909022156,2.092752882,3.747267479,1.786343075,2.870252083,-0.113654721,-0.063606693,0.800108274,0.692936919,-1.877443338,1.500704629,-1.481461841,4.097009062,1.348119891,1.360087746,1.21250358,1.041096143,1.118478477,1.216445087,0.739718608,-1.795961551,-0.219082204,-0.001752386,1.352671256,-0.188912905,-0.750540562,0.032278927,FALSE
Vicugna_vicugna,-0.248779864,1.719758338,1.698230443,-1.292204596,-1.25607412,0.080991075,-0.924927457,-1.065904635,0.01844682,-1.443851857,0.250092615,0.008014505,0.394759515,-0.493774597,0.983140561,0.434625951,-0.483811186,1.012811185,-0.504667433,-0.296133466,-0.080735723,-0.452388006,0.065869281,0.426236969,-0.177327631,-1.31593801,-0.016334613,-0.618367082,-0.726738271,0.474750834,-1.867700799,-1.190738753,0.534756531,0.002453707,-1.507280407,-0.846155652,-0.324313715,-0.328143443,-0.17846501,-0.227292458,0.932649501,TRUE
