"","taxon_id","taxon_name","decimal_latitude","decimal_longitude"
"1",80777,"Antilocapra americana",32.109505,-101.457769
"2",80777,"Antilocapra americana",36.023656,-102.476765
"3",80777,"Antilocapra americana",37.615013,-112.175581
"4",80777,"Antilocapra americana",41.18813,-111.38638
"5",80777,"Antilocapra americana",35.804405,-112.127992
"6",80777,"Antilocapra americana",40.203226,-112.023983
"7",80777,"Antilocapra americana",40.572224,-112.069725
"8",80777,"Antilocapra americana",43.744237,-103.430579
"9",80777,"Antilocapra americana",43.618535,-103.486404
"10",80777,"Antilocapra americana",31.617625,-108.861017
"11",80777,"Antilocapra americana",37.815183,-106.185368
"12",80777,"Antilocapra americana",40.954707,-105.062538
"13",80777,"Antilocapra americana",40.95535,-105.064733
"14",80777,"Antilocapra americana",35.876529,-105.019275
"15",80777,"Antilocapra americana",38.746538,-104.685526
"16",80777,"Antilocapra americana",41.87634,-120.034647
"17",80777,"Antilocapra americana",44.424364,-111.371064
"20",80777,"Antilocapra americana",47.371559,-114.256793
"21",80777,"Antilocapra americana",35.147546,-105.976966
"22",80777,"Antilocapra americana",38.149678,-119.129047
"23",80777,"Antilocapra americana",38.54272,-118.642425
"24",80777,"Antilocapra americana",41.181173,-105.721006
"25",80777,"Antilocapra americana",41.214261,-105.81949
"26",80777,"Antilocapra americana",40.906333,-112.173742
"27",80777,"Antilocapra americana",41.039293,-112.210016
"28",80777,"Antilocapra americana",37.800707,-106.2031
"29",80777,"Antilocapra americana",32.487832,-101.191435
"30",80777,"Antilocapra americana",40.711744,-104.159274
"31",80777,"Antilocapra americana",37.60478,-112.207875
"32",80777,"Antilocapra americana",34.876348,-109.800939
"33",80777,"Antilocapra americana",40.660223,-106.313667
"34",80777,"Antilocapra americana",37.800049,-106.372987
"35",80777,"Antilocapra americana",31.769697,-110.667429
"36",80777,"Antilocapra americana",39.035546,-104.297186
"37",80777,"Antilocapra americana",44.938156,-110.312709
"38",80777,"Antilocapra americana",38.048971,-103.527374
"39",80777,"Antilocapra americana",36.873824,-104.385099
"40",80777,"Antilocapra americana",36.87456,-104.385759
"41",80777,"Antilocapra americana",36.34121,-104.612659
"42",80777,"Antilocapra americana",36.338323,-104.61387
"43",80777,"Antilocapra americana",36.341878,-104.615698
"44",80777,"Antilocapra americana",33.642375,-105.849762
"45",80777,"Antilocapra americana",41.129338,-104.8947
"46",80777,"Antilocapra americana",49.277936,-107.783276
"47",80777,"Antilocapra americana",35.842198,-104.947299
"48",80777,"Antilocapra americana",35.843506,-104.944641
"49",80777,"Antilocapra americana",36.338636,-104.615283
"50",80777,"Antilocapra americana",45.379583,-112.644843
"51",80777,"Antilocapra americana",36.7857,-104.265061
"52",80777,"Antilocapra americana",43.604581,-103.421343
"53",80777,"Antilocapra americana",31.57172,-111.505754
"57",80777,"Antilocapra americana",43.873498,-116.499301
"61",80777,"Antilocapra americana",41.42664,-99.955853
"63",80777,"Antilocapra americana",34.926548,-109.784198
"64",80777,"Antilocapra americana",35.973893,-104.752046
"65",80777,"Antilocapra americana",35.972607,-104.750375
"66",80777,"Antilocapra americana",35.972441,-104.751126
"67",80777,"Antilocapra americana",35.97008,-104.754285
"68",80777,"Antilocapra americana",42.141291,-112.995843
"69",80777,"Antilocapra americana",43.730804,-110.726817
"70",80777,"Antilocapra americana",43.73139,-110.728983
"71",80777,"Antilocapra americana",37.936856,-113.2225
"72",80777,"Antilocapra americana",33.7469,-107.223167
"73",80777,"Antilocapra americana",32.91457,-103.486965
"74",80777,"Antilocapra americana",39.614799,-104.676193
"75",80777,"Antilocapra americana",43.770908,-103.396068
"76",80777,"Antilocapra americana",41.637223,-108.383497
"77",80777,"Antilocapra americana",37.561634,-112.627541
"79",80777,"Antilocapra americana",39.081445,-114.7471
"80",80777,"Antilocapra americana",44.034126,-107.451187
"82",80777,"Antilocapra americana",31.938724,-105.201345
"83",80777,"Antilocapra americana",38.990072,-114.538213
"84",80777,"Antilocapra americana",35.041355,-109.644143
"85",80777,"Antilocapra americana",32.895986,-103.498016
"86",80777,"Antilocapra americana",39.08429,-113.23023
"87",80777,"Antilocapra americana",46.797909,-105.254693
"88",80777,"Antilocapra americana",49.581845,-111.539323
"89",80777,"Antilocapra americana",44.3135,-106.817927
"90",80777,"Antilocapra americana",34.316281,-106.81116
"91",80777,"Antilocapra americana",43.73767,-110.739738
"92",80777,"Antilocapra americana",49.403666,-111.74417
"93",80777,"Antilocapra americana",39.471681,-103.943509
"94",80777,"Antilocapra americana",31.716434,-110.719883
"95",80777,"Antilocapra americana",43.414945,-114.785842
"96",80777,"Antilocapra americana",43.649773,-103.376238
"97",80777,"Antilocapra americana",43.719034,-103.346255
"98",80777,"Antilocapra americana",40.162241,-109.598465
"99",80777,"Antilocapra americana",30.405582,-104.2685
"100",80777,"Antilocapra americana",30.508113,-104.397587
"101",80777,"Antilocapra americana",38.480792,-116.016122
"102",80777,"Antilocapra americana",44.169139,-114.871568
"103",80777,"Antilocapra americana",40.647993,-106.265898
"104",80777,"Antilocapra americana",50.462905,-111.85295
"105",80777,"Antilocapra americana",44.193879,-114.931224
"106",80777,"Antilocapra americana",34.312476,-110.890856
"107",80777,"Antilocapra americana",41.032363,-112.207554
"108",80777,"Antilocapra americana",41.04535,-112.233835
"109",80777,"Antilocapra americana",48.511928,-111.039169
"110",80777,"Antilocapra americana",43.99324,-107.223548
"111",80777,"Antilocapra americana",28.61637,-102.73994
"112",80777,"Antilocapra americana",37.692039,-113.093098
"113",80777,"Antilocapra americana",39.084617,-114.44221
"114",80777,"Antilocapra americana",38.990018,-114.538005
"115",80777,"Antilocapra americana",37.821944,-114.412778
"116",80777,"Antilocapra americana",43.041091,-115.434019
"117",80777,"Antilocapra americana",43.663,-110.632167
"118",80777,"Antilocapra americana",47.360775,-114.192366
"119",80777,"Antilocapra americana",45.355824,-112.040108
"120",80777,"Antilocapra americana",45.354256,-112.046889
"121",80777,"Antilocapra americana",34.857095,-118.658363
"122",80777,"Antilocapra americana",38.849823,-113.302973
"123",80777,"Antilocapra americana",41.029384,-112.233238
"124",80777,"Antilocapra americana",44.908323,-110.289031
"125",80777,"Antilocapra americana",40.282073,-109.133246
"126",80777,"Antilocapra americana",41.23543,-119.924325
"127",80777,"Antilocapra americana",38.980159,-110.124157
"128",80777,"Antilocapra americana",44.0275,-107.723889
"129",80777,"Antilocapra americana",33.104544,-101.263608
"130",80777,"Antilocapra americana",51.531356,-112.603435
"131",80777,"Antilocapra americana",44.427963,-110.588455
"132",80777,"Antilocapra americana",30.209907,-102.071405
"133",80777,"Antilocapra americana",35.812155,-101.337843
"134",80777,"Antilocapra americana",44.973451,-110.703758
"135",80777,"Antilocapra americana",29.836358,-106.2478
"136",80777,"Antilocapra americana",30.431627,-103.838054
"137",80777,"Antilocapra americana",42.995505,-106.712867
"138",80777,"Antilocapra americana",33.476566,-102.901933
"139",80777,"Antilocapra americana",41.28798,-105.702896
"140",80777,"Antilocapra americana",40.797271,-103.7731
"141",80777,"Antilocapra americana",38.84861,-109.611635
"142",80777,"Antilocapra americana",35.178936,-111.987741
"143",80777,"Antilocapra americana",47.328121,-114.223135
"144",80777,"Antilocapra americana",43.155105,-118.920135
"145",80777,"Antilocapra americana",41.454049,-120.551949
"146",80777,"Antilocapra americana",44.303437,-119.50998
"147",80777,"Antilocapra americana",34.899217,-109.790067
"148",80777,"Antilocapra americana",35.177644,-112.004285
"149",80777,"Antilocapra americana",31.716595,-110.549712
"150",80777,"Antilocapra americana",35.815375,-120.355256
"151",80777,"Antilocapra americana",43.707966,-110.719185
"152",80777,"Antilocapra americana",44.363107,-119.419958
"153",80777,"Antilocapra americana",43.575148,-103.490734
"154",80777,"Antilocapra americana",36.492561,-104.932014
"155",80777,"Antilocapra americana",44.553982,-119.646392
"156",80777,"Antilocapra americana",43.301196,-113.944702
"157",80777,"Antilocapra americana",40.974595,-103.997826
"158",80777,"Antilocapra americana",46.55415,-101.8415
"159",80777,"Antilocapra americana",38.091342,-114.902367
"160",80777,"Antilocapra americana",40.070062,-112.092905
"161",80777,"Antilocapra americana",34.852037,-118.564428
"162",80777,"Antilocapra americana",39.762472,-120.267136
"163",80777,"Antilocapra americana",40.372547,-112.078476
"164",80777,"Antilocapra americana",42.172426,-119.841566
"165",80777,"Antilocapra americana",34.823137,-109.890296
"166",80777,"Antilocapra americana",30.278085,-104.03437
"167",80777,"Antilocapra americana",30.565173,-103.88474
"168",80777,"Antilocapra americana",34.915014,-109.782324
"169",80777,"Antilocapra americana",38.78112,-104.525471
"170",80777,"Antilocapra americana",39.566475,-104.644625
"171",80777,"Antilocapra americana",51.130175,-108.257115
"172",80777,"Antilocapra americana",42.909655,-115.709853
"173",80777,"Antilocapra americana",36.829313,-102.81083
"174",80777,"Antilocapra americana",36.752617,-102.471822
"175",80777,"Antilocapra americana",43.948536,-103.41211
"176",80777,"Antilocapra americana",35.030698,-109.800719
"177",80777,"Antilocapra americana",31.785639,-110.648978
"178",80777,"Antilocapra americana",34.216914,-108.878594
"179",80777,"Antilocapra americana",34.782679,-111.44273
"180",80777,"Antilocapra americana",46.930103,-103.520737
"181",80777,"Antilocapra americana",43.748033,-103.365898
"182",80777,"Antilocapra americana",42.916458,-115.933914
"183",80777,"Antilocapra americana",42.886838,-102.286913
"184",80777,"Antilocapra americana",31.699801,-110.638332
"185",80777,"Antilocapra americana",35.065931,-109.78204
"186",80777,"Antilocapra americana",40.771451,-112.079615
"187",80777,"Antilocapra americana",34.812257,-109.871433
"188",80777,"Antilocapra americana",36.897066,-102.897429
"189",80777,"Antilocapra americana",43.736038,-110.738403
"190",80777,"Antilocapra americana",43.812558,-110.526413
"191",80777,"Antilocapra americana",43.819408,-110.52285
"192",80777,"Antilocapra americana",43.639958,-110.646583
"193",80777,"Antilocapra americana",43.809263,-110.504805
"194",80777,"Antilocapra americana",43.698953,-110.714753
"195",80777,"Antilocapra americana",49.197008,-107.526714
"196",80777,"Antilocapra americana",44.933512,-110.441812
"197",80777,"Antilocapra americana",35.034841,-109.691201
"198",80777,"Antilocapra americana",45.047778,-110.741342
"199",80777,"Antilocapra americana",40.68379,-104.370782
"200",80777,"Antilocapra americana",44.970649,-110.453646
"201",80777,"Antilocapra americana",41.192837,-111.099175
"202",80777,"Antilocapra americana",30.557416,-104.278387
"203",80777,"Antilocapra americana",43.64822,-103.361397
"204",80777,"Antilocapra americana",34.070418,-109.536084
"205",80777,"Antilocapra americana",37.796393,-106.278682
"206",80777,"Antilocapra americana",41.9167,-106.0667
"208",80777,"Antilocapra americana",41.759671,-112.572553
"209",80777,"Antilocapra americana",34.319269,-108.343019
"210",80777,"Antilocapra americana",39.503693,-122.219979
"211",80777,"Antilocapra americana",45.569231,-107.426371
"212",80777,"Antilocapra americana",49.123648,-112.694783
"213",80777,"Antilocapra americana",44.290052,-106.55124
"214",80777,"Antilocapra americana",49.157928,-106.464251
"215",80777,"Antilocapra americana",43.386267,-116.010118
"216",80777,"Antilocapra americana",40.709409,-104.024166
"217",80777,"Antilocapra americana",44.620142,-110.560806
"218",80777,"Antilocapra americana",40.698945,-104.328973
"219",80777,"Antilocapra americana",44.912051,-110.268828
"220",80777,"Antilocapra americana",30.526158,-104.386091
"221",80777,"Antilocapra americana",30.51933,-103.941812
"222",80777,"Antilocapra americana",32.573053,-110.0186
"223",80777,"Antilocapra americana",43.647955,-103.394303
"224",80777,"Antilocapra americana",41.752828,-117.462631
"225",80777,"Antilocapra americana",44.92993,-110.315087
"226",80777,"Antilocapra americana",30.298493,-103.118369
"227",80777,"Antilocapra americana",47.453835,-112.63342
"228",80777,"Antilocapra americana",41.697412,-117.505727
"229",80777,"Antilocapra americana",33.303388,-103.590028
"230",80777,"Antilocapra americana",38.939804,-104.482967
"231",80777,"Antilocapra americana",41.917801,-119.379468
"232",80777,"Antilocapra americana",42.501327,-119.636148
"233",80777,"Antilocapra americana",37.938542,-118.61235
"234",80777,"Antilocapra americana",37.567383,-112.217712
"235",80777,"Antilocapra americana",37.56982,-112.228774
"236",80777,"Antilocapra americana",34.650236,-105.467267
"237",80777,"Antilocapra americana",41.438258,-106.697042
"238",80777,"Antilocapra americana",41.040871,-109.75647
"239",80777,"Antilocapra americana",41.309917,-105.54612
"240",80777,"Antilocapra americana",34.697242,-111.599859
"241",80777,"Antilocapra americana",45.122259,-111.624277
"242",80777,"Antilocapra americana",44.95903,-112.996425
"243",80777,"Antilocapra americana",28.632728,-102.427135
"244",80777,"Antilocapra americana",38.145637,-119.125862
"245",80777,"Antilocapra americana",38.15472,-119.130552
"246",80777,"Antilocapra americana",38.208723,-119.014381
"247",80777,"Antilocapra americana",31.217492,-112.704662
"248",80777,"Antilocapra americana",31.705263,-110.663405
"249",80777,"Antilocapra americana",36.341372,-102.412783
"250",80777,"Antilocapra americana",43.602074,-103.38814
"251",80777,"Antilocapra americana",39.696294,-104.704003
"252",80777,"Antilocapra americana",44.999988,-110.693596
"253",80777,"Antilocapra americana",35.24985,-112.031455
"254",80777,"Antilocapra americana",44.927014,-110.305162
"255",80777,"Antilocapra americana",37.393077,-104.620709
"256",80777,"Antilocapra americana",37.396583,-104.628925
"257",80777,"Antilocapra americana",37.39916,-104.628935
"258",80777,"Antilocapra americana",37.385569,-104.611211
"259",80777,"Antilocapra americana",39.638738,-104.673985
"261",80777,"Antilocapra americana",41.037048,-112.242916
"262",80777,"Antilocapra americana",47.010392,-105.626116
"263",80777,"Antilocapra americana",43.803657,-110.631377
"264",80777,"Antilocapra americana",40.760446,-105.263586
"265",80777,"Antilocapra americana",31.828458,-109.949686
"266",80777,"Antilocapra americana",36.317209,-104.620554
"267",80777,"Antilocapra americana",36.305342,-104.624532
"268",80777,"Antilocapra americana",36.298027,-104.627879
"269",80777,"Antilocapra americana",34.927823,-109.718193
"270",80777,"Antilocapra americana",34.957513,-109.675016
"271",80777,"Antilocapra americana",44.072182,-120.974742
"272",80777,"Antilocapra americana",36.017812,-104.570702
"273",80777,"Antilocapra americana",33.078353,-103.589471
"274",80777,"Antilocapra americana",41.055395,-112.239705
"275",80777,"Antilocapra americana",40.556158,-106.286969
"276",80777,"Antilocapra americana",41.176405,-105.717514
"277",80777,"Antilocapra americana",40.987942,-109.208259
"278",80777,"Antilocapra americana",39.043056,-114.125278
"279",80777,"Antilocapra americana",37.602952,-112.735201
"280",80777,"Antilocapra americana",32.443093,-104.273645
"281",80777,"Antilocapra americana",49.323146,-109.666615
"282",80777,"Antilocapra americana",39.921245,-115.648115
"283",80777,"Antilocapra americana",35.127146,-109.69856
"284",80777,"Antilocapra americana",42.805509,-106.427538
"285",80777,"Antilocapra americana",40.668643,-106.320088
"286",80777,"Antilocapra americana",34.906853,-109.771588
"287",80777,"Antilocapra americana",30.287208,-104.027022
"288",80777,"Antilocapra americana",31.423466,-110.589973
"289",80777,"Antilocapra americana",44.910959,-110.383204
"290",80777,"Antilocapra americana",39.268411,-104.983292
"291",80777,"Antilocapra americana",41.293156,-106.017036
"292",80777,"Antilocapra americana",43.075968,-107.290284
"293",80777,"Antilocapra americana",42.755423,-105.583068
"295",80777,"Antilocapra americana",30.540354,-103.987827
"296",80777,"Antilocapra americana",30.539003,-104.337474
"297",80777,"Antilocapra americana",39.13006,-116.971436
"298",80777,"Antilocapra americana",38.455504,-118.913291
"299",80777,"Antilocapra americana",37.672393,-105.568135
"300",80777,"Antilocapra americana",46.979081,-103.538933
"301",80777,"Antilocapra americana",46.612186,-100.863419
"302",80777,"Antilocapra americana",41.855205,-101.095767
"303",80777,"Antilocapra americana",30.267019,-103.184542
"304",80777,"Antilocapra americana",45.042235,-111.649933
"305",80777,"Antilocapra americana",32.605338,-104.415835
"306",80777,"Antilocapra americana",42.360823,-110.480848
"307",80777,"Antilocapra americana",44.922941,-110.326466
"308",80777,"Antilocapra americana",39.036449,-105.660644
"309",80777,"Antilocapra americana",38.781729,-104.7079
"310",80777,"Antilocapra americana",43.684004,-110.731598
"311",80777,"Antilocapra americana",44.408592,-106.881769
"312",80777,"Antilocapra americana",34.939398,-109.75634
"313",80777,"Antilocapra americana",33.501835,-108.622219
"314",80777,"Antilocapra americana",41.036733,-112.240693
"315",80777,"Antilocapra americana",43.603276,-103.498192
"316",80777,"Antilocapra americana",43.630964,-110.658118
"317",80777,"Antilocapra americana",43.631536,-110.658567
"318",80777,"Antilocapra americana",44.942868,-110.724448
"319",80777,"Antilocapra americana",46.33961,-102.914809
"321",80777,"Antilocapra americana",35.978362,-104.745794
"322",80777,"Antilocapra americana",34.024665,-109.57629
"323",80777,"Antilocapra americana",40.996886,-112.197183
"324",80777,"Antilocapra americana",46.045606,-111.40679
"325",80777,"Antilocapra americana",40.296007,-112.098737
"326",80777,"Antilocapra americana",45.591165,-111.203531
"327",80777,"Antilocapra americana",44.525637,-110.440213
"329",80777,"Antilocapra americana",45.66095,-110.563585
"330",80777,"Antilocapra americana",35.049161,-112.037105
"331",80777,"Antilocapra americana",32.82184,-103.588335
"332",80777,"Antilocapra americana",34.931858,-109.783142
"333",80777,"Antilocapra americana",31.7723,-110.66292
"334",80777,"Antilocapra americana",35.16703,-111.713915
"335",80777,"Antilocapra americana",44.773865,-110.509412
"336",80777,"Antilocapra americana",37.65481,-112.163028
"337",80777,"Antilocapra americana",48.151517,-104.464007
"338",80777,"Antilocapra americana",41.152291,-104.853773
"339",80777,"Antilocapra americana",43.745843,-103.437665
"340",80777,"Antilocapra americana",44.875579,-110.217934
"341",80777,"Antilocapra americana",35.323494,-119.998941
"342",80777,"Antilocapra americana",36.628358,-103.1266
"343",80777,"Antilocapra americana",30.501638,-103.954353
"344",80777,"Antilocapra americana",30.238603,-104.055634
"345",80777,"Antilocapra americana",41.551073,-108.555384
"346",80777,"Antilocapra americana",36.086841,-100.119095
"347",80777,"Antilocapra americana",38.32442,-112.939453
"348",80777,"Antilocapra americana",44.913542,-110.291311
"349",80777,"Antilocapra americana",37.684262,-112.155132
"350",80777,"Antilocapra americana",44.61433,-111.723447
"351",80777,"Antilocapra americana",39.489205,-120.094299
"352",80777,"Antilocapra americana",40.729827,-120.698976
"353",80777,"Antilocapra americana",44.920054,-110.319686
"354",80777,"Antilocapra americana",35.248984,-119.918518
"355",80777,"Antilocapra americana",41.59737,-108.286743
"356",80777,"Antilocapra americana",44.422573,-110.586667
"357",80777,"Antilocapra americana",43.714542,-103.40538
"358",80777,"Antilocapra americana",33.41826,-108.43008
"359",80777,"Antilocapra americana",39.29379,-117.25969
"360",80777,"Antilocapra americana",38.183098,-105.824776
"361",80777,"Antilocapra americana",44.91121,-110.334878
"362",80777,"Antilocapra americana",37.534313,-112.495568
"363",80777,"Antilocapra americana",34.078896,-107.618294
"364",80777,"Antilocapra americana",41.370258,-120.53691
"365",80777,"Antilocapra americana",39.27568,-116.66074
"366",80777,"Antilocapra americana",41.962,-110.471667
"367",80777,"Antilocapra americana",37.554289,-112.630712
"368",80777,"Antilocapra americana",35.722638,-120.576296
"369",80777,"Antilocapra americana",37.621768,-112.172326
"370",80777,"Antilocapra americana",41.007283,-112.217788
"371",80777,"Antilocapra americana",43.599,-110.412667
"372",80777,"Antilocapra americana",44.868462,-110.174589
"373",80777,"Antilocapra americana",37.566667,-112.183333
"374",80777,"Antilocapra americana",30.020566,-103.507102
"375",80777,"Antilocapra americana",42.1495,-110.700833
"376",80777,"Antilocapra americana",34.1717,-109.0328
"377",80777,"Antilocapra americana",43.7775,-110.463667
"378",80777,"Antilocapra americana",44.954686,-110.559196
"379",80777,"Antilocapra americana",37.624521,-112.170834
"380",80777,"Antilocapra americana",40.958085,-112.214557
"381",80777,"Antilocapra americana",44.938496,-110.310931
"382",80777,"Antilocapra americana",43.82239,-110.509757
"383",80777,"Antilocapra americana",43.807788,-102.104035
"384",80777,"Antilocapra americana",33.642875,-103.339674
"385",80777,"Antilocapra americana",37.595518,-114.937077
"386",80777,"Antilocapra americana",30.346876,-104.049912
"387",80777,"Antilocapra americana",43.553027,-103.489151
"388",80777,"Antilocapra americana",36.863333,-104.373056
"389",80777,"Antilocapra americana",30.2725,-103.8422
"390",80777,"Antilocapra americana",37.505105,-112.625975
"391",80777,"Antilocapra americana",37.470122,-106.147911
"392",80777,"Antilocapra americana",36.772941,-104.495366
"393",80777,"Antilocapra americana",40.774679,-106.276741
"394",80777,"Antilocapra americana",44.617442,-111.65062
"395",80777,"Antilocapra americana",40.995697,-109.605746
"396",80777,"Antilocapra americana",37.728703,-106.202156
"397",80777,"Antilocapra americana",30.282637,-103.160371
"398",80777,"Antilocapra americana",43.573603,-103.486061
"399",80777,"Antilocapra americana",43.32921,-112.694964
"400",80777,"Antilocapra americana",41.236537,-105.830712
"401",80777,"Antilocapra americana",41.142161,-104.82618
"402",80777,"Antilocapra americana",38.015367,-104.910837
"403",80777,"Antilocapra americana",44.98289,-112.369828
"404",80777,"Antilocapra americana",42.816307,-109.839592
"405",80777,"Antilocapra americana",42.3991828781595,-119.780181164171
"406",80777,"Antilocapra americana",51.0386877491159,-114.095222044245
"407",80777,"Antilocapra americana",42.1332201696785,-104.96705582386
"408",80777,"Antilocapra americana",44.544953110988,-110.490927940831
"409",80777,"Antilocapra americana",47.800242,-108.106842
"410",80777,"Antilocapra americana",43.546045,-113.532975
"411",80777,"Antilocapra americana",35.19807,-111.65127
"412",80777,"Antilocapra americana",38.465955,-111.18782
"413",80777,"Antilocapra americana",37.839249,-106.287146
"414",80777,"Antilocapra americana",34.892585,-118.711779
"415",80777,"Antilocapra americana",34.954583,-118.743738
"416",80777,"Antilocapra americana",44.912402,-110.377321
"417",80777,"Antilocapra americana",35.07925,-119.644375
"418",80777,"Antilocapra americana",47.32229,-114.211721
"419",80777,"Antilocapra americana",42.40389,-107.48961
"420",80777,"Antilocapra americana",35.173687,-119.974461
"421",80777,"Antilocapra americana",40.771852,-112.042251
"422",80777,"Antilocapra americana",40.77134,-112.079977
"423",80777,"Antilocapra americana",40.694733,-104.085939
"424",80777,"Antilocapra americana",47.449245,-106.700164
"425",80777,"Antilocapra americana",29.08752,-102.621106
"426",80777,"Antilocapra americana",39.845845,-104.07383
"427",80777,"Antilocapra americana",34.46628,-104.711472
"428",80777,"Antilocapra americana",35.90171,-105.012345
"429",80777,"Antilocapra americana",34.063728,-104.537812
"430",80777,"Antilocapra americana",37.614078,-112.179863
"431",80777,"Antilocapra americana",40.766139,-115.636878
"432",80777,"Antilocapra americana",40.704131,-121.170831
"434",80777,"Antilocapra americana",31.774169,-110.539958
"435",80777,"Antilocapra americana",31.745551,-110.591025
"436",80777,"Antilocapra americana",31.720916,-110.587299
"437",80777,"Antilocapra americana",41.743043,-120.375977
"438",80777,"Antilocapra americana",44.917651,-110.327765
"439",80777,"Antilocapra americana",39.221607,-110.934477
"440",80777,"Antilocapra americana",44.869918,-110.19558
"441",80777,"Antilocapra americana",44.910293,-110.372188
"442",80777,"Antilocapra americana",45.963057,-113.029005
"443",80777,"Antilocapra americana",44.555012,-112.308768
"444",80777,"Antilocapra americana",43.067778,-118.197778
"445",80777,"Antilocapra americana",42.579802,-113.423343
"446",80777,"Antilocapra americana",42.568503,-113.563255
"447",80777,"Antilocapra americana",44.583048,-112.405637
"448",80777,"Antilocapra americana",30.534125,-104.353347
"449",80777,"Antilocapra americana",34.814182,-109.875421
"450",80777,"Antilocapra americana",40.649127,-104.409256
"451",80777,"Antilocapra americana",37.565288,-112.183177
"452",80777,"Antilocapra americana",44.863731,-110.168706
"453",80777,"Antilocapra americana",43.092961,-105.254517
"454",80777,"Antilocapra americana",37.70744,-106.43225
"455",80777,"Antilocapra americana",37.70723,-106.39115
"456",80777,"Antilocapra americana",43.720001,-110.695496
"457",80777,"Antilocapra americana",40.636929,-106.272809
"458",80777,"Antilocapra americana",44.883606,-110.157165
"459",80777,"Antilocapra americana",38.767443,-100.647305
"460",80777,"Antilocapra americana",31.443553,-101.3827
"461",80777,"Antilocapra americana",35.62939,-112.1182
"462",80777,"Antilocapra americana",27.4019147671925,-114.019488713873
"467",80777,"Antilocapra americana",43.137721,-118.644173
"468",80777,"Antilocapra americana",27.490807,-113.464801
"469",80777,"Antilocapra americana",34.00333,-109.43222
"470",80777,"Antilocapra americana",35.19806,-111.65056
"471",80777,"Antilocapra americana",34.814271,-112.19028
"472",80777,"Antilocapra americana",35.05528,-111.43972
"474",80777,"Antilocapra americana",34.321599,-107.491161
"475",80777,"Antilocapra americana",31.6504,-110.5965
"476",80777,"Antilocapra americana",31.413361,-110.428497
"479",80777,"Antilocapra americana",32.21028,-112.94889
"480",80777,"Antilocapra americana",32.785278,-113.763378
"481",80777,"Antilocapra americana",31.50718,-110.319929
"482",80777,"Antilocapra americana",39.618473,-104.653145
"483",80777,"Antilocapra americana",43.479929,-110.762428
"484",80777,"Antilocapra americana",35.249457,-112.191003
"485",80777,"Antilocapra americana",35.480291,-113.103843
"486",80777,"Antilocapra americana",42.93194,-112.438831
"487",80777,"Antilocapra americana",34.034002,-104.745422
"488",80777,"Antilocapra americana",43.687912,-110.656857
"489",80777,"Antilocapra americana",36.760263,-104.084473
"490",80777,"Antilocapra americana",34.078358,-107.618363
"491",80777,"Antilocapra americana",39.616791,-104.677727
"492",80777,"Antilocapra americana",49.101367,-103.995791
"493",80777,"Antilocapra americana",40.667098,-104.410631
"494",80777,"Antilocapra americana",44.868521,-110.174643
"495",80777,"Antilocapra americana",31.781196,-110.584263
"496",80777,"Antilocapra americana",35.822267,-104.941406
"497",80777,"Antilocapra americana",37.5827,-112.224855
"498",80777,"Antilocapra americana",31.714152,-110.590242
"499",80777,"Antilocapra americana",35.009432,-109.801236
"500",80777,"Antilocapra americana",34.807213,-109.877092
"501",80777,"Antilocapra americana",31.689508,-110.613576
"502",80777,"Antilocapra americana",31.678811,-110.647036
"503",80777,"Antilocapra americana",37.606867,-112.197792
"504",80777,"Antilocapra americana",30.175697,-103.253074
"505",80777,"Antilocapra americana",43.516689,-119.277191
"506",80777,"Antilocapra americana",44.805681,-110.447617
"507",80777,"Antilocapra americana",35.879,-104.859
"508",80777,"Antilocapra americana",31.01714,-107.880933
"509",80777,"Antilocapra americana",44.133681,-110.650606
"510",80777,"Antilocapra americana",41.648673,-106.810798
"511",80777,"Antilocapra americana",41.3015,-105.609
"512",80777,"Antilocapra americana",35.303553,-119.690392
"513",80777,"Antilocapra americana",43.543323,-103.48443
"514",80777,"Antilocapra americana",40.978824,-112.212978
"515",80777,"Antilocapra americana",39.763026,-120.237808
"516",80777,"Antilocapra americana",35.030812,-109.803725
"517",80777,"Antilocapra americana",34.8184,-109.876427
"518",80777,"Antilocapra americana",31.761555,-105.371075
"519",80777,"Antilocapra americana",35.425707,-111.953773
"520",80777,"Antilocapra americana",30.55455,-103.99002
"521",80777,"Antilocapra americana",38.264243,-109.416417
"522",80777,"Antilocapra americana",34.876102,-118.890959
"524",80777,"Antilocapra americana",30.213233,-103.045612
"525",80777,"Antilocapra americana",30.390405,-103.585556
"526",80777,"Antilocapra americana",30.285331,-103.110175
"527",80777,"Antilocapra americana",30.21503,-103.124444
"529",80777,"Antilocapra americana",40.888559,-104.350634
"530",80777,"Antilocapra americana",39.317785,-105.896058
"531",80777,"Antilocapra americana",34.858874,-109.795151
"532",80777,"Antilocapra americana",41.035859,-112.260533
"535",80777,"Antilocapra americana",36.187898,-104.672027
"536",80777,"Antilocapra americana",31.764703,-110.67845
"537",80777,"Antilocapra americana",47.809612,-108.593537
"538",80777,"Antilocapra americana",41.032402,-112.227917
"541",80777,"Antilocapra americana",34.963267,-118.639077
"542",80777,"Antilocapra americana",35.200501,-119.741075
"543",80777,"Antilocapra americana",39.651876,-104.608104
"544",80777,"Antilocapra americana",50.930763,-109.77857
"545",80777,"Antilocapra americana",47.371501,-114.256611
"546",80777,"Antilocapra americana",47.369379,-114.255624
"547",80777,"Antilocapra americana",46.776552,-113.715363
"548",80777,"Antilocapra americana",44.43378,-110.588379
"549",80777,"Antilocapra americana",41.649433,-117.272575
"550",80777,"Antilocapra americana",49.138742,-106.767474
"551",80777,"Antilocapra americana",41.016358,-112.215042
"552",80777,"Antilocapra americana",43.685998,-116.022491
"553",80777,"Antilocapra americana",44.535999,-110.225702
"554",80777,"Antilocapra americana",44.641689,-110.029741
"555",80777,"Antilocapra americana",44.428229,-110.160983
"556",80777,"Antilocapra americana",43.521333,-110.669397
"557",80777,"Antilocapra americana",37.713376,-111.795227
"558",80777,"Antilocapra americana",31.588145,-111.530511
"559",80777,"Antilocapra americana",41.395974,-110.088683
"560",80777,"Antilocapra americana",37.691884,-112.183209
"561",80777,"Antilocapra americana",36.323977,-103.639526
"562",80777,"Antilocapra americana",38.579966,-104.490128
"563",80777,"Antilocapra americana",34.637617,-118.327597
"564",80777,"Antilocapra americana",34.93867,-104.682489
"565",80777,"Antilocapra americana",50.165882,-107.765462
"566",80777,"Antilocapra americana",49.129984,-107.511237
"567",80777,"Antilocapra americana",49.078887,-107.762295
"568",80777,"Antilocapra americana",47.032929,-112.964344
"569",80777,"Antilocapra americana",48.197184,-108.689495
"570",80777,"Antilocapra americana",46.916972,-103.449154
"571",80777,"Antilocapra americana",50.675646,-108.402284
"572",80777,"Antilocapra americana",31.692197,-110.595948
"573",80777,"Antilocapra americana",39.069313,-119.512024
"574",80777,"Antilocapra americana",35.228737,-102.330322
"575",80777,"Antilocapra americana",41.030225,-112.225808
"576",80777,"Antilocapra americana",37.626825,-112.162212
"577",80777,"Antilocapra americana",36.711764,-102.271197
"578",80777,"Antilocapra americana",45.24588,-121.118769
"579",80777,"Antilocapra americana",42.895681,-106.652211
"580",80777,"Antilocapra americana",30.21609,-103.01971
"581",80777,"Antilocapra americana",34.06797,-107.609384
"582",80777,"Antilocapra americana",44.856537,-110.175407
"583",80777,"Antilocapra americana",31.772835,-110.643311
"584",80777,"Antilocapra americana",31.770645,-110.650349
"585",80777,"Antilocapra americana",41.64538,-107.754692
"586",80777,"Antilocapra americana",34.822717,-109.884632
"587",80777,"Antilocapra americana",40.970108,-112.202635
"588",80777,"Antilocapra americana",36.951795,-103.477011
"589",80777,"Antilocapra americana",36.926343,-102.991835
"590",80777,"Antilocapra americana",37.627299,-112.171301
"591",80777,"Antilocapra americana",44.427968,-110.588454
"592",80777,"Antilocapra americana",40.795098,-112.116508
"593",80777,"Antilocapra americana",39.645882,-112.960052
"594",80777,"Antilocapra americana",41.418015,-111.114349
"595",80777,"Antilocapra americana",40.066512,-112.821693
"596",80777,"Antilocapra americana",37.676756,-112.187405
"597",80777,"Antilocapra americana",40.973807,-112.198992
"598",80777,"Antilocapra americana",41.230663,-105.601507
"599",80777,"Antilocapra americana",44.455065,-109.720459
"600",80777,"Antilocapra americana",44.997061,-107.296085
"601",80777,"Antilocapra americana",43.780722,-101.998444
"602",80777,"Antilocapra americana",33.855437,-102.705898
"604",80777,"Antilocapra americana",44.86904,-110.166693
"605",80777,"Antilocapra americana",44.91188,-110.378197
"606",80777,"Antilocapra americana",39.192978,-106.362617
"607",80777,"Antilocapra americana",43.750048,-105.48156
"608",80777,"Antilocapra americana",44.829631,-111.19709
"609",80777,"Antilocapra americana",50.218333,-111.161111
"613",80777,"Antilocapra americana",41.77746,-106.938652
"614",80777,"Antilocapra americana",45.028648,-110.707695
"615",80777,"Antilocapra americana",39.043361,-117.710456
"616",80777,"Antilocapra americana",45.725356,-112.752686
"617",80777,"Antilocapra americana",34.357859,-106.880502
"618",80777,"Antilocapra americana",35.022828,-109.800758
"619",80777,"Antilocapra americana",39.707081,-119.096406
"620",80777,"Antilocapra americana",44.746107,-110.476456
"621",80777,"Antilocapra americana",36.500381,-102.992061
"622",80777,"Antilocapra americana",32.002383,-105.521887
"623",80777,"Antilocapra americana",36.650708,-104.501008
"624",80777,"Antilocapra americana",42.762467,-104.452175
"625",80777,"Antilocapra americana",43.025247,-118.788751
"626",80777,"Antilocapra americana",43.711564,-103.47765
"627",80777,"Antilocapra americana",30.51957,-103.941917
"628",80777,"Antilocapra americana",41.030962,-112.204707
"630",80777,"Antilocapra americana",34.87739,-109.795848
"631",80777,"Antilocapra americana",34.967092,-104.774842
"632",80777,"Antilocapra americana",35.004178,-109.801061
"634",80777,"Antilocapra americana",30.355907,-104.013034
"635",80777,"Antilocapra americana",31.628831,-110.500637
"636",80777,"Antilocapra americana",49.909771,-110.442975
"637",80777,"Antilocapra americana",43.121034,-120.949688
"638",80777,"Antilocapra americana",30.281664,-103.162428
"639",80777,"Antilocapra americana",45.116177,-110.783386
"640",80777,"Antilocapra americana",45.478849,-110.608252
"641",80777,"Antilocapra americana",41.04805,-112.235869
"642",80777,"Antilocapra americana",40.778745,-113.835204
"644",80777,"Antilocapra americana",32.827438,-104.673133
"645",80777,"Antilocapra americana",44.455349,-106.754494
"647",80777,"Antilocapra americana",35.189864,-119.863297
"648",80777,"Antilocapra americana",35.924342,-120.28736
"649",80777,"Antilocapra americana",40.686805,-104.408914
"650",80777,"Antilocapra americana",44.030359,-103.720346
"651",80777,"Antilocapra americana",43.993948,-103.771769
"652",80777,"Antilocapra americana",43.747092,-103.43169
"653",80777,"Antilocapra americana",47.145528,-103.731483
"654",80777,"Antilocapra americana",50.380713,-107.021118
"655",80777,"Antilocapra americana",50.375439,-107.004542
"656",80777,"Antilocapra americana",50.233625,-107.083139
"657",80777,"Antilocapra americana",50.355993,-106.82873
"658",80777,"Antilocapra americana",50.285942,-106.952442
"659",80777,"Antilocapra americana",50.285486,-106.906209
"660",80777,"Antilocapra americana",50.309646,-106.978927
"661",80777,"Antilocapra americana",50.328059,-104.42126
"662",80777,"Antilocapra americana",50.381032,-104.505882
"663",80777,"Antilocapra americana",50.016245,-104.224133
"664",80777,"Antilocapra americana",50.084059,-104.652825
"665",80777,"Antilocapra americana",50.158013,-104.189214
"666",80777,"Antilocapra americana",51.089598,-106.042538
"667",80777,"Antilocapra americana",34.563519,-105.279769
"668",80777,"Antilocapra americana",34.589703,-105.241598
"669",80777,"Antilocapra americana",36.171245,-104.652721
"670",80777,"Antilocapra americana",34.581676,-105.180073
"671",80777,"Antilocapra americana",34.586126,-105.22906
"672",80777,"Antilocapra americana",34.592624,-105.226792
"673",80777,"Antilocapra americana",30.195097,-104.231597
"674",80777,"Antilocapra americana",44.915282,-110.292669
"675",80777,"Antilocapra americana",34.937466,-110.641808
"676",80777,"Antilocapra americana",34.773006,-110.70298
"677",80777,"Antilocapra americana",34.8223,-109.781
"678",80777,"Antilocapra americana",31.746012,-105.22786
"679",80777,"Antilocapra americana",38.634693,-100.801167
"680",80777,"Antilocapra americana",34.065668,-107.607849
"681",80777,"Antilocapra americana",36.749472,-103.995633
"682",80777,"Antilocapra americana",44.285235,-109.465405
"683",80777,"Antilocapra americana",42.313288,-118.74635
"684",80777,"Antilocapra americana",49.721888,-106.636514
"685",80777,"Antilocapra americana",45.026561,-110.70317
"686",80777,"Antilocapra americana",30.301,-104.023833
"687",80777,"Antilocapra americana",37.739069,-117.273381
"688",80777,"Antilocapra americana",43.639797,-110.664064
"689",80777,"Antilocapra americana",43.342766,-114.824338
"690",80777,"Antilocapra americana",43.576362,-103.491554
"691",80777,"Antilocapra americana",31.712469,-110.456841
"693",80777,"Antilocapra americana",43.651603,-110.641851
"694",80777,"Antilocapra americana",43.699551,-102.392793
"695",80777,"Antilocapra americana",47.325792,-114.282532
"696",80777,"Antilocapra americana",41.052967,-112.244278
"697",80777,"Antilocapra americana",43.680225,-110.726652
"698",80777,"Antilocapra americana",35.105305,-119.681625
"699",80777,"Antilocapra americana",43.654627,-110.717774
"700",80777,"Antilocapra americana",41.028607,-112.233582
"701",80777,"Antilocapra americana",44.928555,-109.67536
"702",80777,"Antilocapra americana",44.876671,-110.223587
"703",80777,"Antilocapra americana",37.565604,-112.224752
"704",80777,"Antilocapra americana",43.674408,-110.666008
"705",80777,"Antilocapra americana",43.733664,-110.723
"706",80777,"Antilocapra americana",40.990529,-112.196527
"707",80777,"Antilocapra americana",43.737695,-110.735703
"708",80777,"Antilocapra americana",44.484577,-110.641248
"709",80777,"Antilocapra americana",34.008777,-107.48711
"710",80777,"Antilocapra americana",41.032492,-112.228088
"711",80777,"Antilocapra americana",31.679534,-110.655359
"712",80777,"Antilocapra americana",44.066482,-119.406458
"713",80777,"Antilocapra americana",28.758817,-102.712803
"714",80777,"Antilocapra americana",36.482387,-104.940101
"715",80777,"Antilocapra americana",31.711094,-110.558174
"716",80777,"Antilocapra americana",45.018564,-110.697947
"717",80777,"Antilocapra americana",43.770897,-103.39606
"718",80777,"Antilocapra americana",32.488166,-101.502557
"719",80777,"Antilocapra americana",39.300256,-122.227136
"720",80777,"Antilocapra americana",37.608187,-112.181999
"721",80777,"Antilocapra americana",42.49097,-120.27081
"722",80777,"Antilocapra americana",38.023648,-116.093204
"723",80777,"Antilocapra americana",47.363457,-114.240516
"724",80777,"Antilocapra americana",41.153145,-104.845703
"725",80777,"Antilocapra americana",39.360266,-104.596915
"726",80777,"Antilocapra americana",36.107435,-104.874565
"727",80777,"Antilocapra americana",36.137782,-104.943377
"728",80777,"Antilocapra americana",36.13778,-104.943367
"729",80777,"Antilocapra americana",35.12749,-119.772606
"730",80777,"Antilocapra americana",31.294092,-101.228378
"731",80777,"Antilocapra americana",42.85986,-109.989624
"732",80777,"Antilocapra americana",30.310246,-104.003223
"733",80777,"Antilocapra americana",30.289066,-104.06736
"734",80777,"Antilocapra americana",30.293,-103.9494
"735",80777,"Antilocapra americana",30.580148,-104.557958
"736",80777,"Antilocapra americana",30.598771,-104.526
"737",80777,"Antilocapra americana",30.129688,-104.121509
"738",80777,"Antilocapra americana",44.598885,-110.499898
"739",80777,"Antilocapra americana",30.434811,-104.28772
"740",80777,"Antilocapra americana",43.87626,-102.412791
"741",80777,"Antilocapra americana",31.793448,-105.543381
"742",80777,"Antilocapra americana",31.9344,-109.2294
"743",80777,"Antilocapra americana",41.2356,-103.5053
"744",80777,"Antilocapra americana",40.957998,-112.20717
"745",80777,"Antilocapra americana",37.596571,-112.17879
"746",80777,"Antilocapra americana",43.709083,-110.726223
"747",80777,"Antilocapra americana",35.931039,-112.124062
"748",80777,"Antilocapra americana",44.740947,-110.028152
"749",80777,"Antilocapra americana",38.538035,-110.713207
"750",80777,"Antilocapra americana",43.636891,-103.479708
"751",80777,"Antilocapra americana",31.774906,-110.621655
"752",80777,"Antilocapra americana",40.791563,-112.056341
"753",80777,"Antilocapra americana",31.709706,-110.570317
"754",80777,"Antilocapra americana",37.553854,-112.237901
"755",80777,"Antilocapra americana",37.08052,-113.473833
"756",80777,"Antilocapra americana",49.306536,-105.353903
"757",80777,"Antilocapra americana",40.594345,-112.043472
"758",80777,"Antilocapra americana",44.831007,-109.375134
"759",80777,"Antilocapra americana",34.393574,-106.792221
"760",80777,"Antilocapra americana",35.581167,-111.50197
"762",80777,"Antilocapra americana",31.659,-110.598569
"763",80777,"Antilocapra americana",40.740667,-104.411808
"764",80777,"Antilocapra americana",43.569546,-103.481179
"765",80777,"Antilocapra americana",41.23572,-121.144018
"766",80777,"Antilocapra americana",46.735908,-100.984961
"767",80777,"Antilocapra americana",40.752765,-104.003281
"768",80777,"Antilocapra americana",32.864916,-103.505294
"769",80777,"Antilocapra americana",43.639328,-103.367363
"770",80777,"Antilocapra americana",43.667437,-103.363109
"771",80777,"Antilocapra americana",44.903443,-104.492035
"772",80777,"Antilocapra americana",43.645151,-103.361404
"773",80777,"Antilocapra americana",43.702626,-103.342104
"774",80777,"Antilocapra americana",43.705713,-103.479979
"775",80777,"Antilocapra americana",42.570275,-119.598083
"776",80777,"Antilocapra americana",42.234148,-104.997537
"777",80777,"Antilocapra americana",31.776979,-110.645911
"778",80777,"Antilocapra americana",37.593038,-112.18709
"779",80777,"Antilocapra americana",42.890052,-105.275116
"780",80777,"Antilocapra americana",30.56058,-103.920195
"781",80777,"Antilocapra americana",43.713333,-103.334444
"782",80777,"Antilocapra americana",32.612999,-101.563003
"783",80777,"Antilocapra americana",36.44791,-104.4869
"784",80777,"Antilocapra americana",32.886002,-101.439003
"785",80777,"Antilocapra americana",41.801493,-121.155785
"786",80777,"Antilocapra americana",37.741942,-112.382069
"787",80777,"Antilocapra americana",38.955897,-105.533531
"788",80777,"Antilocapra americana",34.815266,-109.873613
"789",80777,"Antilocapra americana",41.55,-105.7167
"790",80777,"Antilocapra americana",23.6604227190004,-101.164167964395
"791",80777,"Antilocapra americana",42.4848651448474,-108.534488275324
"792",80777,"Antilocapra americana",38.866657,-102.019745
"793",80777,"Antilocapra americana",38.866646,-102.038368
"794",80777,"Antilocapra americana",40.988289,-106.790558
"795",80777,"Antilocapra americana",37.385548,-100.25003
"797",80777,"Antilocapra americana",38.897774,-101.788925
"800",80777,"Antilocapra americana",37.712123,-113.197214
"801",80777,"Antilocapra americana",34.45572,-103.666221
"802",80777,"Antilocapra americana",35.929253,-112.930484
"803",80777,"Antilocapra americana",37.67304,-103.62133
"804",80777,"Antilocapra americana",44.92245,-110.282628
"805",80777,"Antilocapra americana",40.458666,-107.414667
"806",80777,"Antilocapra americana",35.262597,-102.335564
"807",80777,"Antilocapra americana",35.246337,-102.328869
"808",80777,"Antilocapra americana",44.916065,-110.396618
"809",80777,"Antilocapra americana",44.93151,-110.728454
"810",80777,"Antilocapra americana",37.055561,-117.427611
"811",80777,"Antilocapra americana",37.258862,-112.781912
"813",80777,"Antilocapra americana",49.830812,-110.822778
"814",80777,"Antilocapra americana",43.529321,-116.149467
"815",80777,"Antilocapra americana",33.444544,-104.128418
"816",80777,"Antilocapra americana",41.2025,-121.0429
"817",80777,"Antilocapra americana",39.318453,-110.708674
"818",80777,"Antilocapra americana",37.68382,-112.145777
"819",80777,"Antilocapra americana",35.090099,-119.700101
"820",80777,"Antilocapra americana",36.228056,-100.141944
"821",80777,"Antilocapra americana",35.370495,-111.54786
"822",80777,"Antilocapra americana",38.707434,-104.704759
"823",80777,"Antilocapra americana",43.85538,-102.339691
"824",80777,"Antilocapra americana",37.60827,-112.17267
"825",80777,"Antilocapra americana",43.069611,-118.749699
"826",80777,"Antilocapra americana",51.406957,-109.089576
"827",80777,"Antilocapra americana",32.855154,-103.531677
"828",80777,"Antilocapra americana",51.214733,-110.291337
"829",80777,"Antilocapra americana",51.524662,-110.374042
"830",80777,"Antilocapra americana",51.36983,-110.421973
"831",80777,"Antilocapra americana",32.927822,-103.474144
"832",80777,"Antilocapra americana",49.391961,-107.515792
"833",80777,"Antilocapra americana",39.901138,-114.890362
"834",80777,"Antilocapra americana",42.56187,-119.689605
"835",80777,"Antilocapra americana",30.297106,-103.130637
"836",80777,"Antilocapra americana",39.995583,-112.852635
"837",80777,"Antilocapra americana",30.286689,-102.663909
"838",80777,"Antilocapra americana",32.774636,-103.370258
"839",80777,"Antilocapra americana",30.284485,-102.902779
"840",80777,"Antilocapra americana",33.886336,-109.32792
"841",80777,"Antilocapra americana",40.588042,-106.345253
"842",80777,"Antilocapra americana",38.522998,-117.248957
"843",80777,"Antilocapra americana",42.7085499779306,-84.518195151981
"844",80777,"Antilocapra americana",43.687737,-103.430786
"845",80777,"Antilocapra americana",43.747288,-110.714722
"846",80777,"Antilocapra americana",37.633129,-112.166809
"848",80777,"Antilocapra americana",34.957996,-109.767151
"850",80777,"Antilocapra americana",41.473473,-104.340591
"851",80777,"Antilocapra americana",39.256422,-109.022857
"852",80777,"Antilocapra americana",46.613643,-108.73735
"853",80777,"Antilocapra americana",46.879798,-108.392045
"854",80777,"Antilocapra americana",47.05773,-108.597676
"855",80777,"Antilocapra americana",30.465834,-103.965691
"856",80777,"Antilocapra americana",42.959311,-118.960798
"857",80777,"Antilocapra americana",42.962046,-118.97173
"858",80777,"Antilocapra americana",38.782077,-108.033454
"859",80777,"Antilocapra americana",34.957694,-118.494415
"860",80777,"Antilocapra americana",40.974654,-105.067432
"861",80777,"Antilocapra americana",37.499878,-112.599425
"862",80777,"Antilocapra americana",40.694757,-106.361467
"863",80777,"Antilocapra americana",34.753613,-112.320831
"864",80777,"Antilocapra americana",44.944389,-110.635071
"865",80777,"Antilocapra americana",49.850034,-108.722642
"866",80777,"Antilocapra americana",42.980259,-118.952504
"867",80777,"Antilocapra americana",42.968452,-118.951817
"868",80777,"Antilocapra americana",39.788742,-118.071639
"869",80777,"Antilocapra americana",43.417079,-118.799909
"870",80777,"Antilocapra americana",39.68906,-118.173761
"873",80777,"Antilocapra americana",38.828108,-104.800632
"874",80777,"Antilocapra americana",39.789294,-118.092353
"875",80777,"Antilocapra americana",41.037032,-112.237637
"876",80777,"Antilocapra americana",41.03696,-112.237616
"877",80777,"Antilocapra americana",41.034661,-112.236435
"878",80777,"Antilocapra americana",31.583758,-111.520157
"879",80777,"Antilocapra americana",31.846338,-105.814117
"880",80777,"Antilocapra americana",40.460045,-120.296088
"881",80777,"Antilocapra americana",31.774294,-110.641251
"882",80777,"Antilocapra americana",31.92704,-106.045381
"883",80777,"Antilocapra americana",35.120207,-103.978386
"884",80777,"Antilocapra americana",50.005118,-104.148067
"886",80777,"Antilocapra americana",34.815121,-109.842596
"887",80777,"Antilocapra americana",44.401234,-110.829977
"888",80777,"Antilocapra americana",41.041886,-112.239847
"889",80777,"Antilocapra americana",43.048017,-110.157166
"891",80777,"Antilocapra americana",38.72583,-106.198629
"892",80777,"Antilocapra americana",31.679991,-110.600181
"894",80777,"Antilocapra americana",31.68231,-110.601339
"895",80777,"Antilocapra americana",45.026556,-110.703212
"896",80777,"Antilocapra americana",39.764047,-120.220949
"897",80777,"Antilocapra americana",39.76969,-120.216351
"898",80777,"Antilocapra americana",39.769789,-120.217037
"899",80777,"Antilocapra americana",39.792759,-120.322716
"900",80777,"Antilocapra americana",50.490695,-104.737295
"901",80777,"Antilocapra americana",38.783572,-104.705252
"902",80777,"Antilocapra americana",31.672556,-110.601722
"903",80777,"Antilocapra americana",49.223389,-109.625431
"904",80777,"Antilocapra americana",31.658139,-110.604
"905",80777,"Antilocapra americana",41.062616,-103.483527
"906",80777,"Antilocapra americana",42.504522,-104.05199
"907",80777,"Antilocapra americana",43.903299,-110.591274
"908",80777,"Antilocapra americana",42.989853,-108.051707
"909",80777,"Antilocapra americana",50.209055,-111.311465
"910",80777,"Antilocapra americana",34.342572,-106.638795
"911",80777,"Antilocapra americana",35.513505,-105.953522
"912",80777,"Antilocapra americana",37.628316,-112.167695
"913",80777,"Antilocapra americana",34.778889,-118.755556
"914",80777,"Antilocapra americana",35.142087,-119.743004
"915",80777,"Antilocapra americana",43.568937,-113.481256
"916",80777,"Antilocapra americana",30.551026,-103.951778
"917",80777,"Antilocapra americana",49.142764,-111.652914
"918",80777,"Antilocapra americana",44.957022,-110.511374
"919",80777,"Antilocapra americana",50.292237,-108.192198
"920",80777,"Antilocapra americana",38.879875,-109.310242
"921",80777,"Antilocapra americana",49.381939,-107.553229
"922",80777,"Antilocapra americana",49.470934,-108.971085
"923",80777,"Antilocapra americana",51.49087,-107.975629
"924",80777,"Antilocapra americana",32.072538,-105.764694
"925",80777,"Antilocapra americana",43.825469,-110.498919
"926",80777,"Antilocapra americana",41.045647,-112.241512
"927",80777,"Antilocapra americana",45.91328,-111.764672
"928",80777,"Antilocapra americana",40.954619,-109.573298
"929",80777,"Antilocapra americana",49.095925,-107.483368
"930",80777,"Antilocapra americana",51.48198,-109.10437
"931",80777,"Antilocapra americana",48.174786,-106.850967
"932",80777,"Antilocapra americana",34.620572,-105.382836
"933",80777,"Antilocapra americana",35.739476,-105.239604
"934",80777,"Antilocapra americana",49.08233,-106.583505
"935",80777,"Antilocapra americana",43.770982,-103.395987
"936",80777,"Antilocapra americana",50.764933,-109.20088
"937",80777,"Antilocapra americana",43.939439,-106.600342
"938",80777,"Antilocapra americana",35.173387,-111.106796
"939",80777,"Antilocapra americana",30.212817,-103.12383
"940",80777,"Antilocapra americana",44.918484,-110.129245
"941",80777,"Antilocapra americana",43.484854,-110.738385
"942",80777,"Antilocapra americana",51.24732,-110.515637
"943",80777,"Antilocapra americana",45.036385,-110.731216
"944",80777,"Antilocapra americana",31.667484,-110.618114
"945",80777,"Antilocapra americana",30.71556,-112.15917
"946",80777,"Antilocapra americana",40.563566,-107.390145
"947",80777,"Antilocapra americana",40.563422,-107.390403
"948",80777,"Antilocapra americana",40.769743,-103.894786
"949",80777,"Antilocapra americana",40.538105,-107.511837
"950",80777,"Antilocapra americana",36.770987,-104.165828
"951",80777,"Antilocapra americana",41.040781,-112.243592
"952",80777,"Antilocapra americana",41.005982,-112.19412
"953",80777,"Antilocapra americana",41.040872,-112.249062
"954",80777,"Antilocapra americana",41.03049,-112.198004
"955",80777,"Antilocapra americana",40.829798,-114.23099
"956",80777,"Antilocapra americana",39.389645,-105.780774
"957",80777,"Antilocapra americana",42.174523,-119.850268
"958",80777,"Antilocapra americana",31.491779,-110.664568
"959",80777,"Antilocapra americana",35.036083,-109.675412
"960",80777,"Antilocapra americana",39.662942,-104.735199
"961",80777,"Antilocapra americana",40.659682,-120.65673
"962",80777,"Antilocapra americana",32.279058,-110.566156
"963",80777,"Antilocapra americana",40.293731,-120.200572
"964",80777,"Antilocapra americana",43.661465,-110.664243
"965",80777,"Antilocapra americana",34.015388,-109.568024
"966",80777,"Antilocapra americana",35.484463,-113.516278
"968",80777,"Antilocapra americana",35.149877,-119.807007
"969",80777,"Antilocapra americana",44.918,-110.318
"970",80777,"Antilocapra americana",40.7873,-103.863029
"971",80777,"Antilocapra americana",36.6553,-103.7547
"972",80777,"Antilocapra americana",44.646849,-110.467873
"973",80777,"Antilocapra americana",42.729704,-104.155884
"974",80777,"Antilocapra americana",38.569305,-110.70177
"975",80777,"Antilocapra americana",44.806876,-110.448614
"976",80777,"Antilocapra americana",44.977278,-110.700185
"977",80777,"Antilocapra americana",39.643239,-120.39093
"979",80777,"Antilocapra americana",46.879682,-110.362566
"981",80777,"Antilocapra americana",49.16667,-110.85
"982",80777,"Antilocapra americana",50.8400968398243,-111.600702015647
"983",80777,"Antilocapra americana",50.6165087943808,-108.467270594931
"985",80777,"Antilocapra americana",50.7331673617888,-108.75061150252
"986",80777,"Antilocapra americana",41.583333,-109.216667
"987",80777,"Antilocapra americana",44.3,-105.5
"988",80777,"Antilocapra americana",50.05,-110.683333
"991",80777,"Antilocapra americana",32.601381,-108.743857
"992",80777,"Antilocapra americana",42.407408,-103.692907
"993",80777,"Antilocapra americana",46.966841,-103.532538
"994",80777,"Antilocapra americana",40.103942,-106.880836
"995",80777,"Antilocapra americana",34.614032,-112.351659
"996",80777,"Antilocapra americana",34.607679,-112.359897
"997",80777,"Antilocapra americana",42.4146659519963,-106.893472285694
"998",80777,"Antilocapra americana",42.0749143854065,-109.405487285552
"999",80777,"Antilocapra americana",45.1645260317612,-110.902687966013
"1003",80777,"Antilocapra americana",43.0001460545736,-107.500745613318
"1010",80777,"Antilocapra americana",36.398496,-102.131696
"1011",80777,"Antilocapra americana",36.357554,-100.939943
"1012",80777,"Antilocapra americana",36.97806,-102.95699
"1013",80777,"Antilocapra americana",36.380354,-103.411213
"1014",80777,"Antilocapra americana",36.362815,-104.756387
"1015",80777,"Antilocapra americana",36.34886,-104.831261
"1016",80777,"Antilocapra americana",31.72102,-110.531495
"1017",80777,"Antilocapra americana",47.352826,-114.177616
"1018",80777,"Antilocapra americana",42.705852,-118.596497
"1019",80777,"Antilocapra americana",40.939854,-112.203704
"1020",80777,"Antilocapra americana",41.209853,-121.114515
"1021",80777,"Antilocapra americana",41.04154,-112.227102
"1022",80777,"Antilocapra americana",41.96677,-112.886467
"1023",80777,"Antilocapra americana",50.02442,-107.474114
"1024",80777,"Antilocapra americana",35.529159,-113.425491
"1025",80777,"Antilocapra americana",31.712886,-110.590036
"1026",80777,"Antilocapra americana",34.832968,-118.730793
"1027",80777,"Antilocapra americana",39.311872,-108.999481
"1028",80777,"Antilocapra americana",39.745193,-104.176754
"1029",80777,"Antilocapra americana",34.933118,-118.499908
"1030",80777,"Antilocapra americana",40.672046,-106.318474
"1031",80777,"Antilocapra americana",40.455,-106.44
"1032",80777,"Antilocapra americana",35.4575,-101.382
"1034",80777,"Antilocapra americana",30.34505,-103.081321
"1035",80777,"Antilocapra americana",30.28195,-103.16072
"1036",80777,"Antilocapra americana",30.268065,-103.182435
"1037",80777,"Antilocapra americana",34.722847,-112.506738
"1038",80777,"Antilocapra americana",50.20781,-110.500158
"1039",80777,"Antilocapra americana",36.629204,-101.547165
"1040",80777,"Antilocapra americana",33.651208,-105.867348
"1041",80777,"Antilocapra americana",38.883016,-110.636272
"1042",80777,"Antilocapra americana",33.426255,-103.973751
"1043",80777,"Antilocapra americana",33.269436,-103.392419
"1044",80777,"Antilocapra americana",33.529166,-105.50702
"1045",80777,"Antilocapra americana",38.472944,-117.236481
"1046",80777,"Antilocapra americana",34.662846,-102.898657
"1047",80777,"Antilocapra americana",29.85851,-104.290895
"1048",80777,"Antilocapra americana",41.009438,-112.21035
"1049",80777,"Antilocapra americana",39.188626,-104.851112
"1050",80777,"Antilocapra americana",36.863375,-105.985436
"1051",80777,"Antilocapra americana",37.614544,-112.178517
"1052",80777,"Antilocapra americana",31.770537,-110.6735
"1053",80777,"Antilocapra americana",31.779582,-110.651532
"1054",80777,"Antilocapra americana",40.95584,-105.059681
"1055",80777,"Antilocapra americana",43.609283,-110.686045
"1056",80777,"Antilocapra americana",44.715334,-110.728491
"1057",80777,"Antilocapra americana",42.147221,-110.185555
"1058",80777,"Antilocapra americana",42.573563,-119.596358
"1059",80777,"Antilocapra americana",36.388717,-102.795491
"1060",80777,"Antilocapra americana",31.683795,-110.655348
"1061",80777,"Antilocapra americana",42.925466,-114.405452
"1062",80777,"Antilocapra americana",31.635648,-110.593981
"1063",80777,"Antilocapra americana",31.67712,-110.647168
"1064",80777,"Antilocapra americana",31.677061,-110.648772
"1065",80777,"Antilocapra americana",31.645944,-110.599638
"1066",80777,"Antilocapra americana",41.858311,-110.765877
"1067",80777,"Antilocapra americana",38.300723,-119.110401
"1068",80777,"Antilocapra americana",35.078801,-105.933509
"1069",80777,"Antilocapra americana",44.877282,-110.823212
"1070",80777,"Antilocapra americana",30.291603,-103.057251
"1071",80777,"Antilocapra americana",50.533588,-111.992242
"1072",80777,"Antilocapra americana",41.438361,-106.706586
"1073",80777,"Antilocapra americana",35.252792,-112.637334
"1074",80777,"Antilocapra americana",30.575468,-103.883629
"1076",80777,"Antilocapra americana",30.52838,-103.936775
"1077",80777,"Antilocapra americana",37.683534,-112.153328
"1078",80777,"Antilocapra americana",37.839371,-106.251174
"1079",80777,"Antilocapra americana",35.481361,-113.137894
"1080",80777,"Antilocapra americana",44.872787,-110.207062
"1081",80777,"Antilocapra americana",42.68247,-120.528345
"1082",80777,"Antilocapra americana",38.873211,-117.655163
"1083",80777,"Antilocapra americana",35.922559,-112.12389
"1084",80777,"Antilocapra americana",34.181134,-104.455261
"1085",80777,"Antilocapra americana",34.877553,-118.636872
"1086",80777,"Antilocapra americana",50.221899,-103.808417
"1088",80777,"Antilocapra americana",50.126389,-110.633333
"1089",80777,"Antilocapra americana",50.070833,-110.805556
"1090",80777,"Antilocapra americana",50.133333,-110.665278
"1098",80777,"Antilocapra americana",37.492294,-116.048584
"1099",80777,"Antilocapra americana",35.874201,-112.131786
"1100",80777,"Antilocapra americana",32.479045,-108.362465
"1101",80777,"Antilocapra americana",34.860846,-118.645693
"1102",80777,"Antilocapra americana",31.728824,-110.65825
"1103",80777,"Antilocapra americana",43.665394,-110.637739
"1104",80777,"Antilocapra americana",34.769908,-112.369258
"1105",80777,"Antilocapra americana",34.54002,-112.4685
"1106",80777,"Antilocapra americana",43.790428,-110.681763
"1107",80777,"Antilocapra americana",39.395483,-105.786209
"1108",80777,"Antilocapra americana",34.85889,-104.569244
"1109",80777,"Antilocapra americana",43.805118,-110.504093
"1110",80777,"Antilocapra americana",31.634676,-110.597649
"1111",80777,"Antilocapra americana",43.440613,-116.072899
"1112",80777,"Antilocapra americana",30.36747,-103.661743
"1113",80777,"Antilocapra americana",29.29598,-103.238525
"1114",80777,"Antilocapra americana",31.611084,-109.220417
"1116",80777,"Antilocapra americana",42.485094,-104.896798
"1117",80777,"Antilocapra americana",37.057698,-106.482843
"1118",80777,"Antilocapra americana",38.758961,-104.496911
"1119",80777,"Antilocapra americana",31.772292,-110.66358
"1120",80777,"Antilocapra americana",49.368961,-105.07792
"1121",80777,"Antilocapra americana",40.712893,-104.122576
"1122",80777,"Antilocapra americana",47.762202,-107.777889
"1123",80777,"Antilocapra americana",40.659248,-104.486872
"1124",80777,"Antilocapra americana",43.669532,-110.658511
"1125",80777,"Antilocapra americana",43.965304,-108.003229
"1126",80777,"Antilocapra americana",45.028224,-110.703746
"1127",80777,"Antilocapra americana",41.039007,-112.2594
"1128",80777,"Antilocapra americana",40.741014,-104.399471
"1129",80777,"Antilocapra americana",43.621021,-103.479538
"1130",80777,"Antilocapra americana",36.388923,-102.68151
"1131",80777,"Antilocapra americana",40.826557,-104.192551
"1132",80777,"Antilocapra americana",35.351118,-120.004594
"1133",80777,"Antilocapra americana",41.626444,-105.570374
"1134",80777,"Antilocapra americana",36.837993,-101.192456
"1135",80777,"Antilocapra americana",35.25343,-119.931564
"1136",80777,"Antilocapra americana",30.392717,-103.99829
"1137",80777,"Antilocapra americana",35.016838,-119.939744
"1138",80777,"Antilocapra americana",43.55756,-102.592377
"1139",80777,"Antilocapra americana",41.05483,-112.242812
"1140",80777,"Antilocapra americana",47.322222,-114.211667
"1141",80777,"Antilocapra americana",34.974444,-109.670478
"1142",80777,"Antilocapra americana",34.800567,-118.729088
"1143",80777,"Antilocapra americana",34.80671,-109.877498
"1144",80777,"Antilocapra americana",34.815249,-109.853653
"1145",80777,"Antilocapra americana",41.023842,-112.199507
"1146",80777,"Antilocapra americana",38.823583,-110.677384
"1149",80777,"Antilocapra americana",41.013973,-112.224999
"1150",80777,"Antilocapra americana",40.777701,-112.10535
"1151",80777,"Antilocapra americana",40.948788,-112.210236
"1152",80777,"Antilocapra americana",30.212283,-103.102752
"1153",80777,"Antilocapra americana",30.405452,-103.994007
"1154",80777,"Antilocapra americana",30.432528,-103.701925
"1155",80777,"Antilocapra americana",34.862658,-118.787932
"1156",80777,"Antilocapra americana",34.844192,-118.683242
"1157",80777,"Antilocapra americana",34.873803,-118.634866
"1158",80777,"Antilocapra americana",30.534828,-103.980649
"1159",80777,"Antilocapra americana",43.867703,-110.527954
"1160",80777,"Antilocapra americana",44.820903,-110.713692
"1168",80777,"Antilocapra americana",41.465556,-109.510833
"1172",80777,"Antilocapra americana",40.757968,-104.030857
"1173",80777,"Antilocapra americana",43.05,-119
"1181",80777,"Antilocapra americana",41.238032,-105.748049
"1194",80777,"Antilocapra americana",35.351541,-120.024133
"1195",80777,"Antilocapra americana",30.56146,-103.866473
"1196",80777,"Antilocapra americana",44.249218,-105.643753
"1197",80777,"Antilocapra americana",33.76409,-109.374877
"1198",80777,"Antilocapra americana",42.559605,-119.614677
"1199",80777,"Antilocapra americana",43.802323,-102.124701
"1200",80777,"Antilocapra americana",48.175599,-106.854624
"1201",80777,"Antilocapra americana",41.642409,-109.299275
"1202",80777,"Antilocapra americana",40.656764,-118.05203
"1203",80777,"Antilocapra americana",43.696424,-110.738239
"1204",80777,"Antilocapra americana",35.338897,-120.011624
"1205",80777,"Antilocapra americana",30.57201,-104.28537
"1206",80777,"Antilocapra americana",44.870165,-110.168023
"1207",80777,"Antilocapra americana",34.745686,-103.059577
"1209",80777,"Antilocapra americana",43.655888,-110.629771
"1210",80777,"Antilocapra americana",43.707806,-110.723328
"1211",80777,"Antilocapra americana",49.22755,-107.660022
"1212",80777,"Antilocapra americana",39.200334,-104.911194
"1213",80777,"Antilocapra americana",39.200201,-104.909992
"1214",80777,"Antilocapra americana",39.200733,-104.909821
"1215",80777,"Antilocapra americana",39.200999,-104.910851
"1216",80777,"Antilocapra americana",43.750917,-108.429017
"1217",80777,"Antilocapra americana",43.69976,-103.33472
"1219",80777,"Antilocapra americana",43.810172,-110.52568
"1220",80777,"Antilocapra americana",44.920197,-110.317871
"1221",80777,"Antilocapra americana",42.505875,-119.668579
"1222",80777,"Antilocapra americana",44.6107,-119.19532
"1223",80777,"Antilocapra americana",44.903108,-120.732365
"1224",80777,"Antilocapra americana",43.617593,-103.378128
"1226",80777,"Antilocapra americana",31.77131,-110.657176
"1227",80777,"Antilocapra americana",31.773992,-110.653186
"1228",80777,"Antilocapra americana",31.767035,-110.67133
"1229",80777,"Antilocapra americana",39.34721,-104.464411
"1230",80777,"Antilocapra americana",39.746269,-120.01334
"1231",80777,"Antilocapra americana",40.58,-117.012778
"1232",80777,"Antilocapra americana",38.09566,-117.046967
"1233",80777,"Antilocapra americana",28.258904,-113.866808
"1234",80777,"Antilocapra americana",39.067181,-105.665131
"1235",80777,"Antilocapra americana",32.459553,-108.621613
"1236",80777,"Antilocapra americana",41.206071,-106.80014
"1237",80777,"Antilocapra americana",45.081967,-112.582598
"1238",80777,"Antilocapra americana",43.674638,-103.3596
"1239",80777,"Antilocapra americana",43.767025,-103.343985
"1240",80777,"Antilocapra americana",43.76409,-103.356835
"1241",80777,"Antilocapra americana",43.797038,-102.116467
"1242",80777,"Antilocapra americana",42.748099,-118.656006
"1243",80777,"Antilocapra americana",44.811975,-104.056122
"1244",80777,"Antilocapra americana",30.553721,-103.940212
"1245",80777,"Antilocapra americana",44.910588,-110.330847
"1246",80777,"Antilocapra americana",44.920975,-110.317092
"1247",80777,"Antilocapra americana",43.199997,-114.026905
"1248",80777,"Antilocapra americana",41.600304,-109.951586
"1249",80777,"Antilocapra americana",40.995179,-109.603442
"1250",80777,"Antilocapra americana",30.424728,-103.820085
"1251",80777,"Antilocapra americana",38.972973,-109.713757
"1252",80777,"Antilocapra americana",41.834563,-120.022261
"1253",80777,"Antilocapra americana",35.436749,-120.094337
"1254",80777,"Antilocapra americana",41.963812,-110.220812
"1255",80777,"Antilocapra americana",39.252222,-114.866389
"1256",80777,"Antilocapra americana",43.693435,-103.391527
"1257",80777,"Antilocapra americana",40.165285,-109.314039
"1258",80777,"Antilocapra americana",37.556304,-112.237558
"1259",80777,"Antilocapra americana",44.905735,-110.385846
"1260",80777,"Antilocapra americana",34.938508,-109.671897
"1261",80777,"Antilocapra americana",40.464525,-103.412853
"1262",80777,"Antilocapra americana",43.53934,-119.450912
"1263",80777,"Antilocapra americana",43.549958,-103.474961
"1264",80777,"Antilocapra americana",38.407753,-107.21028
"1265",80777,"Antilocapra americana",36.437609,-103.181854
"1266",80777,"Antilocapra americana",37.701097,-112.15467
"1267",80777,"Antilocapra americana",31.383745,-101.310197
"1268",80777,"Antilocapra americana",40.733,-112.948
"1269",80777,"Antilocapra americana",44.933763,-110.310262
"1270",80777,"Antilocapra americana",41.789083,-107.193627
"1271",80777,"Antilocapra americana",36.434549,-103.419164
"1272",80777,"Antilocapra americana",40.866455,-105.263417
"1273",80777,"Antilocapra americana",42.439888,-107.530305
"1274",80777,"Antilocapra americana",45.884095,-112.131958
"1275",80777,"Antilocapra americana",41.328603,-105.61595
"1276",80777,"Antilocapra americana",45.410968,-112.708642
"1277",80777,"Antilocapra americana",44.564015,-112.332545
"1278",80777,"Antilocapra americana",43.151008,-104.339215
"1279",80777,"Antilocapra americana",34.980204,-109.700843
"1280",80777,"Antilocapra americana",43.542214,-119.509426
"1281",80777,"Antilocapra americana",40.98242,-105.396748
"1282",80777,"Antilocapra americana",43.301379,-118.967834
"1283",80777,"Antilocapra americana",41.47886,-120.54256
"1284",80777,"Antilocapra americana",51.098085,-111.674793
"1285",80777,"Antilocapra americana",45.026298,-110.709583
"1286",80777,"Antilocapra americana",43.893654,-114.726105
"1287",80777,"Antilocapra americana",36.437492,-103.7928
"1288",80777,"Antilocapra americana",40.740298,-104.409749
"1289",80777,"Antilocapra americana",36.939447,-102.821133
"1290",80777,"Antilocapra americana",39.813058,-120.399799
"1291",80777,"Antilocapra americana",36.817032,-102.536956
"1292",80777,"Antilocapra americana",36.866136,-102.969539
"1293",80777,"Antilocapra americana",41.463432,-105.78581
"1294",80777,"Antilocapra americana",43.815649,-102.308055
"1296",80777,"Antilocapra americana",34.864145,-118.163407
"1298",80777,"Antilocapra americana",41.051123,-112.237487
"1300",80777,"Antilocapra americana",27.59323,-113.575051
"1301",80777,"Antilocapra americana",38.821751,-108.261681
"1302",80777,"Antilocapra americana",36.007769,-100.187684
"1303",80777,"Antilocapra americana",36.254679,-102.536127
"1304",80777,"Antilocapra americana",35.828133,-103.162871
"1305",80777,"Antilocapra americana",35.629088,-103.105669
"1307",80777,"Antilocapra americana",30.474238,-103.946426
"1308",80777,"Antilocapra americana",42.463708,-109.581292
"1309",80777,"Antilocapra americana",34.589116,-105.285908
"1310",80777,"Antilocapra americana",43.726618,-103.416823
"1311",80777,"Antilocapra americana",34.953413,-118.608742
"1312",80777,"Antilocapra americana",49.484514,-104.343792
"1313",80777,"Antilocapra americana",49.298529,-113.910172
"1314",80777,"Antilocapra americana",35.561712,-101.736289
"1315",80777,"Antilocapra americana",41.03678,-112.230682
"1316",80777,"Antilocapra americana",37.635904,-112.172703
"1317",80777,"Antilocapra americana",35.543122,-111.453551
"1319",80777,"Antilocapra americana",40.791362,-112.109213
"1320",80777,"Antilocapra americana",43.67498,-103.354568
"1321",80777,"Antilocapra americana",43.798425,-110.529022
"1322",80777,"Antilocapra americana",43.798375,-110.529075
"1327",80777,"Antilocapra americana",34.857721,-118.66229
"1328",80777,"Antilocapra americana",39.951859,-107.96402
"1329",80777,"Antilocapra americana",39.316867,-104.730569
"1330",80777,"Antilocapra americana",43.710572,-103.341767
"1331",80777,"Antilocapra americana",43.659308,-103.363563
"1332",80777,"Antilocapra americana",35.897388,-105.014772
"1333",80777,"Antilocapra americana",44.772934,-110.556589
"1334",80777,"Antilocapra americana",40.8779,-103.815268
"1335",80777,"Antilocapra americana",42.071469,-110.150342
"1336",80777,"Antilocapra americana",41.320828,-105.52945
"1337",80777,"Antilocapra americana",49.975251,-107.660643
"1338",80777,"Antilocapra americana",43.623378,-103.463371
"1339",80777,"Antilocapra americana",47.744662,-107.775908
"1340",80777,"Antilocapra americana",40.648346,-118.369446
"1341",80777,"Antilocapra americana",35.07946,-111.025429
"1342",80777,"Antilocapra americana",35.853319,-104.920588
"1343",80777,"Antilocapra americana",33.885331,-105.406808
"1344",80777,"Antilocapra americana",31.704803,-110.65567
"1345",80777,"Antilocapra americana",50.227096,-111.228313
"1346",80777,"Antilocapra americana",50.089433,-108.24933
"1347",80777,"Antilocapra americana",40.104632,-105.936441
"1348",80777,"Antilocapra americana",35.188635,-109.433161
"1349",80777,"Antilocapra americana",31.939498,-105.226213
"1350",80777,"Antilocapra americana",30.286637,-103.942689
"1351",80777,"Antilocapra americana",31.708308,-110.657043
"1352",80777,"Antilocapra americana",44.112147,-112.235947
"1353",80777,"Antilocapra americana",35.275685,-102.691269
"1354",80777,"Antilocapra americana",34.923263,-109.772558
"1356",80777,"Antilocapra americana",45.977323,-111.134027
"1357",80777,"Antilocapra americana",40.925848,-112.230826
"1358",80777,"Antilocapra americana",49.217958,-112.764589
"1359",80777,"Antilocapra americana",50.209819,-111.178902
"1360",80777,"Antilocapra americana",36.396638,-104.595148
"1361",80777,"Antilocapra americana",41.089744,-104.854923
"1362",80777,"Antilocapra americana",40.639707,-104.294023
"1363",80777,"Antilocapra americana",43.6625,-110.6125
"1364",80777,"Antilocapra americana",38.897672,-105.488213
"1365",80777,"Antilocapra americana",37.714697,-112.091485
"1366",80777,"Antilocapra americana",44.21201,-104.267527
"1367",80777,"Antilocapra americana",50.056597,-107.413394
"1368",80777,"Antilocapra americana",43.390831,-116.017165
"1369",80777,"Antilocapra americana",43.456399,-116.141055
"1370",80777,"Antilocapra americana",30.546392,-103.961068
"1371",80777,"Antilocapra americana",39.81515,-120.3247
"1372",80777,"Antilocapra americana",43.424782,-109.443505
"1373",80777,"Antilocapra americana",30.542848,-103.979831
"1374",80777,"Antilocapra americana",35.870963,-112.130038
"1375",80777,"Antilocapra americana",33.471376,-108.409891
"1376",80777,"Antilocapra americana",34.349938,-106.729284
"1377",80777,"Antilocapra americana",45.028003,-110.70572
"1378",80777,"Antilocapra americana",42.978313,-117.270276
"1379",80777,"Antilocapra americana",37.166508,-102.043198
"1381",80777,"Antilocapra americana",41.545626,-109.806154
"1385",80777,"Antilocapra americana",43.67339,-110.644281
"1386",80777,"Antilocapra americana",47.671374,-114.133924
"1387",80777,"Antilocapra americana",38.878911,-117.607802
"1388",80777,"Antilocapra americana",34.80224,-109.882729
"1389",80777,"Antilocapra americana",36.30538,-104.116019
"1390",80777,"Antilocapra americana",29.792204,-106.358084
"1391",80777,"Antilocapra americana",38.233658,-104.975503
"1392",80777,"Antilocapra americana",44.91628,-110.322639
"1393",80777,"Antilocapra americana",39.316841,-104.730606
"1394",80777,"Antilocapra americana",37.704239,-112.200911
"1395",80777,"Antilocapra americana",37.612397,-112.180672
"1396",80777,"Antilocapra americana",37.609733,-112.182122
"1397",80777,"Antilocapra americana",35.898208,-102.7909
"1398",80777,"Antilocapra americana",36.448895,-102.745472
"1399",80777,"Antilocapra americana",41.696389,-106.4025
"1400",80777,"Antilocapra americana",47.364494,-103.943983
"1401",80777,"Antilocapra americana",35.117241,-119.770031
"1402",80777,"Antilocapra americana",40.438038,-109.311562
"1403",80777,"Antilocapra americana",38.850522,-109.737958
"1404",80777,"Antilocapra americana",39.793996,-120.333552
"1405",80777,"Antilocapra americana",39.279553,-109.012873
"1406",80777,"Antilocapra americana",38.26014,-104.275383
"1407",80777,"Antilocapra americana",34.816719,-109.858259
"1408",80777,"Antilocapra americana",39.53794,-119.675016
"1409",80777,"Antilocapra americana",38.822566,-109.930926
"1410",80777,"Antilocapra americana",37.768544,-103.535156
"1411",80777,"Antilocapra americana",43.300197,-105.25589
"1412",80777,"Antilocapra americana",34.820674,-109.890618
"1413",80777,"Antilocapra americana",34.720972,-118.523859
"1414",80777,"Antilocapra americana",38.472549,-108.157312
"1415",80777,"Antilocapra americana",36.020015,-100.823593
"1416",80777,"Antilocapra americana",40.698236,-106.24157
"1417",80777,"Antilocapra americana",35.979463,-101.348046
"1418",80777,"Antilocapra americana",39.670372,-104.746087
"1419",80777,"Antilocapra americana",39.667313,-104.73751
"1421",80777,"Antilocapra americana",50.009015,-110.529139
"1422",80777,"Antilocapra americana",35.29898,-100.946288
"1423",80777,"Antilocapra americana",35.35155,-120.013214
"1424",80777,"Antilocapra americana",43.858978,-110.514897
"1426",80777,"Antilocapra americana",40.40951,-109.244056
"1427",80777,"Antilocapra americana",41.045872,-112.233437
"1428",80777,"Antilocapra americana",34.921555,-109.782455
"1429",80777,"Antilocapra americana",34.95648,-109.669297
"1430",80777,"Antilocapra americana",34.953762,-109.677038
"1431",80777,"Antilocapra americana",34.870651,-109.780835
"1432",80777,"Antilocapra americana",35.006389,-109.80137
"1433",80777,"Antilocapra americana",34.879121,-109.7991
"1434",80777,"Antilocapra americana",31.704163,-110.661133
"1435",80777,"Antilocapra americana",44.916597,-110.349409
"1436",80777,"Antilocapra americana",35.208023,-111.949425
"1438",80777,"Antilocapra americana",44.976879,-110.69913
"1439",80777,"Antilocapra americana",39.79027,-120.322008
"1440",80777,"Antilocapra americana",42.547347,-119.662362
"1441",80777,"Antilocapra americana",41.82857,-119.04459
"1442",80777,"Antilocapra americana",41.839299,-119.504387
"1444",80777,"Antilocapra americana",39.28866,-114.853359
"1445",80777,"Antilocapra americana",44.312233,-117.216568
"1446",80777,"Antilocapra americana",40.547592,-106.439924
"1447",80777,"Antilocapra americana",45.035503,-110.719464
"1448",80777,"Antilocapra americana",46.692783,-111.894035
"1449",80777,"Antilocapra americana",45.547553,-109.12014
"1451",80777,"Antilocapra americana",41.008883,-112.202541
"1452",80777,"Antilocapra americana",44.908672,-110.354845
"1453",80777,"Antilocapra americana",34.976097,-109.794627
