"","taxon_id","taxon_name","decimal_latitude","decimal_longitude"
"1",81094,"Capra pyrenaica",40.29,-2.02
"2",81094,"Capra pyrenaica",37.094074,-3.383709
"3",81094,"Capra pyrenaica",36.953376,-4.556108
"4",81094,"Capra pyrenaica",40.815969,-3.817811
"5",81094,"Capra pyrenaica",36.684678,-5.422859
"6",81094,"Capra pyrenaica",40.273234,-5.234943
"7",81094,"Capra pyrenaica",40.894,0.3
"8",81094,"Capra pyrenaica",40.868,0.313
"9",81094,"Capra pyrenaica",40.825,0.41
"10",81094,"Capra pyrenaica",40.813,0.291
"11",81094,"Capra pyrenaica",40.887,0.348
"12",81094,"Capra pyrenaica",40.824,0.386
"13",81094,"Capra pyrenaica",40.876,0.301
"14",81094,"Capra pyrenaica",40.823,0.338
"15",81094,"Capra pyrenaica",40.78,0.399
"16",81094,"Capra pyrenaica",40.752,0.377
"17",81094,"Capra pyrenaica",40.815,0.363
"18",81094,"Capra pyrenaica",40.904,0.335
"19",81094,"Capra pyrenaica",40.742,0.342
"20",81094,"Capra pyrenaica",40.805,0.339
"21",81094,"Capra pyrenaica",40.978,0.415
"22",81094,"Capra pyrenaica",40.941,0.369
"23",81094,"Capra pyrenaica",40.628,0.464
"24",81094,"Capra pyrenaica",40.806,0.351
"25",81094,"Capra pyrenaica",41.052,0.484
"26",81094,"Capra pyrenaica",40.815,0.351
"27",81094,"Capra pyrenaica",41.117,0.565
"28",81094,"Capra pyrenaica",41.189,0.574
"29",81094,"Capra pyrenaica",41.154,0.635
"30",81094,"Capra pyrenaica",41.301,0.785
"31",81094,"Capra pyrenaica",42.779,0.843
"32",81094,"Capra pyrenaica",41.595,1.795
"33",81094,"Capra pyrenaica",41.596,1.807
"34",81094,"Capra pyrenaica",41.596,1.855
"35",81094,"Capra pyrenaica",41.587,1.855
"36",81094,"Capra pyrenaica",42.061,3.14
"37",81094,"Capra pyrenaica",37.024347,-4.597456
"38",81094,"Capra pyrenaica",36.770242,-5.400981
"39",81094,"Capra pyrenaica",41.613,1.77
"40",81094,"Capra pyrenaica",41.604,1.771
"41",81094,"Capra pyrenaica",41.595,1.783
"42",81094,"Capra pyrenaica",41.613,1.794
"43",81094,"Capra pyrenaica",41.604,1.783
"44",81094,"Capra pyrenaica",41.604,1.795
"45",81094,"Capra pyrenaica",41.596,1.843
"46",81094,"Capra pyrenaica",41.578,1.831
"47",81094,"Capra pyrenaica",41.587,1.831
"48",81094,"Capra pyrenaica",41.578,1.855
"49",81094,"Capra pyrenaica",36.7266,-5.274153
"50",81094,"Capra pyrenaica",40.247334,-2.049252
"51",81094,"Capra pyrenaica",36.953088,-4.550439
"52",81094,"Capra pyrenaica",36.961316,-4.525532
"53",81094,"Capra pyrenaica",40.269142,-5.264804
"54",81094,"Capra pyrenaica",37.32575,-1.908708
"55",81094,"Capra pyrenaica",37.041933,-2.467501
"56",81094,"Capra pyrenaica",40.804627,0.386646
"57",81094,"Capra pyrenaica",36.954068,-4.550919
"58",81094,"Capra pyrenaica",36.813243,-5.398922
"59",81094,"Capra pyrenaica",39.55,-1.46
"60",81094,"Capra pyrenaica",40.01,-1.27
"61",81094,"Capra pyrenaica",40.41,-0.31
"62",81094,"Capra pyrenaica",40.42,-0.33
"63",81094,"Capra pyrenaica",40.29,-0.39
"64",81094,"Capra pyrenaica",40.3,-0.37
"65",81094,"Capra pyrenaica",40.3,-0.39
"66",81094,"Capra pyrenaica",40.59,-0.27
"67",81094,"Capra pyrenaica",40.55,-0.24
"68",81094,"Capra pyrenaica",40.54,-0.23
"69",81094,"Capra pyrenaica",40.53,-0.26
"70",81094,"Capra pyrenaica",40.55,-0.17
"71",81094,"Capra pyrenaica",40.55,-0.18
"72",81094,"Capra pyrenaica",40.57,-0.26
"73",81094,"Capra pyrenaica",40.54,-0.18
"75",81094,"Capra pyrenaica",40.59,-0.26
"76",81094,"Capra pyrenaica",40.31,-0.21
"77",81094,"Capra pyrenaica",40.54,-0.17
"78",81094,"Capra pyrenaica",40.52,-0.007
"79",81094,"Capra pyrenaica",40.78,-0.16
"80",81094,"Capra pyrenaica",40.45,0.06
"81",81094,"Capra pyrenaica",40.76,-0.15
"82",81094,"Capra pyrenaica",40.56,0.006
"84",81094,"Capra pyrenaica",40.55,0.006
"85",81094,"Capra pyrenaica",40.52,-0.22
"86",81094,"Capra pyrenaica",40.47,0.11
"87",81094,"Capra pyrenaica",40.52,-0.05
"88",81094,"Capra pyrenaica",40.57,0.01
"89",81094,"Capra pyrenaica",40.47,-0.05
"90",81094,"Capra pyrenaica",40.43,-0.14
"91",81094,"Capra pyrenaica",40.39,0.04
"92",81094,"Capra pyrenaica",40.62,-0.34
"93",81094,"Capra pyrenaica",40.05,-1.28
"94",81094,"Capra pyrenaica",38.97,-0.95
"95",81094,"Capra pyrenaica",40.06,-0.33
"96",81094,"Capra pyrenaica",40.56,0.08
"97",81094,"Capra pyrenaica",39.75,-1.16
"98",81094,"Capra pyrenaica",39.76,-1.16
"99",81094,"Capra pyrenaica",39.65,-1.17
"100",81094,"Capra pyrenaica",39.46,-1.43
"101",81094,"Capra pyrenaica",39.36,-0.99
"102",81094,"Capra pyrenaica",39.03,-0.55
"103",81094,"Capra pyrenaica",38.78,-0.94
"104",81094,"Capra pyrenaica",40.1,-1.14
"105",81094,"Capra pyrenaica",39.03,-0.56
"106",81094,"Capra pyrenaica",38.95,-1
"107",81094,"Capra pyrenaica",39.43,-1.13
"108",81094,"Capra pyrenaica",39.35,-1.38
"109",81094,"Capra pyrenaica",39.34,-1.35
"110",81094,"Capra pyrenaica",39.61,-0.95
"111",81094,"Capra pyrenaica",39.34,-1.13
"114",81094,"Capra pyrenaica",39.53,-1.5
"115",81094,"Capra pyrenaica",39.34,-1.25
"120",81094,"Capra pyrenaica",39.43,-1.01
"123",81094,"Capra pyrenaica",39.53,-1.13
"126",81094,"Capra pyrenaica",39.44,-1.51
"135",81094,"Capra pyrenaica",39.43,-1.25
"136",81094,"Capra pyrenaica",39.53,-1.48
"139",81094,"Capra pyrenaica",39.63,-1.13
"184",81094,"Capra pyrenaica",39.34,-1.02
"187",81094,"Capra pyrenaica",39.43,-1.43
"208",81094,"Capra pyrenaica",39.73,-1.18
"251",81094,"Capra pyrenaica",40.55,0.05
"267",81094,"Capra pyrenaica",40.35,-0.16
"283",81094,"Capra pyrenaica",40.44,-0.16
"306",81094,"Capra pyrenaica",40.47,0.05
"307",81094,"Capra pyrenaica",40.62,-0.15
"317",81094,"Capra pyrenaica",40.62,-0.27
"319",81094,"Capra pyrenaica",40.53,-0.27
"322",81094,"Capra pyrenaica",40.44,-0.28
"339",81094,"Capra pyrenaica",40.64,0.16
"351",81094,"Capra pyrenaica",40.4,0.001
"373",81094,"Capra pyrenaica",40.4,0.06
"381",81094,"Capra pyrenaica",40.47,0.17
"420",81094,"Capra pyrenaica",40.43,-0.04
"431",81094,"Capra pyrenaica",40.61,-0.03
"432",81094,"Capra pyrenaica",40.47,0.02
"448",81094,"Capra pyrenaica",40.35,-0.28
"467",81094,"Capra pyrenaica",40.62,-0.38
"504",81094,"Capra pyrenaica",38.98,-0.68
"508",81094,"Capra pyrenaica",40.32,0.004
"537",81094,"Capra pyrenaica",40.52,-0.04
"591",81094,"Capra pyrenaica",40.77,-0.2
"617",81094,"Capra pyrenaica",40.53,-0.16
"736",81094,"Capra pyrenaica",40.33,-0.34
"738",81094,"Capra pyrenaica",40.16,-0.05
"739",81094,"Capra pyrenaica",40.08,-0.29
"801",81094,"Capra pyrenaica",40.56,0.28
"817",81094,"Capra pyrenaica",40.44,-0.34
"828",81094,"Capra pyrenaica",40.7,-0.03
"829",81094,"Capra pyrenaica",39.52,-0.9
"834",81094,"Capra pyrenaica",39.95,-0.53
"836",81094,"Capra pyrenaica",40.34,-0.05
"847",81094,"Capra pyrenaica",40.22,-0.59
"859",81094,"Capra pyrenaica",39.95,-0.65
"862",81094,"Capra pyrenaica",39.95,-0.77
"868",81094,"Capra pyrenaica",40.17,-0.41
"871",81094,"Capra pyrenaica",40.17,-0.52
"872",81094,"Capra pyrenaica",38.74,-0.92
"881",81094,"Capra pyrenaica",40.1,-0.62
"882",81094,"Capra pyrenaica",39.42,-0.9
"883",81094,"Capra pyrenaica",40.08,-0.49
"888",81094,"Capra pyrenaica",38.82,-0.69
"894",81094,"Capra pyrenaica",38.7,-0.76
"903",81094,"Capra pyrenaica",39.33,-0.67
"904",81094,"Capra pyrenaica",39.33,-0.55
"906",81094,"Capra pyrenaica",39.01,-0.68
"914",81094,"Capra pyrenaica",38.74,-0.94
"915",81094,"Capra pyrenaica",38.84,-1.84
"922",81094,"Capra pyrenaica",38.73,-0.57
"926",81094,"Capra pyrenaica",39.01,-1.14
"927",81094,"Capra pyrenaica",40.33,-0.28
"932",81094,"Capra pyrenaica",39.01,-1.03
"933",81094,"Capra pyrenaica",39.22,-1.14
"934",81094,"Capra pyrenaica",39.82,-0.54
"961",81094,"Capra pyrenaica",39.83,-0.65
"967",81094,"Capra pyrenaica",38.86,-0.8
"989",81094,"Capra pyrenaica",40.16,0.1
"993",81094,"Capra pyrenaica",38.74,-0.69
"995",81094,"Capra pyrenaica",38.86,-0.92
"1018",81094,"Capra pyrenaica",39.82,-0.3
"1020",81094,"Capra pyrenaica",40.54,-0.007
"1025",81094,"Capra pyrenaica",39.82,-0.42
"1026",81094,"Capra pyrenaica",39.95,-0.41
"1029",81094,"Capra pyrenaica",38.99,-1.03
"1030",81094,"Capra pyrenaica",39.33,-0.79
"1034",81094,"Capra pyrenaica",40.17,-0.29
"1035",81094,"Capra pyrenaica",40.33,-0.16
"1037",81094,"Capra pyrenaica",40.17,-0.17
"1042",81094,"Capra pyrenaica",39.94,-0.02
"1058",81094,"Capra pyrenaica",40.08,-0.17
"1065",81094,"Capra pyrenaica",40.31,-0.005
"1102",81094,"Capra pyrenaica",40.64,0.002
"1118",81094,"Capra pyrenaica",40.33,0.06
"1137",81094,"Capra pyrenaica",40.08,-0.41
"1152",81094,"Capra pyrenaica",39.86,-0.37
"1161",81094,"Capra pyrenaica",40.22,-0.47
"1193",81094,"Capra pyrenaica",39.95,-0.48
"1209",81094,"Capra pyrenaica",39.95,-0.37
"1217",81094,"Capra pyrenaica",39.86,-0.81
"1218",81094,"Capra pyrenaica",40.68,-0.1
"1219",81094,"Capra pyrenaica",38.9,-0.15
"1220",81094,"Capra pyrenaica",40.05,-1.22
"1222",81094,"Capra pyrenaica",40.08,-1.23
"1223",81094,"Capra pyrenaica",39.54,-1.49
"1224",81094,"Capra pyrenaica",39.53,-1.49
"1225",81094,"Capra pyrenaica",40.48,0.11
"1226",81094,"Capra pyrenaica",40.56,0.04
"1227",81094,"Capra pyrenaica",40.58,0.02
"1228",81094,"Capra pyrenaica",40.45,0.08
"1229",81094,"Capra pyrenaica",39.05,-0.78
"1232",81094,"Capra pyrenaica",39.48,-1.5
"1233",81094,"Capra pyrenaica",39.52,-1.48
"1234",81094,"Capra pyrenaica",39.55,-1.51
"1236",81094,"Capra pyrenaica",40.44,-0.2
"1237",81094,"Capra pyrenaica",39.17,-1.11
"1238",81094,"Capra pyrenaica",39.38,-1.2
"1239",81094,"Capra pyrenaica",39.61,-0.94
"1240",81094,"Capra pyrenaica",40.66,-0.3
"1242",81094,"Capra pyrenaica",40.56,0.02
"1245",81094,"Capra pyrenaica",40.7,-0.1
"1246",81094,"Capra pyrenaica",39.33,-1.14
"1247",81094,"Capra pyrenaica",39.27,-0.83
"1248",81094,"Capra pyrenaica",39.07,-0.8
"1249",81094,"Capra pyrenaica",39.09,-0.78
"1250",81094,"Capra pyrenaica",39.26,-0.79
"1251",81094,"Capra pyrenaica",39.15,-0.65
"1252",81094,"Capra pyrenaica",39.22,-0.72
"1253",81094,"Capra pyrenaica",39.06,-0.78
"1254",81094,"Capra pyrenaica",39.06,-0.81
"1255",81094,"Capra pyrenaica",39.07,-0.94
"1256",81094,"Capra pyrenaica",39.16,-0.96
"1257",81094,"Capra pyrenaica",39.13,-0.92
"1258",81094,"Capra pyrenaica",39.06,-0.9
"1259",81094,"Capra pyrenaica",39.26,-1
"1260",81094,"Capra pyrenaica",40.19,-0.21
"1261",81094,"Capra pyrenaica",40.25,-0.31
"1262",81094,"Capra pyrenaica",40.12,-0.26
"1270",81094,"Capra pyrenaica",39.27,-0.9
"1273",81094,"Capra pyrenaica",39.25,-0.78
"1275",81094,"Capra pyrenaica",39.6,-0.95
"1276",81094,"Capra pyrenaica",39.99,-0.55
"1278",81094,"Capra pyrenaica",39.49,-1.49
"1279",81094,"Capra pyrenaica",39.47,-1.43
"1280",81094,"Capra pyrenaica",39.55,-1.49
"1282",81094,"Capra pyrenaica",40.22,-0.35
"1283",81094,"Capra pyrenaica",39.51,-1.48
"1284",81094,"Capra pyrenaica",38.69,-0.51
"1285",81094,"Capra pyrenaica",38.97,-0.91
"1286",81094,"Capra pyrenaica",39.22,-0.94
"1289",81094,"Capra pyrenaica",39.23,-0.94
"1290",81094,"Capra pyrenaica",39.25,-0.94
"1291",81094,"Capra pyrenaica",39.13,-0.63
"1293",81094,"Capra pyrenaica",39.51,-1.5
"1298",81094,"Capra pyrenaica",39.38,-1.22
"1299",81094,"Capra pyrenaica",39.31,-1.12
"1300",81094,"Capra pyrenaica",39.94,-0.75
"1301",81094,"Capra pyrenaica",40.71,-0.23
"1302",81094,"Capra pyrenaica",40.79,-0.16
"1303",81094,"Capra pyrenaica",40.74,-0.17
"1304",81094,"Capra pyrenaica",40.73,-0.12
"1306",81094,"Capra pyrenaica",40.71,-0.11
"1307",81094,"Capra pyrenaica",40.71,-0.17
"1308",81094,"Capra pyrenaica",40.44,-0.14
"1309",81094,"Capra pyrenaica",40.57,0.06
"1310",81094,"Capra pyrenaica",40.55,0.04
"1312",81094,"Capra pyrenaica",40.73,-0.23
"1315",81094,"Capra pyrenaica",40.44,-0.18
"1317",81094,"Capra pyrenaica",40.44,-0.17
"1318",81094,"Capra pyrenaica",40.42,-0.14
"1319",81094,"Capra pyrenaica",40.71,-0.12
"1322",81094,"Capra pyrenaica",40.44,0.03
"1323",81094,"Capra pyrenaica",40.44,0.05
"1324",81094,"Capra pyrenaica",40.44,0.04
"1325",81094,"Capra pyrenaica",40.46,0.06
"1327",81094,"Capra pyrenaica",40.46,0.08
"1329",81094,"Capra pyrenaica",40.47,0.09
"1332",81094,"Capra pyrenaica",40.54,0.06
"1333",81094,"Capra pyrenaica",40.63,0.002
"1335",81094,"Capra pyrenaica",40.29,-0.38
"1336",81094,"Capra pyrenaica",40.69,0.07
"1337",81094,"Capra pyrenaica",40.7,0.11
"1338",81094,"Capra pyrenaica",40.68,0.08
"1339",81094,"Capra pyrenaica",40.69,0.08
"1340",81094,"Capra pyrenaica",40.7,0.08
"1341",81094,"Capra pyrenaica",39.19,-1.04
"1342",81094,"Capra pyrenaica",39.2,-1.01
"1343",81094,"Capra pyrenaica",39.24,-0.94
"1346",81094,"Capra pyrenaica",39.25,-0.93
"1349",81094,"Capra pyrenaica",39.24,-0.76
"1350",81094,"Capra pyrenaica",40.2,-0.28
"1351",81094,"Capra pyrenaica",39.35,-1.35
"1352",81094,"Capra pyrenaica",39.55,-1.5
"1353",81094,"Capra pyrenaica",39.36,-1.23
"1354",81094,"Capra pyrenaica",39.07,-0.91
"1355",81094,"Capra pyrenaica",40.63,-0.25
"1356",81094,"Capra pyrenaica",40.66,-0.32
"1357",81094,"Capra pyrenaica",40.45,-0.28
"1358",81094,"Capra pyrenaica",40.34,-0.32
"1359",81094,"Capra pyrenaica",40.49,-0.28
"1360",81094,"Capra pyrenaica",40.66,-0.28
"1361",81094,"Capra pyrenaica",40.54,-0.19
"1362",81094,"Capra pyrenaica",40.58,-0.26
"1363",81094,"Capra pyrenaica",40.41,-0.22
"1364",81094,"Capra pyrenaica",40.77,-0.16
"1365",81094,"Capra pyrenaica",40.67,-0.19
"1367",81094,"Capra pyrenaica",40.72,-0.17
"1368",81094,"Capra pyrenaica",40.42,-0.27
"1369",81094,"Capra pyrenaica",40.64,-0.03
"1370",81094,"Capra pyrenaica",40.75,-0.17
"1371",81094,"Capra pyrenaica",40.41,-0.26
"1372",81094,"Capra pyrenaica",40.62,-0.63
"1374",81094,"Capra pyrenaica",40.63,-0.13
"1377",81094,"Capra pyrenaica",40.46,0.11
"1380",81094,"Capra pyrenaica",40.57,0.08
"1382",81094,"Capra pyrenaica",40.65,-0.12
"1385",81094,"Capra pyrenaica",40.47,0.1
"1386",81094,"Capra pyrenaica",40.63,-0.01
"1387",81094,"Capra pyrenaica",40.74,-0.15
"1388",81094,"Capra pyrenaica",40.56,0.01
"1389",81094,"Capra pyrenaica",40.39,0.07
"1390",81094,"Capra pyrenaica",40.46,0.1
"1394",81094,"Capra pyrenaica",40.6,-0.06
"1395",81094,"Capra pyrenaica",40.67,0.17
"1397",81094,"Capra pyrenaica",40.49,-6.15
"1398",81094,"Capra pyrenaica",40.96,-5.65
"1400",81094,"Capra pyrenaica",40.25,-5.27
"1401",81094,"Capra pyrenaica",41.57,1.83
"1402",81094,"Capra pyrenaica",37.13,-3.15
"1403",81094,"Capra pyrenaica",40.82,0.28
"1404",81094,"Capra pyrenaica",40.76,-3.87
"1405",81094,"Capra pyrenaica",36.89,-3.33
"1406",81094,"Capra pyrenaica",36.79,-5.37
"1407",81094,"Capra pyrenaica",38.2,-3.95
"1408",81094,"Capra pyrenaica",40.66,0.1
"1409",81094,"Capra pyrenaica",40.75,0.1
"1410",81094,"Capra pyrenaica",40.75,-0.1
"1411",81094,"Capra pyrenaica",41.380001,0.19
"1412",81094,"Capra pyrenaica",41.470001,0.19
"1413",81094,"Capra pyrenaica",40.84,0.21
"1414",81094,"Capra pyrenaica",40.66,0.22
"1415",81094,"Capra pyrenaica",40.75,0.22
"1416",81094,"Capra pyrenaica",40.66,-0.22
"1417",81094,"Capra pyrenaica",40.75,-0.22
"1418",81094,"Capra pyrenaica",40.389999,-0.23
"1419",81094,"Capra pyrenaica",40.48,-0.23
"1420",81094,"Capra pyrenaica",40.849998,0.33
"1421",81094,"Capra pyrenaica",40.939999,0.33
"1422",81094,"Capra pyrenaica",40.669998,0.34
"1423",81094,"Capra pyrenaica",40.580002,-0.34
"1424",81094,"Capra pyrenaica",40.669998,-0.34
"1425",81094,"Capra pyrenaica",40.310001,-0.35
"1426",81094,"Capra pyrenaica",40.400002,-0.35
"1427",81094,"Capra pyrenaica",40.490002,-0.35
"1428",81094,"Capra pyrenaica",40.220001,-0.36
"1429",81094,"Capra pyrenaica",40.220001,-0.47
"1430",81094,"Capra pyrenaica",40.130001,-0.59
"1431",81094,"Capra pyrenaica",40.220001,-0.59
"1432",81094,"Capra pyrenaica",40.040001,-0.6
"1433",81094,"Capra pyrenaica",41.310001,0.79
"1434",81094,"Capra pyrenaica",39.959999,-0.83
"1435",81094,"Capra pyrenaica",39.869999,-0.84
"1436",81094,"Capra pyrenaica",38.779999,-0.87
"1437",81094,"Capra pyrenaica",38.869999,-0.87
"1438",81094,"Capra pyrenaica",38.880001,-0.98
"1439",81094,"Capra pyrenaica",38.970001,-0.98
"1440",81094,"Capra pyrenaica",38.700001,-0.99
"1441",81094,"Capra pyrenaica",38.790001,-0.99
"1442",81094,"Capra pyrenaica",41.130001,-1.03
"1443",81094,"Capra pyrenaica",38.700001,-1.1
"1444",81094,"Capra pyrenaica",38.970001,-1.1
"1445",81094,"Capra pyrenaica",38.34,-1.11
"1446",81094,"Capra pyrenaica",38.43,-1.11
"1447",81094,"Capra pyrenaica",40.049999,-1.18
"1448",81094,"Capra pyrenaica",39.959999,-1.19
"1449",81094,"Capra pyrenaica",39.240002,-1.2
"1450",81094,"Capra pyrenaica",39.330002,-1.2
"1451",81094,"Capra pyrenaica",38.970001,-1.21
"1452",81094,"Capra pyrenaica",39.060001,-1.21
"1453",81094,"Capra pyrenaica",39.150002,-1.21
"1454",81094,"Capra pyrenaica",38.700001,-1.22
"1455",81094,"Capra pyrenaica",41.040001,-1.27
"1456",81094,"Capra pyrenaica",39.330002,-1.32
"1457",81094,"Capra pyrenaica",38.700001,-1.33
"1458",81094,"Capra pyrenaica",41.139999,-1.39
"1459",81094,"Capra pyrenaica",40.959999,-1.4
"1460",81094,"Capra pyrenaica",39.419998,-1.43
"1461",81094,"Capra pyrenaica",38.43,-1.45
"1462",81094,"Capra pyrenaica",38.52,-1.45
"1463",81094,"Capra pyrenaica",38.34,-1.46
"1464",81094,"Capra pyrenaica",40.779999,-1.52
"1465",81094,"Capra pyrenaica",40.150002,-1.53
"1466",81094,"Capra pyrenaica",40.240002,-1.53
"1467",81094,"Capra pyrenaica",39.43,-1.55
"1468",81094,"Capra pyrenaica",39.52,-1.55
"1469",81094,"Capra pyrenaica",38.34,-1.57
"1470",81094,"Capra pyrenaica",40.509998,-1.64
"1471",81094,"Capra pyrenaica",40.240002,-1.65
"1472",81094,"Capra pyrenaica",40.330002,-1.65
"1473",81094,"Capra pyrenaica",38.349998,-1.68
"1474",81094,"Capra pyrenaica",41.68,-1.74
"1475",81094,"Capra pyrenaica",40.330002,-1.76
"1476",81094,"Capra pyrenaica",40.419998,-1.76
"1477",81094,"Capra pyrenaica",40.509998,-1.76
"1478",81094,"Capra pyrenaica",40.240002,-1.77
"1479",81094,"Capra pyrenaica",38.349998,-1.8
"1480",81094,"Capra pyrenaica",40.419998,-1.88
"1481",81094,"Capra pyrenaica",40.509998,-1.88
"1482",81094,"Capra pyrenaica",40.599998,-1.88
"1483",81094,"Capra pyrenaica",38.259998,-1.91
"1484",81094,"Capra pyrenaica",38.349998,-1.91
"1485",81094,"Capra pyrenaica",40.599998,-2
"1486",81094,"Capra pyrenaica",38.259998,-2.03
"1487",81094,"Capra pyrenaica",38.349998,-2.03
"1488",81094,"Capra pyrenaica",40.599998,-2.11
"1489",81094,"Capra pyrenaica",40.689999,-2.11
"1490",81094,"Capra pyrenaica",41.139999,-2.11
"1491",81094,"Capra pyrenaica",38.169998,-2.14
"1492",81094,"Capra pyrenaica",38.259998,-2.14
"1493",81094,"Capra pyrenaica",40.599998,-2.23
"1494",81094,"Capra pyrenaica",37.630001,-2.26
"1495",81094,"Capra pyrenaica",37.990002,-2.26
"1496",81094,"Capra pyrenaica",38.080002,-2.26
"1497",81094,"Capra pyrenaica",38.169998,-2.26
"1498",81094,"Capra pyrenaica",40.509998,-2.35
"1499",81094,"Capra pyrenaica",40.599998,-2.35
"1500",81094,"Capra pyrenaica",37.990002,-2.37
"1501",81094,"Capra pyrenaica",38.080002,-2.37
"1502",81094,"Capra pyrenaica",40.509998,-2.47
"1503",81094,"Capra pyrenaica",40.599998,-2.47
"1504",81094,"Capra pyrenaica",38.349998,-2.48
"1505",81094,"Capra pyrenaica",38.439999,-2.48
"1506",81094,"Capra pyrenaica",38.080002,-2.49
"1507",81094,"Capra pyrenaica",38.169998,-2.49
"1508",81094,"Capra pyrenaica",38.259998,-2.49
"1509",81094,"Capra pyrenaica",37.990002,-2.6
"1510",81094,"Capra pyrenaica",38.080002,-2.6
"1511",81094,"Capra pyrenaica",38.439999,-2.6
"1512",81094,"Capra pyrenaica",38.529999,-2.6
"1513",81094,"Capra pyrenaica",37.18,-2.61
"1514",81094,"Capra pyrenaica",37.27,-2.61
"1515",81094,"Capra pyrenaica",38.619999,-2.71
"1516",81094,"Capra pyrenaica",37.900002,-2.72
"1517",81094,"Capra pyrenaica",37.990002,-2.72
"1518",81094,"Capra pyrenaica",37.810001,-2.83
"1519",81094,"Capra pyrenaica",37.900002,-2.83
"1520",81094,"Capra pyrenaica",38.439999,-2.83
"1521",81094,"Capra pyrenaica",37,-2.94
"1522",81094,"Capra pyrenaica",37.09,-2.94
"1523",81094,"Capra pyrenaica",37.18,-2.94
"1524",81094,"Capra pyrenaica",37.630001,-2.94
"1525",81094,"Capra pyrenaica",37.720001,-2.94
"1526",81094,"Capra pyrenaica",36.82,-3.06
"1527",81094,"Capra pyrenaica",36.91,-3.06
"1528",81094,"Capra pyrenaica",37,-3.06
"1529",81094,"Capra pyrenaica",37.09,-3.06
"1530",81094,"Capra pyrenaica",37.630001,-3.06
"1531",81094,"Capra pyrenaica",36.82,-3.17
"1532",81094,"Capra pyrenaica",37.630001,-3.17
"1533",81094,"Capra pyrenaica",38.439999,-3.17
"1534",81094,"Capra pyrenaica",37.630001,-3.28
"1535",81094,"Capra pyrenaica",37.540001,-3.51
"1536",81094,"Capra pyrenaica",37.540001,-3.62
"1537",81094,"Capra pyrenaica",38.439999,-3.63
"1538",81094,"Capra pyrenaica",36.73,-3.73
"1539",81094,"Capra pyrenaica",36.82,-3.73
"1540",81094,"Capra pyrenaica",38.439999,-3.74
"1541",81094,"Capra pyrenaica",36.82,-3.84
"1542",81094,"Capra pyrenaica",36.91,-3.84
"1543",81094,"Capra pyrenaica",38.439999,-3.86
"1544",81094,"Capra pyrenaica",36.91,-3.95
"1545",81094,"Capra pyrenaica",36.91,-4.07
"1546",81094,"Capra pyrenaica",37,-4.07
"1547",81094,"Capra pyrenaica",38.349998,-4.09
"1548",81094,"Capra pyrenaica",37,-4.18
"1549",81094,"Capra pyrenaica",38.349998,-4.2
"1550",81094,"Capra pyrenaica",38.439999,-4.2
"1551",81094,"Capra pyrenaica",36.990002,-4.29
"1552",81094,"Capra pyrenaica",37.080002,-4.29
"1553",81094,"Capra pyrenaica",38.439999,-4.32
"1554",81094,"Capra pyrenaica",37.169998,-4.41
"1555",81094,"Capra pyrenaica",38.43,-4.43
"1556",81094,"Capra pyrenaica",38.52,-4.55
"1557",81094,"Capra pyrenaica",39.419998,-4.57
"1558",81094,"Capra pyrenaica",39.509998,-4.57
"1559",81094,"Capra pyrenaica",39.599998,-4.57
"1560",81094,"Capra pyrenaica",39.419998,-4.68
"1561",81094,"Capra pyrenaica",39.509998,-4.69
"1562",81094,"Capra pyrenaica",40.32,-4.82
"1563",81094,"Capra pyrenaica",43.110001,-4.91
"1564",81094,"Capra pyrenaica",40.139999,-5.05
"1565",81094,"Capra pyrenaica",36.799999,-5.07
"1566",81094,"Capra pyrenaica",36.889999,-5.08
"1567",81094,"Capra pyrenaica",36.98,-5.08
"1568",81094,"Capra pyrenaica",36.98,-5.19
"1569",81094,"Capra pyrenaica",36.619999,-5.29
"1570",81094,"Capra pyrenaica",40.130001,-5.29
"1571",81094,"Capra pyrenaica",40.220001,-5.29
"1572",81094,"Capra pyrenaica",40.310001,-5.29
"1573",81094,"Capra pyrenaica",36.709999,-5.3
"1574",81094,"Capra pyrenaica",36.619999,-5.4
"1575",81094,"Capra pyrenaica",40.130001,-5.41
"1576",81094,"Capra pyrenaica",40.220001,-5.41
"1577",81094,"Capra pyrenaica",36.52,-5.51
"1578",81094,"Capra pyrenaica",40.220001,-5.53
"1579",81094,"Capra pyrenaica",36.52,-5.62
"1580",81094,"Capra pyrenaica",40.220001,-5.64
"1581",81094,"Capra pyrenaica",40.310001,-5.65
"1582",81094,"Capra pyrenaica",40.299999,-5.77
"1583",81094,"Capra pyrenaica",40.389999,-6.11
"1584",81094,"Capra pyrenaica",40.48,-6.11
"1585",81094,"Capra pyrenaica",40.48,-6.23
"1586",81094,"Capra pyrenaica",40.400002,-6.35
"1587",81094,"Capra pyrenaica",40.490002,-6.35
"1588",81094,"Capra pyrenaica",42.84,-6.86
"1589",81094,"Capra pyrenaica",38.880001,-1.21
"1590",81094,"Capra pyrenaica",39.060001,-1.32
"1591",81094,"Capra pyrenaica",39.150002,-1.32
"1592",81094,"Capra pyrenaica",39.240002,-1.32
"1593",81094,"Capra pyrenaica",39.060001,-1.44
"1594",81094,"Capra pyrenaica",39.150002,-1.44
"1595",81094,"Capra pyrenaica",39.240002,-1.44
"1596",81094,"Capra pyrenaica",39.16,-1.55
"1597",81094,"Capra pyrenaica",38.610001,-1.56
"1598",81094,"Capra pyrenaica",38.700001,-1.56
"1599",81094,"Capra pyrenaica",38.43,-1.57
"1600",81094,"Capra pyrenaica",38.52,-1.57
"1601",81094,"Capra pyrenaica",39.16,-1.67
"1602",81094,"Capra pyrenaica",38.439999,-1.68
"1603",81094,"Capra pyrenaica",38.529999,-1.68
"1604",81094,"Capra pyrenaica",38.619999,-1.68
"1605",81094,"Capra pyrenaica",38.709999,-1.68
"1606",81094,"Capra pyrenaica",38.619999,-1.79
"1607",81094,"Capra pyrenaica",38.709999,-1.79
"1608",81094,"Capra pyrenaica",38.439999,-1.8
"1609",81094,"Capra pyrenaica",38.529999,-1.8
"1610",81094,"Capra pyrenaica",38.439999,-1.91
"1611",81094,"Capra pyrenaica",38.529999,-1.91
"1612",81094,"Capra pyrenaica",38.619999,-1.91
"1613",81094,"Capra pyrenaica",38.529999,-2.02
"1614",81094,"Capra pyrenaica",38.619999,-2.02
"1615",81094,"Capra pyrenaica",38.439999,-2.03
"1616",81094,"Capra pyrenaica",38.349998,-2.14
"1617",81094,"Capra pyrenaica",38.439999,-2.14
"1618",81094,"Capra pyrenaica",38.529999,-2.14
"1619",81094,"Capra pyrenaica",38.619999,-2.14
"1620",81094,"Capra pyrenaica",38.709999,-2.14
"1621",81094,"Capra pyrenaica",38.529999,-2.25
"1622",81094,"Capra pyrenaica",38.619999,-2.25
"1623",81094,"Capra pyrenaica",38.709999,-2.25
"1624",81094,"Capra pyrenaica",38.259998,-2.26
"1625",81094,"Capra pyrenaica",38.349998,-2.26
"1626",81094,"Capra pyrenaica",38.439999,-2.26
"1627",81094,"Capra pyrenaica",38.169998,-2.37
"1628",81094,"Capra pyrenaica",38.259998,-2.37
"1629",81094,"Capra pyrenaica",38.349998,-2.37
"1630",81094,"Capra pyrenaica",38.439999,-2.37
"1631",81094,"Capra pyrenaica",38.529999,-2.37
"1632",81094,"Capra pyrenaica",38.619999,-2.37
"1633",81094,"Capra pyrenaica",38.529999,-2.48
"1634",81094,"Capra pyrenaica",38.619999,-2.48
"1635",81094,"Capra pyrenaica",38.709999,-2.48
"1636",81094,"Capra pyrenaica",38.619999,-2.6
"1637",81094,"Capra pyrenaica",37.09,-1.93
"1638",81094,"Capra pyrenaica",37.630001,-2.15
"1639",81094,"Capra pyrenaica",37.720001,-2.15
"1640",81094,"Capra pyrenaica",37.540001,-2.26
"1641",81094,"Capra pyrenaica",37.09,-2.27
"1642",81094,"Capra pyrenaica",37,-2.38
"1643",81094,"Capra pyrenaica",37.18,-2.38
"1644",81094,"Capra pyrenaica",37.27,-2.38
"1645",81094,"Capra pyrenaica",37.18,-2.49
"1646",81094,"Capra pyrenaica",36.82,-2.5
"1647",81094,"Capra pyrenaica",36.82,-2.61
"1648",81094,"Capra pyrenaica",36.91,-2.72
"1649",81094,"Capra pyrenaica",36.82,-2.83
"1650",81094,"Capra pyrenaica",36.91,-2.83
"1651",81094,"Capra pyrenaica",37.09,-2.83
"1652",81094,"Capra pyrenaica",36.91,-2.94
"1653",81094,"Capra pyrenaica",40.41,-4.83
"1654",81094,"Capra pyrenaica",40.32,-4.94
"1655",81094,"Capra pyrenaica",40.23,-5.06
"1656",81094,"Capra pyrenaica",40.32,-5.06
"1657",81094,"Capra pyrenaica",40.23,-5.17
"1658",81094,"Capra pyrenaica",40.32,-5.18
"1659",81094,"Capra pyrenaica",40.400002,-5.3
"1660",81094,"Capra pyrenaica",40.310001,-5.41
"1661",81094,"Capra pyrenaica",40.310001,-5.53
"1662",81094,"Capra pyrenaica",41.59,1.74
"1663",81094,"Capra pyrenaica",41.59,1.86
"1664",81094,"Capra pyrenaica",40.130001,-5.52
"1665",81094,"Capra pyrenaica",39.68,-5.62
"1666",81094,"Capra pyrenaica",40.130001,-5.64
"1667",81094,"Capra pyrenaica",39.759998,-5.74
"1668",81094,"Capra pyrenaica",40.119999,-5.76
"1669",81094,"Capra pyrenaica",40.209999,-5.76
"1670",81094,"Capra pyrenaica",40.209999,-5.88
"1671",81094,"Capra pyrenaica",40.389999,-6.23
"1672",81094,"Capra pyrenaica",36.709999,-5.41
"1673",81094,"Capra pyrenaica",36.799999,-5.41
"1674",81094,"Capra pyrenaica",36.889999,-5.41
"1675",81094,"Capra pyrenaica",36.25,-5.5
"1676",81094,"Capra pyrenaica",36.34,-5.51
"1677",81094,"Capra pyrenaica",36.790001,-5.52
"1678",81094,"Capra pyrenaica",40.66,-0.1
"1679",81094,"Capra pyrenaica",40.389999,0.11
"1681",81094,"Capra pyrenaica",40.57,0.11
"1682",81094,"Capra pyrenaica",40.389999,-0.11
"1683",81094,"Capra pyrenaica",40.48,-0.11
"1684",81094,"Capra pyrenaica",40.57,-0.11
"1685",81094,"Capra pyrenaica",40.299999,0.12
"1686",81094,"Capra pyrenaica",40.299999,-0.12
"1687",81094,"Capra pyrenaica",40.57,0.22
"1688",81094,"Capra pyrenaica",40.57,-0.22
"1689",81094,"Capra pyrenaica",40.389999,0.23
"1690",81094,"Capra pyrenaica",40.48,0.23
"1691",81094,"Capra pyrenaica",40.299999,-0.23
"1692",81094,"Capra pyrenaica",40.119999,-0.24
"1693",81094,"Capra pyrenaica",40.209999,-0.24
"1694",81094,"Capra pyrenaica",40.040001,-0.36
"1695",81094,"Capra pyrenaica",40.130001,-0.36
"1696",81094,"Capra pyrenaica",39.950001,-0.37
"1697",81094,"Capra pyrenaica",39.950001,-0.48
"1698",81094,"Capra pyrenaica",40.040001,-0.48
"1699",81094,"Capra pyrenaica",40.130001,-0.48
"1700",81094,"Capra pyrenaica",39.950001,-0.6
"1701",81094,"Capra pyrenaica",39.950001,-0.72
"1702",81094,"Capra pyrenaica",38.529999,-3.86
"1703",81094,"Capra pyrenaica",38.439999,-3.97
"1704",81094,"Capra pyrenaica",38.529999,-3.98
"1705",81094,"Capra pyrenaica",38.619999,-3.98
"1706",81094,"Capra pyrenaica",38.439999,-4.09
"1707",81094,"Capra pyrenaica",38.529999,-4.09
"1708",81094,"Capra pyrenaica",38.619999,-4.09
"1709",81094,"Capra pyrenaica",38.529999,-4.2
"1710",81094,"Capra pyrenaica",38.619999,-4.21
"1711",81094,"Capra pyrenaica",38.529999,-4.32
"1712",81094,"Capra pyrenaica",38.52,-4.43
"1713",81094,"Capra pyrenaica",38.610001,-4.44
"1714",81094,"Capra pyrenaica",38.889999,-4.44
"1715",81094,"Capra pyrenaica",38.98,-4.44
"1716",81094,"Capra pyrenaica",39.34,-4.45
"1717",81094,"Capra pyrenaica",38.880001,-4.56
"1718",81094,"Capra pyrenaica",38.880001,-4.67
"1719",81094,"Capra pyrenaica",37.349998,-4.3
"1720",81094,"Capra pyrenaica",37.529999,-4.3
"1721",81094,"Capra pyrenaica",40.150002,-1.65
"1722",81094,"Capra pyrenaica",39.700001,-1.66
"1723",81094,"Capra pyrenaica",40.150002,-1.77
"1724",81094,"Capra pyrenaica",40.240002,-1.88
"1725",81094,"Capra pyrenaica",40.330002,-1.88
"1726",81094,"Capra pyrenaica",40.240002,-2
"1727",81094,"Capra pyrenaica",40.330002,-2
"1728",81094,"Capra pyrenaica",40.419998,-2
"1729",81094,"Capra pyrenaica",40.509998,-2
"1730",81094,"Capra pyrenaica",40.509998,-2.11
"1731",81094,"Capra pyrenaica",40.330002,-2.12
"1732",81094,"Capra pyrenaica",40.419998,-2.12
"1733",81094,"Capra pyrenaica",40.419998,-2.23
"1734",81094,"Capra pyrenaica",40.509998,-2.23
"1735",81094,"Capra pyrenaica",37.720001,-2.49
"1736",81094,"Capra pyrenaica",37.900002,-2.49
"1737",81094,"Capra pyrenaica",37.990002,-2.49
"1738",81094,"Capra pyrenaica",37.720001,-2.6
"1739",81094,"Capra pyrenaica",37.810001,-2.6
"1740",81094,"Capra pyrenaica",37.900002,-2.6
"1741",81094,"Capra pyrenaica",37.360001,-2.72
"1742",81094,"Capra pyrenaica",37.450001,-2.72
"1743",81094,"Capra pyrenaica",37.810001,-2.72
"1744",81094,"Capra pyrenaica",37.360001,-2.83
"1745",81094,"Capra pyrenaica",37.450001,-2.83
"1746",81094,"Capra pyrenaica",37.360001,-2.94
"1747",81094,"Capra pyrenaica",37.450001,-2.94
"1748",81094,"Capra pyrenaica",37.540001,-2.94
"1749",81094,"Capra pyrenaica",37.18,-3.06
"1750",81094,"Capra pyrenaica",37.27,-3.06
"1751",81094,"Capra pyrenaica",37.450001,-3.06
"1752",81094,"Capra pyrenaica",37.540001,-3.06
"1753",81094,"Capra pyrenaica",36.91,-3.17
"1754",81094,"Capra pyrenaica",37,-3.17
"1755",81094,"Capra pyrenaica",37.09,-3.17
"1756",81094,"Capra pyrenaica",37.18,-3.17
"1757",81094,"Capra pyrenaica",37.27,-3.17
"1758",81094,"Capra pyrenaica",37.360001,-3.17
"1759",81094,"Capra pyrenaica",37.450001,-3.17
"1760",81094,"Capra pyrenaica",37.540001,-3.17
"1761",81094,"Capra pyrenaica",36.82,-3.28
"1762",81094,"Capra pyrenaica",36.91,-3.28
"1763",81094,"Capra pyrenaica",37,-3.28
"1764",81094,"Capra pyrenaica",37.09,-3.28
"1765",81094,"Capra pyrenaica",37.18,-3.28
"1766",81094,"Capra pyrenaica",37.27,-3.28
"1767",81094,"Capra pyrenaica",37.360001,-3.28
"1768",81094,"Capra pyrenaica",37.450001,-3.28
"1769",81094,"Capra pyrenaica",36.73,-3.39
"1770",81094,"Capra pyrenaica",36.82,-3.39
"1771",81094,"Capra pyrenaica",36.91,-3.39
"1772",81094,"Capra pyrenaica",37,-3.39
"1773",81094,"Capra pyrenaica",37.09,-3.39
"1774",81094,"Capra pyrenaica",37.18,-3.39
"1775",81094,"Capra pyrenaica",37.27,-3.39
"1776",81094,"Capra pyrenaica",37.360001,-3.4
"1777",81094,"Capra pyrenaica",36.82,-3.5
"1778",81094,"Capra pyrenaica",36.91,-3.51
"1779",81094,"Capra pyrenaica",37,-3.51
"1780",81094,"Capra pyrenaica",37.09,-3.51
"1781",81094,"Capra pyrenaica",37.18,-3.51
"1782",81094,"Capra pyrenaica",37.27,-3.51
"1783",81094,"Capra pyrenaica",37.360001,-3.51
"1784",81094,"Capra pyrenaica",36.82,-3.62
"1785",81094,"Capra pyrenaica",36.91,-3.62
"1786",81094,"Capra pyrenaica",37,-3.62
"1787",81094,"Capra pyrenaica",37.09,-3.62
"1788",81094,"Capra pyrenaica",37.27,-3.62
"1789",81094,"Capra pyrenaica",37.360001,-3.62
"1790",81094,"Capra pyrenaica",37.450001,-3.62
"1791",81094,"Capra pyrenaica",36.91,-3.73
"1792",81094,"Capra pyrenaica",37,-3.73
"1793",81094,"Capra pyrenaica",37.360001,-3.73
"1794",81094,"Capra pyrenaica",37,-3.84
"1795",81094,"Capra pyrenaica",37.09,-3.84
"1796",81094,"Capra pyrenaica",37.09,-3.96
"1797",81094,"Capra pyrenaica",37.09,-4.07
"1798",81094,"Capra pyrenaica",37.18,-4.07
"1799",81094,"Capra pyrenaica",37.09,-4.18
"1800",81094,"Capra pyrenaica",37.18,-4.18
"1801",81094,"Capra pyrenaica",40.599998,-1.76
"1802",81094,"Capra pyrenaica",40.779999,-1.76
"1803",81094,"Capra pyrenaica",40.689999,-1.88
"1804",81094,"Capra pyrenaica",40.689999,-1.99
"1805",81094,"Capra pyrenaica",40.869999,-1.99
"1806",81094,"Capra pyrenaica",40.779999,-2.11
"1807",81094,"Capra pyrenaica",40.869999,-2.11
"1808",81094,"Capra pyrenaica",40.689999,-2.23
"1809",81094,"Capra pyrenaica",40.779999,-2.23
"1810",81094,"Capra pyrenaica",40.869999,-2.23
"1811",81094,"Capra pyrenaica",40.959999,-2.23
"1812",81094,"Capra pyrenaica",40.689999,-2.35
"1813",81094,"Capra pyrenaica",40.779999,-2.35
"1814",81094,"Capra pyrenaica",40.869999,-2.35
"1815",81094,"Capra pyrenaica",40.959999,-2.35
"1816",81094,"Capra pyrenaica",40.689999,-2.47
"1817",81094,"Capra pyrenaica",40.779999,-2.47
"1818",81094,"Capra pyrenaica",40.610001,-2.59
"1819",81094,"Capra pyrenaica",40.700001,-2.59
"1820",81094,"Capra pyrenaica",40.610001,-2.7
"1821",81094,"Capra pyrenaica",40.700001,-2.7
"1822",81094,"Capra pyrenaica",41.470001,0.07
"1823",81094,"Capra pyrenaica",42.189999,-0.15
"1824",81094,"Capra pyrenaica",42.279999,-0.27
"1825",81094,"Capra pyrenaica",38.169998,-2.6
"1826",81094,"Capra pyrenaica",38.259998,-2.6
"1827",81094,"Capra pyrenaica",38.349998,-2.6
"1828",81094,"Capra pyrenaica",38.080002,-2.71
"1829",81094,"Capra pyrenaica",38.169998,-2.71
"1830",81094,"Capra pyrenaica",37.990002,-2.83
"1831",81094,"Capra pyrenaica",38.080002,-2.83
"1832",81094,"Capra pyrenaica",38.169998,-2.83
"1833",81094,"Capra pyrenaica",37.810001,-2.94
"1834",81094,"Capra pyrenaica",37.900002,-2.94
"1835",81094,"Capra pyrenaica",37.990002,-2.94
"1836",81094,"Capra pyrenaica",38.080002,-2.94
"1837",81094,"Capra pyrenaica",38.169998,-2.94
"1838",81094,"Capra pyrenaica",37.720001,-3.06
"1839",81094,"Capra pyrenaica",37.810001,-3.06
"1840",81094,"Capra pyrenaica",37.900002,-3.06
"1841",81094,"Capra pyrenaica",37.990002,-3.06
"1842",81094,"Capra pyrenaica",38.259998,-3.06
"1843",81094,"Capra pyrenaica",37.720001,-3.17
"1844",81094,"Capra pyrenaica",37.720001,-3.28
"1845",81094,"Capra pyrenaica",37.810001,-3.28
"1846",81094,"Capra pyrenaica",37.900002,-3.28
"1847",81094,"Capra pyrenaica",38.349998,-3.29
"1848",81094,"Capra pyrenaica",37.720001,-3.4
"1849",81094,"Capra pyrenaica",37.810001,-3.4
"1850",81094,"Capra pyrenaica",37.900002,-3.4
"1851",81094,"Capra pyrenaica",38.349998,-3.4
"1852",81094,"Capra pyrenaica",37.720001,-3.51
"1853",81094,"Capra pyrenaica",37.810001,-3.51
"1854",81094,"Capra pyrenaica",38.349998,-3.52
"1855",81094,"Capra pyrenaica",37.630001,-3.62
"1856",81094,"Capra pyrenaica",37.720001,-3.62
"1857",81094,"Capra pyrenaica",37.810001,-3.62
"1858",81094,"Capra pyrenaica",37.630001,-3.74
"1859",81094,"Capra pyrenaica",37.720001,-3.74
"1860",81094,"Capra pyrenaica",37.810001,-3.74
"1861",81094,"Capra pyrenaica",38.259998,-3.74
"1862",81094,"Capra pyrenaica",38.169998,-3.97
"1863",81094,"Capra pyrenaica",38.259998,-3.97
"1864",81094,"Capra pyrenaica",37.900002,-4.08
"1865",81094,"Capra pyrenaica",38.080002,-4.08
"1866",81094,"Capra pyrenaica",43.02,-4.9
"1867",81094,"Capra pyrenaica",42.93,-5.02
"1868",81094,"Capra pyrenaica",43.02,-5.02
"1869",81094,"Capra pyrenaica",42.84,-6.74
"1870",81094,"Capra pyrenaica",42.759998,-7.72
"1871",81094,"Capra pyrenaica",40.330002,-3.65
"1872",81094,"Capra pyrenaica",40.599998,-3.65
"1873",81094,"Capra pyrenaica",40.689999,-3.77
"1874",81094,"Capra pyrenaica",40.779999,-3.77
"1875",81094,"Capra pyrenaica",40.599998,-3.89
"1876",81094,"Capra pyrenaica",40.779999,-3.89
"1877",81094,"Capra pyrenaica",40.419998,-4.24
"1878",81094,"Capra pyrenaica",36.73,-3.84
"1879",81094,"Capra pyrenaica",36.82,-3.95
"1880",81094,"Capra pyrenaica",36.720001,-4.29
"1881",81094,"Capra pyrenaica",36.720001,-4.4
"1882",81094,"Capra pyrenaica",36.810001,-4.4
"1883",81094,"Capra pyrenaica",36.990002,-4.4
"1884",81094,"Capra pyrenaica",36.630001,-4.51
"1885",81094,"Capra pyrenaica",36.990002,-4.52
"1886",81094,"Capra pyrenaica",36.630001,-4.62
"1887",81094,"Capra pyrenaica",36.900002,-4.63
"1888",81094,"Capra pyrenaica",36.540001,-4.73
"1889",81094,"Capra pyrenaica",36.630001,-4.73
"1890",81094,"Capra pyrenaica",36.810001,-4.74
"1891",81094,"Capra pyrenaica",36.900002,-4.74
"1892",81094,"Capra pyrenaica",36.540001,-4.84
"1893",81094,"Capra pyrenaica",36.630001,-4.85
"1894",81094,"Capra pyrenaica",36.720001,-4.85
"1895",81094,"Capra pyrenaica",36.990002,-4.85
"1896",81094,"Capra pyrenaica",36.529999,-4.95
"1897",81094,"Capra pyrenaica",36.619999,-4.96
"1898",81094,"Capra pyrenaica",36.709999,-4.96
"1899",81094,"Capra pyrenaica",36.799999,-4.96
"1900",81094,"Capra pyrenaica",36.889999,-4.96
"1901",81094,"Capra pyrenaica",36.529999,-5.07
"1902",81094,"Capra pyrenaica",36.619999,-5.07
"1903",81094,"Capra pyrenaica",36.709999,-5.07
"1904",81094,"Capra pyrenaica",36.439999,-5.18
"1905",81094,"Capra pyrenaica",36.529999,-5.18
"1906",81094,"Capra pyrenaica",36.709999,-5.18
"1907",81094,"Capra pyrenaica",38.610001,-1.1
"1908",81094,"Capra pyrenaica",38.52,-1.11
"1909",81094,"Capra pyrenaica",38.43,-1.22
"1910",81094,"Capra pyrenaica",38.52,-1.22
"1911",81094,"Capra pyrenaica",38.610001,-1.22
"1912",81094,"Capra pyrenaica",38.34,-1.23
"1913",81094,"Capra pyrenaica",38.610001,-1.33
"1914",81094,"Capra pyrenaica",38.43,-1.34
"1915",81094,"Capra pyrenaica",38.52,-1.34
"1916",81094,"Capra pyrenaica",38.25,-1.57
"1917",81094,"Capra pyrenaica",37.889999,-1.58
"1918",81094,"Capra pyrenaica",37.900002,-1.69
"1919",81094,"Capra pyrenaica",38.259998,-1.69
"1920",81094,"Capra pyrenaica",38.080002,-1.8
"1921",81094,"Capra pyrenaica",38.169998,-1.8
"1922",81094,"Capra pyrenaica",38.259998,-1.8
"1923",81094,"Capra pyrenaica",37.990002,-1.92
"1924",81094,"Capra pyrenaica",38.080002,-1.92
"1925",81094,"Capra pyrenaica",38.169998,-1.92
"1926",81094,"Capra pyrenaica",37.990002,-2.03
"1927",81094,"Capra pyrenaica",38.080002,-2.03
"1928",81094,"Capra pyrenaica",38.169998,-2.03
"1929",81094,"Capra pyrenaica",38.080002,-2.14
"1930",81094,"Capra pyrenaica",37.990002,-2.15
"1931",81094,"Capra pyrenaica",42.130001,-7.37
"1932",81094,"Capra pyrenaica",40.759998,0.33
"1933",81094,"Capra pyrenaica",41.029999,0.44
"1934",81094,"Capra pyrenaica",40.759998,0.45
"1935",81094,"Capra pyrenaica",40.849998,0.45
"1936",81094,"Capra pyrenaica",40.939999,0.45
"1937",81094,"Capra pyrenaica",40.939999,0.56
"1938",81094,"Capra pyrenaica",41.029999,0.56
"1939",81094,"Capra pyrenaica",41.119999,0.56
"1940",81094,"Capra pyrenaica",40.849998,0.57
"1941",81094,"Capra pyrenaica",40.580002,0.58
"1942",81094,"Capra pyrenaica",41.029999,0.68
"1943",81094,"Capra pyrenaica",41.119999,0.68
"1944",81094,"Capra pyrenaica",40.84,0.09
"1945",81094,"Capra pyrenaica",40.84,-0.09
"1946",81094,"Capra pyrenaica",40.93,-0.09
"1947",81094,"Capra pyrenaica",40.84,-0.21
"1948",81094,"Capra pyrenaica",40.93,-0.21
"1949",81094,"Capra pyrenaica",40.759998,-0.33
"1950",81094,"Capra pyrenaica",40.849998,-0.33
"1951",81094,"Capra pyrenaica",40.939999,-0.33
"1952",81094,"Capra pyrenaica",41.029999,-0.44
"1953",81094,"Capra pyrenaica",40.759998,-0.45
"1954",81094,"Capra pyrenaica",40.849998,-0.45
"1955",81094,"Capra pyrenaica",40.490002,-0.46
"1956",81094,"Capra pyrenaica",40.580002,-0.46
"1957",81094,"Capra pyrenaica",40.669998,-0.46
"1958",81094,"Capra pyrenaica",40.310001,-0.47
"1959",81094,"Capra pyrenaica",40.400002,-0.47
"1960",81094,"Capra pyrenaica",40.939999,-0.56
"1961",81094,"Capra pyrenaica",41.029999,-0.56
"1962",81094,"Capra pyrenaica",41.119999,-0.56
"1963",81094,"Capra pyrenaica",40.669998,-0.57
"1964",81094,"Capra pyrenaica",40.759998,-0.57
"1965",81094,"Capra pyrenaica",40.849998,-0.57
"1966",81094,"Capra pyrenaica",40.400002,-0.58
"1967",81094,"Capra pyrenaica",40.490002,-0.58
"1968",81094,"Capra pyrenaica",40.580002,-0.58
"1969",81094,"Capra pyrenaica",40.310001,-0.59
"1970",81094,"Capra pyrenaica",40.939999,-0.68
"1971",81094,"Capra pyrenaica",41.029999,-0.68
"1972",81094,"Capra pyrenaica",40.669998,-0.69
"1973",81094,"Capra pyrenaica",40.759998,-0.69
"1974",81094,"Capra pyrenaica",40.849998,-0.69
"1975",81094,"Capra pyrenaica",40.400002,-0.7
"1976",81094,"Capra pyrenaica",40.490002,-0.7
"1977",81094,"Capra pyrenaica",40.580002,-0.7
"1978",81094,"Capra pyrenaica",40.130001,-0.71
"1979",81094,"Capra pyrenaica",40.220001,-0.71
"1980",81094,"Capra pyrenaica",40.310001,-0.71
"1981",81094,"Capra pyrenaica",40.77,-0.81
"1982",81094,"Capra pyrenaica",40.860001,-0.81
"1983",81094,"Capra pyrenaica",40.41,-0.82
"1984",81094,"Capra pyrenaica",40.23,-0.83
"1985",81094,"Capra pyrenaica",40.860001,-0.92
"1986",81094,"Capra pyrenaica",40.77,-0.93
"1987",81094,"Capra pyrenaica",40.32,-0.94
"1988",81094,"Capra pyrenaica",40.41,-0.94
"1989",81094,"Capra pyrenaica",40.77,-1.04
"1990",81094,"Capra pyrenaica",41.040001,-1.04
"1991",81094,"Capra pyrenaica",40.68,-1.05
"1992",81094,"Capra pyrenaica",40.68,-1.17
"1993",81094,"Capra pyrenaica",40.5,-1.41
"1994",81094,"Capra pyrenaica",40.509998,-1.52
"1995",81094,"Capra pyrenaica",39.599998,-4.69
"1996",81094,"Capra pyrenaica",39.139999,-0.51
"1997",81094,"Capra pyrenaica",39.32,-0.51
"1998",81094,"Capra pyrenaica",39.049999,-0.52
"1999",81094,"Capra pyrenaica",39.23,-0.62
"2000",81094,"Capra pyrenaica",39.32,-0.62
"2001",81094,"Capra pyrenaica",39.41,-0.62
"2002",81094,"Capra pyrenaica",39.049999,-0.63
"2003",81094,"Capra pyrenaica",39.139999,-0.63
"2004",81094,"Capra pyrenaica",39.41,-0.73
"2005",81094,"Capra pyrenaica",39.5,-0.73
"2006",81094,"Capra pyrenaica",39.139999,-0.74
"2007",81094,"Capra pyrenaica",39.23,-0.74
"2008",81094,"Capra pyrenaica",39.32,-0.74
"2009",81094,"Capra pyrenaica",38.869999,-0.75
"2010",81094,"Capra pyrenaica",38.959999,-0.75
"2011",81094,"Capra pyrenaica",39.049999,-0.75
"2012",81094,"Capra pyrenaica",39.32,-0.85
"2013",81094,"Capra pyrenaica",39.41,-0.85
"2014",81094,"Capra pyrenaica",39.5,-0.85
"2015",81094,"Capra pyrenaica",38.959999,-0.86
"2016",81094,"Capra pyrenaica",39.049999,-0.86
"2017",81094,"Capra pyrenaica",39.139999,-0.86
"2018",81094,"Capra pyrenaica",39.23,-0.86
"2019",81094,"Capra pyrenaica",39.509998,-0.96
"2020",81094,"Capra pyrenaica",39.689999,-0.96
"2021",81094,"Capra pyrenaica",39.779999,-0.96
"2022",81094,"Capra pyrenaica",39.150002,-0.97
"2023",81094,"Capra pyrenaica",39.240002,-0.97
"2024",81094,"Capra pyrenaica",39.330002,-0.97
"2025",81094,"Capra pyrenaica",39.419998,-0.97
"2026",81094,"Capra pyrenaica",39.060001,-0.98
"2027",81094,"Capra pyrenaica",39.419998,-1.08
"2028",81094,"Capra pyrenaica",39.509998,-1.08
"2029",81094,"Capra pyrenaica",39.060001,-1.09
"2030",81094,"Capra pyrenaica",39.150002,-1.09
"2031",81094,"Capra pyrenaica",39.240002,-1.09
"2032",81094,"Capra pyrenaica",39.330002,-1.09
"2033",81094,"Capra pyrenaica",39.419998,-1.2
"2034",81094,"Capra pyrenaica",39.419998,-1.32
"2035",81094,"Capra pyrenaica",39.509998,-1.43
"2036",81094,"Capra pyrenaica",41.220001,-1.27
"2037",81094,"Capra pyrenaica",41.310001,-1.27
"2038",81094,"Capra pyrenaica",41.5,-1.74
"2039",81094,"Capra pyrenaica",38.666212,-2.444458
"2040",81094,"Capra pyrenaica",40.513007,-6.168351
"2041",81094,"Capra pyrenaica",41.843406,-7.987404
"2042",81094,"Capra pyrenaica",41.594882,1.834673
"2043",81094,"Capra pyrenaica",36.953755,-4.543735
"2044",81094,"Capra pyrenaica",36.778533,-3.880625
"2045",81094,"Capra pyrenaica",40.723905,0.22542
"2046",81094,"Capra pyrenaica",42.75188,1.3528
"2047",81094,"Capra pyrenaica",36.787944,-5.376134
"2048",81094,"Capra pyrenaica",40.299701,-5.089046
"2049",81094,"Capra pyrenaica",40.265342,-5.303741
"2050",81094,"Capra pyrenaica",36.630184,-4.525759
"2051",81094,"Capra pyrenaica",38.219051,-3.985597
"2683",81094,"Capra pyrenaica",37.090069,-3.38167
"2684",81094,"Capra pyrenaica",37.09833,-3.389068
"2685",81094,"Capra pyrenaica",37.081017,-3.394213
"2686",81094,"Capra pyrenaica",40.805417,0.34513
"2688",81094,"Capra pyrenaica",40.745139,-0.176722
"2689",81094,"Capra pyrenaica",42.004806,-8.160199
"2690",81094,"Capra pyrenaica",42.595,1.715
"2691",81094,"Capra pyrenaica",37.898998,-2.982
"2692",81094,"Capra pyrenaica",37.744999,-2.982
"2694",81094,"Capra pyrenaica",38.000999,-2.94
"2696",81094,"Capra pyrenaica",37.099998,-2.94
"2697",81094,"Capra pyrenaica",37.744999,-2.994
"2706",81094,"Capra pyrenaica",37.889,-2.88
"2714",81094,"Capra pyrenaica",37.140999,-2.971
"2723",81094,"Capra pyrenaica",39.51,-1.43
"2724",81094,"Capra pyrenaica",39.15,-1.09
"2730",81094,"Capra pyrenaica",39.42,-1.43
"2731",81094,"Capra pyrenaica",38.78,-0.87
"2735",81094,"Capra pyrenaica",39.42,-1.32
"2736",81094,"Capra pyrenaica",40.3,0.12
"2738",81094,"Capra pyrenaica",39.33,-1.2
"2739",81094,"Capra pyrenaica",40.67,0.34
"2741",81094,"Capra pyrenaica",39.15,-1.21
"2743",81094,"Capra pyrenaica",39.24,-1.09
"2744",81094,"Capra pyrenaica",39.42,-1.2
"2746",81094,"Capra pyrenaica",39.06,-1.21
"2750",81094,"Capra pyrenaica",39.24,-1.2
"2751",81094,"Capra pyrenaica",39.06,-0.98
"2756",81094,"Capra pyrenaica",39.69,-0.96
"2757",81094,"Capra pyrenaica",39.51,-0.96
"2758",81094,"Capra pyrenaica",39.24,-0.97
"2759",81094,"Capra pyrenaica",39.33,-1.09
"2760",81094,"Capra pyrenaica",39.42,-0.97
"2761",81094,"Capra pyrenaica",39.33,-0.97
"2762",81094,"Capra pyrenaica",39.15,-0.97
"2763",81094,"Capra pyrenaica",39.05,-0.86
"2765",81094,"Capra pyrenaica",39.05,-0.63
"2766",81094,"Capra pyrenaica",38.87,-0.87
"2768",81094,"Capra pyrenaica",39.14,-0.74
"2770",81094,"Capra pyrenaica",38.96,-0.86
"2774",81094,"Capra pyrenaica",39.78,-0.96
"2775",81094,"Capra pyrenaica",39.42,-1.08
"2778",81094,"Capra pyrenaica",39.05,-0.75
"2780",81094,"Capra pyrenaica",38.96,-0.75
"2782",81094,"Capra pyrenaica",40.13,-0.48
"2789",81094,"Capra pyrenaica",40.13,-0.59
"2792",81094,"Capra pyrenaica",39.51,-1.08
"2796",81094,"Capra pyrenaica",40.04,-0.48
"2797",81094,"Capra pyrenaica",39.14,-0.86
"2803",81094,"Capra pyrenaica",39.14,-0.51
"2808",81094,"Capra pyrenaica",40.49,-0.35
"2814",81094,"Capra pyrenaica",40.21,-0.24
"2816",81094,"Capra pyrenaica",40.3,-0.23
"2817",81094,"Capra pyrenaica",39.05,-0.52
"2820",81094,"Capra pyrenaica",39.14,-0.63
"2827",81094,"Capra pyrenaica",40.13,-0.36
"2828",81094,"Capra pyrenaica",40.04,-0.6
"2832",81094,"Capra pyrenaica",40.04,-0.36
"2840",81094,"Capra pyrenaica",40.3,-0.12
"2847",81094,"Capra pyrenaica",40.12,-0.24
"2851",81094,"Capra pyrenaica",40.39,-0.11
"2852",81094,"Capra pyrenaica",40.22,-0.36
"2856",81094,"Capra pyrenaica",40.39,-0.23
"2871",81094,"Capra pyrenaica",40.67,-0.34
"2880",81094,"Capra pyrenaica",39.04,-0.79
"2881",81094,"Capra pyrenaica",39.07,-0.77
"2882",81094,"Capra pyrenaica",39.06,-0.72
"2883",81094,"Capra pyrenaica",39.01,-0.77
"2884",81094,"Capra pyrenaica",39.08,-0.77
"2885",81094,"Capra pyrenaica",40.01,-0.59
"2886",81094,"Capra pyrenaica",39.39,-1.46
"2887",81094,"Capra pyrenaica",40.08,-0.35
"2888",81094,"Capra pyrenaica",40.21,-0.37
"2889",81094,"Capra pyrenaica",40.2,-0.36
"2890",81094,"Capra pyrenaica",40.23,-0.34
"2891",81094,"Capra pyrenaica",39.92,-0.75
"2895",81094,"Capra pyrenaica",39.23,-0.78
"2896",81094,"Capra pyrenaica",39.17,-0.91
"2897",81094,"Capra pyrenaica",39.07,-1.21
"2899",81094,"Capra pyrenaica",39.44,-1.07
"2900",81094,"Capra pyrenaica",39.24,-1
"2901",81094,"Capra pyrenaica",39.23,-0.95
"2903",81094,"Capra pyrenaica",39.22,-0.99
"2904",81094,"Capra pyrenaica",39.24,-0.95
"2905",81094,"Capra pyrenaica",39.18,-1.02
"2907",81094,"Capra pyrenaica",39.19,-1.13
"2909",81094,"Capra pyrenaica",39.19,-1.1
"2910",81094,"Capra pyrenaica",39.22,-1.03
"2911",81094,"Capra pyrenaica",39.25,-0.88
"2912",81094,"Capra pyrenaica",39.16,-0.93
"2913",81094,"Capra pyrenaica",39.17,-0.86
"2914",81094,"Capra pyrenaica",39.17,-0.87
"2915",81094,"Capra pyrenaica",39.18,-0.88
"2917",81094,"Capra pyrenaica",39.18,-0.85
"2918",81094,"Capra pyrenaica",40,-0.55
"2919",81094,"Capra pyrenaica",39.17,-0.96
"2920",81094,"Capra pyrenaica",39.24,-0.92
"2921",81094,"Capra pyrenaica",39.5,-1.48
"2922",81094,"Capra pyrenaica",39.02,-0.63
"2923",81094,"Capra pyrenaica",39.03,-0.62
"2924",81094,"Capra pyrenaica",39.05,-0.79
"2925",81094,"Capra pyrenaica",39.03,-0.81
"2926",81094,"Capra pyrenaica",39.04,-0.83
"2927",81094,"Capra pyrenaica",39.06,-0.62
"2928",81094,"Capra pyrenaica",39.04,-0.82
"2929",81094,"Capra pyrenaica",38.99,-0.63
"2930",81094,"Capra pyrenaica",39.03,-0.61
"2931",81094,"Capra pyrenaica",39.02,-0.81
"2932",81094,"Capra pyrenaica",39.02,-0.78
"2933",81094,"Capra pyrenaica",39.03,-0.78
"2934",81094,"Capra pyrenaica",39.03,-0.79
"2935",81094,"Capra pyrenaica",39.04,-0.62
"2936",81094,"Capra pyrenaica",39.04,-0.77
"2937",81094,"Capra pyrenaica",39.03,-0.63
"2938",81094,"Capra pyrenaica",39.05,-0.62
"2940",81094,"Capra pyrenaica",39.04,-0.81
"2941",81094,"Capra pyrenaica",39.01,-0.63
"2943",81094,"Capra pyrenaica",39.03,-0.82
"2948",81094,"Capra pyrenaica",39.05,-0.77
"2949",81094,"Capra pyrenaica",39.04,-0.78
"2952",81094,"Capra pyrenaica",39.09,-0.63
"2953",81094,"Capra pyrenaica",39.1,-0.63
"2954",81094,"Capra pyrenaica",39.11,-0.62
"2957",81094,"Capra pyrenaica",38.88,-0.76
"2960",81094,"Capra pyrenaica",39.26,-1.11
"2961",81094,"Capra pyrenaica",40.02,-1.11
"2962",81094,"Capra pyrenaica",40.07,-1.11
"2965",81094,"Capra pyrenaica",39.36,-0.59
"2966",81094,"Capra pyrenaica",39.19,-1.09
"2967",81094,"Capra pyrenaica",40.38,-0.27
"2968",81094,"Capra pyrenaica",39.36,-0.65
"2969",81094,"Capra pyrenaica",40.5,-0.19
"2970",81094,"Capra pyrenaica",40.47,-0.29
"2971",81094,"Capra pyrenaica",40.53,-0.24
"2972",81094,"Capra pyrenaica",39.26,-1.05
"2973",81094,"Capra pyrenaica",38.91,-0.74
"2974",81094,"Capra pyrenaica",38.86,-0.85
"2975",81094,"Capra pyrenaica",38.9,-0.79
"2976",81094,"Capra pyrenaica",38.89,-0.8
"2977",81094,"Capra pyrenaica",39.14,-1.1
"2978",81094,"Capra pyrenaica",38.85,-0.85
"2979",81094,"Capra pyrenaica",39.21,-1.07
"2980",81094,"Capra pyrenaica",38.88,-0.79
"2981",81094,"Capra pyrenaica",38.91,-0.78
"2982",81094,"Capra pyrenaica",39.2,-1.08
"2983",81094,"Capra pyrenaica",38.87,-0.83
"2987",81094,"Capra pyrenaica",39.44,-1.4
"2988",81094,"Capra pyrenaica",39.19,-0.87
"2992",81094,"Capra pyrenaica",40.57,0.05
"2994",81094,"Capra pyrenaica",40.42,-0.23
"2998",81094,"Capra pyrenaica",40.53,0.08
"2999",81094,"Capra pyrenaica",40.49,-0.19
"3000",81094,"Capra pyrenaica",40.42,-0.22
"3004",81094,"Capra pyrenaica",40.65,-0.19
"3008",81094,"Capra pyrenaica",40.42,0.01
"3009",81094,"Capra pyrenaica",40.43,-0.03
"3010",81094,"Capra pyrenaica",40.65,-0.27
"3012",81094,"Capra pyrenaica",40.64,-0.15
"3013",81094,"Capra pyrenaica",40.3,-0.07
"3014",81094,"Capra pyrenaica",40.52,0.06
"3016",81094,"Capra pyrenaica",39.17,-1.02
"3020",81094,"Capra pyrenaica",39.3,-0.81
"3024",81094,"Capra pyrenaica",39.3,-1.1
"3029",81094,"Capra pyrenaica",39.32,-1.12
"3031",81094,"Capra pyrenaica",39.46,-0.85
"3032",81094,"Capra pyrenaica",39.45,-1.06
"3033",81094,"Capra pyrenaica",39.41,-0.97
"3034",81094,"Capra pyrenaica",39.34,-1.21
"3037",81094,"Capra pyrenaica",39.39,-1.24
"3039",81094,"Capra pyrenaica",39.28,-0.65
"3040",81094,"Capra pyrenaica",39.52,-1.49
"3043",81094,"Capra pyrenaica",39.54,-0.88
"3044",81094,"Capra pyrenaica",39.39,-0.86
"3045",81094,"Capra pyrenaica",39.37,-1.28
"3046",81094,"Capra pyrenaica",39.43,-0.84
"3047",81094,"Capra pyrenaica",39.37,-1.27
"3048",81094,"Capra pyrenaica",39.39,-1.25
"3049",81094,"Capra pyrenaica",39.36,-1.36
"3050",81094,"Capra pyrenaica",39.32,-1.17
"3053",81094,"Capra pyrenaica",39.33,-1.13
"3054",81094,"Capra pyrenaica",39.34,-1.18
"3057",81094,"Capra pyrenaica",39.28,-1.15
"3058",81094,"Capra pyrenaica",39.35,-1.26
"3059",81094,"Capra pyrenaica",39.61,-0.93
"3061",81094,"Capra pyrenaica",39.34,-1.12
"3062",81094,"Capra pyrenaica",39.36,-1
"3064",81094,"Capra pyrenaica",39.32,-1.16
"3070",81094,"Capra pyrenaica",39.34,-1.23
"3072",81094,"Capra pyrenaica",39.6,-0.94
"3073",81094,"Capra pyrenaica",39.29,-0.66
"3075",81094,"Capra pyrenaica",39.35,-1.2
"3076",81094,"Capra pyrenaica",39.37,-1.21
"3079",81094,"Capra pyrenaica",39.32,-1.21
"3083",81094,"Capra pyrenaica",39.51,-1.49
"3085",81094,"Capra pyrenaica",39.39,-1.22
"3086",81094,"Capra pyrenaica",39.34,-1.2
"3087",81094,"Capra pyrenaica",39.54,-1
"3088",81094,"Capra pyrenaica",39.6,-0.93
"3092",81094,"Capra pyrenaica",39.59,-0.95
"3093",81094,"Capra pyrenaica",40.56,0.11
"3095",81094,"Capra pyrenaica",40.47,0.12
"3100",81094,"Capra pyrenaica",40.55,-0.23
"3103",81094,"Capra pyrenaica",40.64,-0.16
"3108",81094,"Capra pyrenaica",40.72,-0.21
"3109",81094,"Capra pyrenaica",40.52,-0.24
"3114",81094,"Capra pyrenaica",40.4,-0.09
"3115",81094,"Capra pyrenaica",40.72,-0.16
"3117",81094,"Capra pyrenaica",40.65,-0.16
"3118",81094,"Capra pyrenaica",40.7,-0.16
"3119",81094,"Capra pyrenaica",40.52,-0.23
"3121",81094,"Capra pyrenaica",40.75,-0.15
"3122",81094,"Capra pyrenaica",40.65,-0.17
"3127",81094,"Capra pyrenaica",40.52,0.07
"3128",81094,"Capra pyrenaica",40.64,-0.17
"3130",81094,"Capra pyrenaica",40.58,-0.27
"3132",81094,"Capra pyrenaica",40.67,-0.1
"3133",81094,"Capra pyrenaica",40.65,-0.1
"3134",81094,"Capra pyrenaica",40.54,-0.24
"3135",81094,"Capra pyrenaica",40.52,-0.16
"3136",81094,"Capra pyrenaica",40.47,0.08
"3138",81094,"Capra pyrenaica",40.66,-0.11
"3140",81094,"Capra pyrenaica",40.54,0.04
"3141",81094,"Capra pyrenaica",40.67,-0.27
"3142",81094,"Capra pyrenaica",40.66,-0.02
"3146",81094,"Capra pyrenaica",40.71,-0.16
"3147",81094,"Capra pyrenaica",40.74,-0.14
"3151",81094,"Capra pyrenaica",40.57,0.02
"3152",81094,"Capra pyrenaica",40.43,-0.05
"3156",81094,"Capra pyrenaica",40.44,-0.15
"3157",81094,"Capra pyrenaica",40.47,-0.28
"3166",81094,"Capra pyrenaica",40.5,-0.24
"3167",81094,"Capra pyrenaica",40.63,-0.34
"3173",81094,"Capra pyrenaica",40.69,-0.09
"3174",81094,"Capra pyrenaica",40.38,-0.28
"3175",81094,"Capra pyrenaica",40.72,-0.11
"3176",81094,"Capra pyrenaica",40.52,-0.17
"3180",81094,"Capra pyrenaica",40.72,-0.22
"3183",81094,"Capra pyrenaica",40.66,-0.27
"3184",81094,"Capra pyrenaica",40.43,-0.15
"3188",81094,"Capra pyrenaica",40.72,-0.12
"3189",81094,"Capra pyrenaica",40.65,-0.14
"3195",81094,"Capra pyrenaica",40.7,-0.22
"3196",81094,"Capra pyrenaica",40.64,-0.04
"3197",81094,"Capra pyrenaica",40.45,-0.15
"3198",81094,"Capra pyrenaica",40.59,-0.004
"3209",81094,"Capra pyrenaica",40.57,-0.27
"3226",81094,"Capra pyrenaica",40.65,-0.13
"3232",81094,"Capra pyrenaica",40.43,-0.11
"3235",81094,"Capra pyrenaica",40.53,-0.23
"3236",81094,"Capra pyrenaica",40.7,-0.17
"3238",81094,"Capra pyrenaica",40.63,-0.05
"3241",81094,"Capra pyrenaica",40.49,-0.18
"3245",81094,"Capra pyrenaica",40.4,-0.08
"3263",81094,"Capra pyrenaica",40.39,-0.09
"3265",81094,"Capra pyrenaica",40.62,-0.35
"3277",81094,"Capra pyrenaica",40.41,-0.23
"3278",81094,"Capra pyrenaica",40.42,-0.24
"3283",81094,"Capra pyrenaica",40.65,-0.15
"3289",81094,"Capra pyrenaica",40.66,-0.26
"3293",81094,"Capra pyrenaica",40.66,-0.36
"3307",81094,"Capra pyrenaica",40.69,-0.18
"3312",81094,"Capra pyrenaica",40.69,-0.17
"3316",81094,"Capra pyrenaica",40.67,-0.03
"3336",81094,"Capra pyrenaica",40.41,-0.21
"3342",81094,"Capra pyrenaica",38.83,-0.9
"3346",81094,"Capra pyrenaica",40.21,-0.29
"3347",81094,"Capra pyrenaica",40.27,-0.24
"3348",81094,"Capra pyrenaica",40.2,-0.26
"3349",81094,"Capra pyrenaica",40.09,-0.35
"3350",81094,"Capra pyrenaica",40.1,-0.39
"3351",81094,"Capra pyrenaica",40.16,-0.18
"3352",81094,"Capra pyrenaica",40.09,-0.39
"3353",81094,"Capra pyrenaica",40.11,-0.38
"3354",81094,"Capra pyrenaica",40.1,-0.34
"3356",81094,"Capra pyrenaica",40.02,-0.36
"3357",81094,"Capra pyrenaica",40.04,-0.35
"3358",81094,"Capra pyrenaica",40.16,-0.28
"3359",81094,"Capra pyrenaica",40.17,-0.34
"3360",81094,"Capra pyrenaica",40.21,-0.17
"3361",81094,"Capra pyrenaica",40.16,-0.25
"3363",81094,"Capra pyrenaica",40.33,0.07
"3365",81094,"Capra pyrenaica",39.14,-1.12
"3366",81094,"Capra pyrenaica",39.19,-1.11
"3367",81094,"Capra pyrenaica",39.18,-1.08
"3372",81094,"Capra pyrenaica",39.09,-1.01
"3373",81094,"Capra pyrenaica",39.15,-1.05
"3374",81094,"Capra pyrenaica",39.17,-1.18
"3377",81094,"Capra pyrenaica",39.07,-1.2
"3379",81094,"Capra pyrenaica",39.06,-1.22
"3383",81094,"Capra pyrenaica",39.25,-1.02
"3385",81094,"Capra pyrenaica",39.15,-1.1
"3388",81094,"Capra pyrenaica",39.12,-1.22
"3394",81094,"Capra pyrenaica",39.11,-1.21
"3395",81094,"Capra pyrenaica",39.11,-1.23
"3397",81094,"Capra pyrenaica",39.12,-1.21
"3403",81094,"Capra pyrenaica",39.56,-1.2
"3407",81094,"Capra pyrenaica",40.08,-0.34
"3408",81094,"Capra pyrenaica",38.77,-0.94
"3411",81094,"Capra pyrenaica",39.27,-1.05
"3412",81094,"Capra pyrenaica",39.24,-1.08
"3416",81094,"Capra pyrenaica",39.2,-1.03
"3417",81094,"Capra pyrenaica",40.28,-0.03
"3421",81094,"Capra pyrenaica",39.55,-1.48
"3422",81094,"Capra pyrenaica",39.54,-1.5
"3427",81094,"Capra pyrenaica",39.49,-1.5
"3430",81094,"Capra pyrenaica",39.09,-1.1
"3431",81094,"Capra pyrenaica",39.08,-0.99
"3432",81094,"Capra pyrenaica",39.28,-1.08
"3433",81094,"Capra pyrenaica",39.85,-0.24
"3434",81094,"Capra pyrenaica",39.98,-0.52
"3440",81094,"Capra pyrenaica",39.39,-1.2
"3441",81094,"Capra pyrenaica",40.06,-1.11
"3442",81094,"Capra pyrenaica",39.52,-1.47
"3444",81094,"Capra pyrenaica",39.14,-0.66
"3446",81094,"Capra pyrenaica",39.45,-1.41
"3448",81094,"Capra pyrenaica",40.71,0.11
"3449",81094,"Capra pyrenaica",40.68,0.04
"3450",81094,"Capra pyrenaica",40.65,0.15
"3451",81094,"Capra pyrenaica",40.63,0.05
"3453",81094,"Capra pyrenaica",40.64,0.12
"3454",81094,"Capra pyrenaica",40.62,0.07
"3455",81094,"Capra pyrenaica",40.63,0.15
"3456",81094,"Capra pyrenaica",40.61,0.11
"3458",81094,"Capra pyrenaica",40.68,0.15
"3459",81094,"Capra pyrenaica",39.9,-0.8
"3461",81094,"Capra pyrenaica",40.67,0.04
"3462",81094,"Capra pyrenaica",40.69,0.11
"3466",81094,"Capra pyrenaica",39.04,-0.64
"3467",81094,"Capra pyrenaica",40.68,-0.01
"3468",81094,"Capra pyrenaica",38.63,-0.58
"3469",81094,"Capra pyrenaica",40.64,-0.19
"3471",81094,"Capra pyrenaica",40.64,-0.02
"3472",81094,"Capra pyrenaica",40.67,-0.08
"3473",81094,"Capra pyrenaica",40.76,-0.13
"3474",81094,"Capra pyrenaica",40.68,-0.19
"3476",81094,"Capra pyrenaica",40.63,-0.12
"3478",81094,"Capra pyrenaica",40.65,-0.21
"3482",81094,"Capra pyrenaica",40.69,-0.1
"3484",81094,"Capra pyrenaica",40.53,-0.01
"3485",81094,"Capra pyrenaica",40.02,-1.14
"3486",81094,"Capra pyrenaica",38.79,-0.59
"3487",81094,"Capra pyrenaica",38.84,-0.85
"3488",81094,"Capra pyrenaica",39.9,-0.46
"3489",81094,"Capra pyrenaica",39.88,-0.39
"3490",81094,"Capra pyrenaica",39.89,-0.39
"3491",81094,"Capra pyrenaica",39.88,-0.4
"3493",81094,"Capra pyrenaica",39.23,-0.75
"3494",81094,"Capra pyrenaica",39.22,-0.75
"3496",81094,"Capra pyrenaica",39.24,-0.82
"3498",81094,"Capra pyrenaica",39.24,-0.81
"3499",81094,"Capra pyrenaica",39.24,-0.8
"3502",81094,"Capra pyrenaica",39.22,-0.79
"3504",81094,"Capra pyrenaica",39.21,-0.73
"3505",81094,"Capra pyrenaica",39.21,-0.72
"3507",81094,"Capra pyrenaica",39.22,-0.73
"3508",81094,"Capra pyrenaica",39.23,-0.73
"3510",81094,"Capra pyrenaica",39.2,-0.85
"3511",81094,"Capra pyrenaica",39.21,-0.74
"3512",81094,"Capra pyrenaica",39.2,-0.73
"3514",81094,"Capra pyrenaica",39.21,-0.75
"3515",81094,"Capra pyrenaica",39.18,-0.76
"3516",81094,"Capra pyrenaica",39.25,-0.8
"3520",81094,"Capra pyrenaica",39.22,-0.78
"3521",81094,"Capra pyrenaica",39.2,-0.75
"3522",81094,"Capra pyrenaica",39.21,-0.79
"3523",81094,"Capra pyrenaica",39.17,-0.78
"3526",81094,"Capra pyrenaica",39.22,-0.77
"3532",81094,"Capra pyrenaica",39.31,-1.08
"3533",81094,"Capra pyrenaica",38.66,-0.54
"3534",81094,"Capra pyrenaica",39.92,-0.8
"3537",81094,"Capra pyrenaica",39.49,-1.48
"3543",81094,"Capra pyrenaica",40.53,-0.04
"3544",81094,"Capra pyrenaica",39.07,-1.05
"3545",81094,"Capra pyrenaica",39.6,-0.88
"3546",81094,"Capra pyrenaica",39.61,-0.92
"3547",81094,"Capra pyrenaica",39.57,-0.96
"3548",81094,"Capra pyrenaica",39.59,-0.93
"3549",81094,"Capra pyrenaica",39.62,-0.92
"3550",81094,"Capra pyrenaica",39.39,-0.71
"3551",81094,"Capra pyrenaica",39.46,-1.5
"3554",81094,"Capra pyrenaica",39.48,-1.45
"3556",81094,"Capra pyrenaica",38.95,-0.89
"3558",81094,"Capra pyrenaica",39.08,-0.83
"3559",81094,"Capra pyrenaica",40.03,-1.22
"3560",81094,"Capra pyrenaica",40.55,0.07
"3561",81094,"Capra pyrenaica",39.56,-0.8
"3563",81094,"Capra pyrenaica",38.73,-0.82
"3564",81094,"Capra pyrenaica",38.73,-0.77
"3565",81094,"Capra pyrenaica",41.989542,-8.147499
"3566",81094,"Capra pyrenaica",36.541916,-5.388107
"3569",81094,"Capra pyrenaica",36.964432,-4.542503
"3571",81094,"Capra pyrenaica",36.628485,-4.549685
"3572",81094,"Capra pyrenaica",36.949444,-4.551111
"3573",81094,"Capra pyrenaica",36.791902,-3.888396
"3574",81094,"Capra pyrenaica",42.74994,1.23083
"3575",81094,"Capra pyrenaica",42.89546,-0.24206
"3576",81094,"Capra pyrenaica",42.81604,0.12906
"3577",81094,"Capra pyrenaica",42.89908,-0.11985
"3578",81094,"Capra pyrenaica",42.8878,-0.48644
"3579",81094,"Capra pyrenaica",42.81271,0.00701
"3590",81094,"Capra pyrenaica",42.8917,-0.36426
"3595",81094,"Capra pyrenaica",42.80561,-0.23705
"3597",81094,"Capra pyrenaica",42.98894,-0.12469
"3610",81094,"Capra pyrenaica",42.81924,0.25113
"3611",81094,"Capra pyrenaica",42.72285,0.01163
"3613",81094,"Capra pyrenaica",42.90256,0.00238
"3614",81094,"Capra pyrenaica",42.72619,0.1335
"3615",81094,"Capra pyrenaica",42.73535,0.49917
"3616",81094,"Capra pyrenaica",42.71938,-0.11022
"3617",81094,"Capra pyrenaica",42.82522,0.4953
"3618",81094,"Capra pyrenaica",40.279885,-5.230536
"3620",81094,"Capra pyrenaica",41.7079,1.6318
"3626",81094,"Capra pyrenaica",40.953505,0.317096
"3627",81094,"Capra pyrenaica",38.215817,-3.962869
"3628",81094,"Capra pyrenaica",41.595777,1.829814
"3629",81094,"Capra pyrenaica",40.896111,0.292492
"3630",81094,"Capra pyrenaica",32.9169496649188,-118.510373006376
"3631",81094,"Capra pyrenaica",42.7,0.65
"3632",81094,"Capra pyrenaica",36.970583,-3.363289
"3633",81094,"Capra pyrenaica",40.324624,-5.17749
"3634",81094,"Capra pyrenaica",42.945703,-6.86882
"3635",81094,"Capra pyrenaica",36.950001,-4.1
"3636",81094,"Capra pyrenaica",36.742233,-3.777111
"3639",81094,"Capra pyrenaica",36.572559,-4.886341
"3641",81094,"Capra pyrenaica",36.872601,-4.062935
"3642",81094,"Capra pyrenaica",40.28462,-5.225511
"3643",81094,"Capra pyrenaica",40.284585,-5.225513
"3644",81094,"Capra pyrenaica",40.875,0.241
"3645",81094,"Capra pyrenaica",40.739,0.212
"3646",81094,"Capra pyrenaica",40.748,0.188
"3647",81094,"Capra pyrenaica",40.756,0.175
"3648",81094,"Capra pyrenaica",40.767,0.222
"3649",81094,"Capra pyrenaica",40.885,0.3
"3650",81094,"Capra pyrenaica",40.731,0.247
"3651",81094,"Capra pyrenaica",40.679,0.309
"3652",81094,"Capra pyrenaica",41.005,0.403
"3653",81094,"Capra pyrenaica",40.894,0.288
"3654",81094,"Capra pyrenaica",40.903,0.288
"3655",81094,"Capra pyrenaica",40.84,0.29
"3656",81094,"Capra pyrenaica",40.697,0.308
"3657",81094,"Capra pyrenaica",40.787,0.304
"3658",81094,"Capra pyrenaica",40.904,0.312
"3659",81094,"Capra pyrenaica",40.903,0.3
"3660",81094,"Capra pyrenaica",40.958,0.333
"3661",81094,"Capra pyrenaica",40.751,0.33
"3662",81094,"Capra pyrenaica",40.895,0.324
"3663",81094,"Capra pyrenaica",40.814,0.327
"3664",81094,"Capra pyrenaica",40.895,0.336
"3665",81094,"Capra pyrenaica",40.733,0.342
"3666",81094,"Capra pyrenaica",40.841,0.326
"3667",81094,"Capra pyrenaica",40.904,0.323
"3668",81094,"Capra pyrenaica",40.824,0.374
"3669",81094,"Capra pyrenaica",40.724,0.342
"3670",81094,"Capra pyrenaica",40.868,0.337
"3671",81094,"Capra pyrenaica",40.922,0.335
"3672",81094,"Capra pyrenaica",40.743,0.365
"3673",81094,"Capra pyrenaica",40.941,0.381
"3674",81094,"Capra pyrenaica",40.869,0.36
"3675",81094,"Capra pyrenaica",40.878,0.36
"3676",81094,"Capra pyrenaica",40.824,0.362
"3677",81094,"Capra pyrenaica",40.734,0.366
"3678",81094,"Capra pyrenaica",40.932,0.37
"3679",81094,"Capra pyrenaica",40.807,0.398
"3680",81094,"Capra pyrenaica",40.951,0.393
"3681",81094,"Capra pyrenaica",40.779,0.388
"3682",81094,"Capra pyrenaica",40.95,0.381
"3683",81094,"Capra pyrenaica",40.806,0.387
"3684",81094,"Capra pyrenaica",40.825,0.398
"3685",81094,"Capra pyrenaica",40.789,0.399
"3686",81094,"Capra pyrenaica",40.951,0.405
"3687",81094,"Capra pyrenaica",40.897,0.43
"3688",81094,"Capra pyrenaica",41.034,0.497
"3689",81094,"Capra pyrenaica",41.163,0.623
"3690",81094,"Capra pyrenaica",41.142,0.504
"3691",81094,"Capra pyrenaica",40.955,0.595
"3692",81094,"Capra pyrenaica",41.172,0.611
"3693",81094,"Capra pyrenaica",41.163,0.611
"3694",81094,"Capra pyrenaica",41.146,0.659
"3695",81094,"Capra pyrenaica",41.291,0.749
"3696",81094,"Capra pyrenaica",41.283,0.774
"3697",81094,"Capra pyrenaica",41.274,0.774
"3698",81094,"Capra pyrenaica",41.328,0.784
"3699",81094,"Capra pyrenaica",41.328,0.796
"3700",81094,"Capra pyrenaica",41.266,0.81
"3701",81094,"Capra pyrenaica",41.32,0.844
"3702",81094,"Capra pyrenaica",42.779,0.831
"3703",81094,"Capra pyrenaica",41.596,1.831
"3704",81094,"Capra pyrenaica",41.587,1.843
"3705",81094,"Capra pyrenaica",42.07,3.116
"3706",81094,"Capra pyrenaica",42.052,3.128
"3707",81094,"Capra pyrenaica",42.061,3.128
"3708",81094,"Capra pyrenaica",42.052,3.14
"3709",81094,"Capra pyrenaica",42.061,3.152
"3710",81094,"Capra pyrenaica",36.942483,-4.560184
"3711",81094,"Capra pyrenaica",36.938916,-4.556236
"3712",81094,"Capra pyrenaica",36.519459,-5.33503
"3718",81094,"Capra pyrenaica",36.688416,-5.451257
"3719",81094,"Capra pyrenaica",36.760891,-5.371284
"3720",81094,"Capra pyrenaica",41.605,1.819
"3721",81094,"Capra pyrenaica",41.605,1.807
"3722",81094,"Capra pyrenaica",41.578,1.843
"3723",81094,"Capra pyrenaica",37.244798,-3.748738
"3724",81094,"Capra pyrenaica",42.969134,-5.066749
"3725",81094,"Capra pyrenaica",42.65,0.6333
"3729",81094,"Capra pyrenaica",36.761536,-5.382164
"3730",81094,"Capra pyrenaica",36.801895,-5.389183
"3731",81094,"Capra pyrenaica",40.804172,0.344138
"3732",81094,"Capra pyrenaica",36.730412,-5.243243
"3733",81094,"Capra pyrenaica",40.274831,-5.23237
"3734",81094,"Capra pyrenaica",40.249791,-5.278802
