"","taxon_id","taxon_name","decimal_latitude","decimal_longitude"
"1",80830,"Damaliscus lunatus",-1.86667,36.01667
"2",80830,"Damaliscus lunatus",-19.5,23
"3",80830,"Damaliscus lunatus",-1.573594,35.202942
"5",80830,"Damaliscus lunatus",-17.920412,30.808031
"6",80830,"Damaliscus lunatus",-17.91288,30.758929
"7",80830,"Damaliscus lunatus",-19.69239,23.389278
"8",80830,"Damaliscus lunatus",-0.625467,30.972757
"9",80830,"Damaliscus lunatus",-2.645057,35.048843
"10",80830,"Damaliscus lunatus",-1.681833,35.261233
"11",80830,"Damaliscus lunatus",-2.381688,34.707858
"12",80830,"Damaliscus lunatus",-2.438617,34.814272
"13",80830,"Damaliscus lunatus",-19.075706,27.565029
"14",80830,"Damaliscus lunatus",-1.523083,35.109747
"15",80830,"Damaliscus lunatus",-26.647759,31.760408
"16",80830,"Damaliscus lunatus",-24.66063,28.70655
"17",80830,"Damaliscus lunatus",-29.047509,24.259524
"18",80830,"Damaliscus lunatus",-6.881991,31.173706
"19",80830,"Damaliscus lunatus",11.208549,1.524377
"20",80830,"Damaliscus lunatus",-6.879656,31.179564
"21",80830,"Damaliscus lunatus",-0.585922,29.710529
"22",80830,"Damaliscus lunatus",-19.246534,23.409317
"23",80830,"Damaliscus lunatus",11.293408,1.509762
"24",80830,"Damaliscus lunatus",11.266732,1.41896
"25",80830,"Damaliscus lunatus",11.254817,1.274
"26",80830,"Damaliscus lunatus",11.36943,1.443456
"27",80830,"Damaliscus lunatus",11.153647,1.363319
"28",80830,"Damaliscus lunatus",11.210808,1.261206
"29",80830,"Damaliscus lunatus",11.402939,1.496146
"30",80830,"Damaliscus lunatus",11.374195,1.30659
"31",80830,"Damaliscus lunatus",11.22926,1.43044
"32",80830,"Damaliscus lunatus",11.397642,1.331321
"33",80830,"Damaliscus lunatus",11.338042,1.541981
"34",80830,"Damaliscus lunatus",-1.875735,35.208464
"35",80830,"Damaliscus lunatus",-0.546616,29.717214
"36",80830,"Damaliscus lunatus",-19.26798,23.444138
"37",80830,"Damaliscus lunatus",-1.947226,30.638123
"38",80830,"Damaliscus lunatus",-1.944962,30.642243
"39",80830,"Damaliscus lunatus",-1.437655,34.962931
"40",80830,"Damaliscus lunatus",-2.73239,35.058563
"41",80830,"Damaliscus lunatus",-29.021211,24.406073
"42",80830,"Damaliscus lunatus",-29.125408,24.223311
"43",80830,"Damaliscus lunatus",-0.885737,36.305695
"44",80830,"Damaliscus lunatus",-2.466645,34.821054
"45",80830,"Damaliscus lunatus",0.76902,36.68181
"46",80830,"Damaliscus lunatus",-2.333333,34.833333
"48",80830,"Damaliscus lunatus",-15.538465,28.326652
"49",80830,"Damaliscus lunatus",-23.501205,31.525897
"50",80830,"Damaliscus lunatus",-19.316328,23.851318
"52",80830,"Damaliscus lunatus",-29.059821,24.378271
"53",80830,"Damaliscus lunatus",-1.324663,35.26185
"54",80830,"Damaliscus lunatus",-2.451348,34.815826
"55",80830,"Damaliscus lunatus",-24.734669,28.620062
"56",80830,"Damaliscus lunatus",-2.429013,34.820526
"57",80830,"Damaliscus lunatus",-2.445718,34.863751
"58",80830,"Damaliscus lunatus",-1.618941,35.360211
"59",80830,"Damaliscus lunatus",-1.61226,35.322045
"60",80830,"Damaliscus lunatus",-1.537376,35.124491
"61",80830,"Damaliscus lunatus",-2.05,35.61
"62",80830,"Damaliscus lunatus",-1.389634,35.016174
"63",80830,"Damaliscus lunatus",9,19.15
"64",80830,"Damaliscus lunatus",-7.416667,31.983333
"66",80830,"Damaliscus lunatus",-0.626432,30.979566
"67",80830,"Damaliscus lunatus",-0.534754,31.018274
"68",80830,"Damaliscus lunatus",-0.631669,30.982699
"69",80830,"Damaliscus lunatus",-0.625709,30.979198
"71",80830,"Damaliscus lunatus",-0.603115,30.935126
"75",80830,"Damaliscus lunatus",-0.536753,31.021588
"76",80830,"Damaliscus lunatus",-0.603026,30.937596
"81",80830,"Damaliscus lunatus",-0.536418,31.018516
"102",80830,"Damaliscus lunatus",-0.602066,30.932396
"906",80830,"Damaliscus lunatus",-1.562611,35.257702
"907",80830,"Damaliscus lunatus",-2.445089,34.770355
"908",80830,"Damaliscus lunatus",-29.141639,24.298613
"909",80830,"Damaliscus lunatus",-29.136938,24.267433
"910",80830,"Damaliscus lunatus",-29.177453,24.295547
"911",80830,"Damaliscus lunatus",11.22754,1.463415
"912",80830,"Damaliscus lunatus",11.373434,1.483617
"913",80830,"Damaliscus lunatus",-0.626294,30.972089
"914",80830,"Damaliscus lunatus",-2.153994,34.685651
"915",80830,"Damaliscus lunatus",-1.40487,34.909904
"922",80830,"Damaliscus lunatus",-0.98333,29.83333
"924",80830,"Damaliscus lunatus",-2.51667,32.666672
"926",80830,"Damaliscus lunatus",-25.316669,21.133329
"930",80830,"Damaliscus lunatus",-18.716669,24.35
"932",80830,"Damaliscus lunatus",-29.03626,24.243989
"933",80830,"Damaliscus lunatus",-1.533307,35.300958
"935",80830,"Damaliscus lunatus",-0.023559,37.906193
"936",80830,"Damaliscus lunatus",-18.650398,24.088472
"937",80830,"Damaliscus lunatus",-18.666667,24.5
"938",80830,"Damaliscus lunatus",11.243179,1.603764
"939",80830,"Damaliscus lunatus",12.076329,3.191864
"940",80830,"Damaliscus lunatus",-17.982162,22.462234
"941",80830,"Damaliscus lunatus",-17.984121,23.295801
"942",80830,"Damaliscus lunatus",-23.582717,31.554156
"943",80830,"Damaliscus lunatus",-2.457267,34.821027
"944",80830,"Damaliscus lunatus",-23.155779,31.586973
"945",80830,"Damaliscus lunatus",-23.510237,31.217415
"946",80830,"Damaliscus lunatus",-0.570389,29.700589
"947",80830,"Damaliscus lunatus",11.391245,1.506128
"948",80830,"Damaliscus lunatus",11.332823,1.96549
"949",80830,"Damaliscus lunatus",11.330256,1.543588
"950",80830,"Damaliscus lunatus",-1.297735,35.036473
"951",80830,"Damaliscus lunatus",11.932056,2.40188
"952",80830,"Damaliscus lunatus",11.886938,2.470573
"953",80830,"Damaliscus lunatus",-22.68959,31.347725
"954",80830,"Damaliscus lunatus",-23.715446,31.463962
"955",80830,"Damaliscus lunatus",-19.533139,23.529925
"956",80830,"Damaliscus lunatus",-19.444498,23.312988
"957",80830,"Damaliscus lunatus",-0.161883,30.020296
"958",80830,"Damaliscus lunatus",-1.618201,35.3326
"959",80830,"Damaliscus lunatus",-1.597078,35.283955
"960",80830,"Damaliscus lunatus",-1.616368,35.322756
"961",80830,"Damaliscus lunatus",-2.400991,34.965802
"962",80830,"Damaliscus lunatus",-27.575781,32.455508
"963",80830,"Damaliscus lunatus",-22.3285,24.6849
"964",80830,"Damaliscus lunatus",-29.047258,24.26678
"965",80830,"Damaliscus lunatus",-29.126169,24.22389
"966",80830,"Damaliscus lunatus",-2.173639,33.987026
"967",80830,"Damaliscus lunatus",29.455601,-98.472801
"968",80830,"Damaliscus lunatus",-24.301393,27.922982
"969",80830,"Damaliscus lunatus",-2.493113,34.932718
"971",80830,"Damaliscus lunatus",-18.19081,21.732273
"972",80830,"Damaliscus lunatus",-17.912897,30.760073
"974",80830,"Damaliscus lunatus",-3.56,37.75
"975",80830,"Damaliscus lunatus",-25.27001,27.014
"976",80830,"Damaliscus lunatus",-29.144412,24.24403
"977",80830,"Damaliscus lunatus",-23.32565,27.916495
"978",80830,"Damaliscus lunatus",-25.319022,27.185036
"979",80830,"Damaliscus lunatus",-29.157057,24.255163
"980",80830,"Damaliscus lunatus",-29.030174,24.265301
"981",80830,"Damaliscus lunatus",-24.348422,28.181063
"982",80830,"Damaliscus lunatus",-29.076361,24.272854
"983",80830,"Damaliscus lunatus",-22.8993,31.358307
"984",80830,"Damaliscus lunatus",-22.969995,31.207136
"985",80830,"Damaliscus lunatus",-1.186095,35.139599
"986",80830,"Damaliscus lunatus",-25.215747,27.150383
"987",80830,"Damaliscus lunatus",-23.757844,31.455023
"988",80830,"Damaliscus lunatus",-2.309007,34.747353
"989",80830,"Damaliscus lunatus",-25.3033,28.266673
"990",80830,"Damaliscus lunatus",-25.311507,27.135373
"991",80830,"Damaliscus lunatus",-25.299251,27.18373
"992",80830,"Damaliscus lunatus",11.326947,1.539206
"993",80830,"Damaliscus lunatus",-2.019098,35.149061
"994",80830,"Damaliscus lunatus",-13.394796,28.744183
"995",80830,"Damaliscus lunatus",-0.4747,29.8148
"996",80830,"Damaliscus lunatus",-23.891452,31.661648
"997",80830,"Damaliscus lunatus",-25.232025,27.010976
"998",80830,"Damaliscus lunatus",-12.012969,30.209706
"999",80830,"Damaliscus lunatus",-18.199674,21.740055
"1000",80830,"Damaliscus lunatus",-6.844031,31.196083
"1001",80830,"Damaliscus lunatus",-6.914461,31.277122
"1002",80830,"Damaliscus lunatus",-23.365543,31.440399
"1003",80830,"Damaliscus lunatus",-1.251776,35.002581
"1004",80830,"Damaliscus lunatus",-1.275113,35.069003
"1006",80830,"Damaliscus lunatus",-1.296504,35.098271
"1007",80830,"Damaliscus lunatus",-19.228979,23.048854
"1008",80830,"Damaliscus lunatus",-1.832073,41.175101
"1009",80830,"Damaliscus lunatus",-1.406491,34.906402
"1010",80830,"Damaliscus lunatus",-28.207559,32.252278
"1011",80830,"Damaliscus lunatus",-29.040534,24.509419
"1012",80830,"Damaliscus lunatus",-18.666666,24.5
"1013",80830,"Damaliscus lunatus",-0.629598,31.002731
"1014",80830,"Damaliscus lunatus",0.316667,32.583333
"1015",80830,"Damaliscus lunatus",12.333333,35
"1016",80830,"Damaliscus lunatus",-15.8333,17.85
"1018",80830,"Damaliscus lunatus",-1.406551,34.906551
"1019",80830,"Damaliscus lunatus",-19.366863,23.045197
"1020",80830,"Damaliscus lunatus",-19.486001,22.796095
"1021",80830,"Damaliscus lunatus",-23.57272,31.244107
"1022",80830,"Damaliscus lunatus",-22.890974,31.207485
"1023",80830,"Damaliscus lunatus",-2.025924,34.877282
"1024",80830,"Damaliscus lunatus",-18.649017,24.083633
"1025",80830,"Damaliscus lunatus",-1.410956,35.075959
"1026",80830,"Damaliscus lunatus",-19.487353,23.539292
"1027",80830,"Damaliscus lunatus",-27.620144,25.637881
"1028",80830,"Damaliscus lunatus",-2.444182,34.825779
"1035",80830,"Damaliscus lunatus",-0.25,35.73333
"1043",80830,"Damaliscus lunatus",0.22558,35.283329
"1046",80830,"Damaliscus lunatus",-1.286322,35.002441
"1047",80830,"Damaliscus lunatus",11.319091,1.526726
"1048",80830,"Damaliscus lunatus",-29.167411,24.316653
"1049",80830,"Damaliscus lunatus",-28.66626,24.880655
"1050",80830,"Damaliscus lunatus",-29.149464,24.285803
"1051",80830,"Damaliscus lunatus",-28.716551,24.888965
"1052",80830,"Damaliscus lunatus",11.459447,1.469954
"1053",80830,"Damaliscus lunatus",-1.272708,34.988769
"1054",80830,"Damaliscus lunatus",-1.385039,35.016742
"1055",80830,"Damaliscus lunatus",-1.477648,35.126997
"1060",80830,"Damaliscus lunatus",-1.416405,34.937897
"1061",80830,"Damaliscus lunatus",-19.48587,22.43417
"1063",80830,"Damaliscus lunatus",-18.573036,24.071732
"1064",80830,"Damaliscus lunatus",-23.520109,31.397854
"1065",80830,"Damaliscus lunatus",-19.485205,23.039703
"1067",80830,"Damaliscus lunatus",-18.791918,24.730225
"1069",80830,"Damaliscus lunatus",-18.366196,24.816055
"1070",80830,"Damaliscus lunatus",-19.116625,23.827286
"1076",80830,"Damaliscus lunatus",-22.691477,31.019382
"1077",80830,"Damaliscus lunatus",-23.856012,31.573677
"1078",80830,"Damaliscus lunatus",-25.239727,27.074432
"1079",80830,"Damaliscus lunatus",-0.634447,30.969772
"1080",80830,"Damaliscus lunatus",-19.752487,23.683777
"1081",80830,"Damaliscus lunatus",-0.612133,29.659996
"1082",80830,"Damaliscus lunatus",-21.018326,16.425518
"1083",80830,"Damaliscus lunatus",-1.378047,34.929657
"1084",80830,"Damaliscus lunatus",-19.46552,23.382018
"1085",80830,"Damaliscus lunatus",11.350192,1.764492
"1086",80830,"Damaliscus lunatus",11.343806,1.564519
"1087",80830,"Damaliscus lunatus",11.307854,1.586771
"1088",80830,"Damaliscus lunatus",11.372266,1.475043
"1089",80830,"Damaliscus lunatus",11.246584,1.47998
"1090",80830,"Damaliscus lunatus",11.425501,1.43189
"1091",80830,"Damaliscus lunatus",11.354615,1.478857
"1092",80830,"Damaliscus lunatus",11.382858,1.403292
"1093",80830,"Damaliscus lunatus",11.253654,1.406971
"1094",80830,"Damaliscus lunatus",11.228374,1.47005
"1095",80830,"Damaliscus lunatus",11.334682,1.417799
"1096",80830,"Damaliscus lunatus",11.342186,1.51565
"1097",80830,"Damaliscus lunatus",11.214844,1.808282
"1098",80830,"Damaliscus lunatus",-1.549668,35.025101
"1099",80830,"Damaliscus lunatus",-0.596775,31.010573
"1100",80830,"Damaliscus lunatus",-1.267,36.8
"1103",80830,"Damaliscus lunatus",-0.867395,36.302261
"1104",80830,"Damaliscus lunatus",-0.648014,29.67354
"1105",80830,"Damaliscus lunatus",-0.631112,30.948143
"1106",80830,"Damaliscus lunatus",-27.464073,31.343288
"1107",80830,"Damaliscus lunatus",-1.42028,34.907924
"1108",80830,"Damaliscus lunatus",-15.539906,28.331977
"1109",80830,"Damaliscus lunatus",-18.77,21.03
"1110",80830,"Damaliscus lunatus",-23.475459,31.440742
"1111",80830,"Damaliscus lunatus",-23.497318,31.562841
"1112",80830,"Damaliscus lunatus",-23.598015,31.42326
"1113",80830,"Damaliscus lunatus",-24.387295,27.666594
