"","taxon_id","taxon_name","decimal_latitude","decimal_longitude"
"1",80857,"Eudorcas thomsonii",-1.05,36.56667
"5",80857,"Eudorcas thomsonii",12.7,24.81667
"6",80857,"Eudorcas thomsonii",-2.08333,34.61667
"8",80857,"Eudorcas thomsonii",-3.58333,35.83333
"15",80857,"Eudorcas thomsonii",-2.977327,38.831177
"16",80857,"Eudorcas thomsonii",-2.639218,37.199364
"17",80857,"Eudorcas thomsonii",-3.057554,36.444054
"18",80857,"Eudorcas thomsonii",-3.17274,35.561028
"19",80857,"Eudorcas thomsonii",-3.01599,38.21067
"21",80857,"Eudorcas thomsonii",-0.753915,36.348267
"22",80857,"Eudorcas thomsonii",-2.86555,36.035671
"24",80857,"Eudorcas thomsonii",-1.573594,35.202942
"25",80857,"Eudorcas thomsonii",-2.619326,34.747009
"27",80857,"Eudorcas thomsonii",-0.350187,36.083221
"30",80857,"Eudorcas thomsonii",12.17,0.93
"32",80857,"Eudorcas thomsonii",-3.185766,35.47554
"35",80857,"Eudorcas thomsonii",0.009699,36.938953
"36",80857,"Eudorcas thomsonii",-1.404465,35.011041
"37",80857,"Eudorcas thomsonii",-1.219025,34.887513
"38",80857,"Eudorcas thomsonii",-1.442103,35.32458
"39",80857,"Eudorcas thomsonii",-2.762915,35.171915
"40",80857,"Eudorcas thomsonii",-2.608351,35.084768
"41",80857,"Eudorcas thomsonii",-2.764338,35.183633
"42",80857,"Eudorcas thomsonii",-3.006606,35.489281
"43",80857,"Eudorcas thomsonii",-3.093436,35.436216
"44",80857,"Eudorcas thomsonii",-2.661494,35.147715
"45",80857,"Eudorcas thomsonii",-1.480159,35.361943
"46",80857,"Eudorcas thomsonii",-2.772138,36.892292
"47",80857,"Eudorcas thomsonii",-0.120199,36.927323
"48",80857,"Eudorcas thomsonii",-3.149646,35.582587
"49",80857,"Eudorcas thomsonii",-3.108707,35.560797
"50",80857,"Eudorcas thomsonii",0.0667,36.3667
"54",80857,"Eudorcas thomsonii",-2.724793,35.016402
"55",80857,"Eudorcas thomsonii",-3.294548,35.528277
"56",80857,"Eudorcas thomsonii",-3.016311,35.580589
"57",80857,"Eudorcas thomsonii",-3.234587,35.574572
"58",80857,"Eudorcas thomsonii",0.73377,36.69184
"59",80857,"Eudorcas thomsonii",0.74024,36.67254
"60",80857,"Eudorcas thomsonii",0.19819,36.65799
"61",80857,"Eudorcas thomsonii",0.79052,36.75529
"62",80857,"Eudorcas thomsonii",0.71798,36.6307
"63",80857,"Eudorcas thomsonii",0.72216,36.66687
"64",80857,"Eudorcas thomsonii",0.7319,36.68749
"65",80857,"Eudorcas thomsonii",0.77523,36.61957
"66",80857,"Eudorcas thomsonii",0.68026,36.73534
"67",80857,"Eudorcas thomsonii",0.7533,36.79629
"68",80857,"Eudorcas thomsonii",0.60573,36.63688
"69",80857,"Eudorcas thomsonii",0.76543,36.76999
"70",80857,"Eudorcas thomsonii",1.02496,37.66193
"71",80857,"Eudorcas thomsonii",0.66716,36.67259
"72",80857,"Eudorcas thomsonii",0.5317,36.45809
"73",80857,"Eudorcas thomsonii",0.71386,36.62559
"74",80857,"Eudorcas thomsonii",0.61582,36.63734
"75",80857,"Eudorcas thomsonii",0.74017,36.68356
"76",80857,"Eudorcas thomsonii",0.73022,36.7404
"77",80857,"Eudorcas thomsonii",0.58118,36.61915
"78",80857,"Eudorcas thomsonii",0.24611,36.75721
"79",80857,"Eudorcas thomsonii",1.19808,38.03767
"80",80857,"Eudorcas thomsonii",0.34571,36.58408
"81",80857,"Eudorcas thomsonii",0.44304,36.6196
"82",80857,"Eudorcas thomsonii",0.3052,36.71847
"83",80857,"Eudorcas thomsonii",0.44533,36.60192
"84",80857,"Eudorcas thomsonii",0.5662,36.70894
"85",80857,"Eudorcas thomsonii",0.70934,36.66044
"86",80857,"Eudorcas thomsonii",0.31592,37.1686
"87",80857,"Eudorcas thomsonii",0.48283,36.93761
"88",80857,"Eudorcas thomsonii",0.76081,36.75616
"89",80857,"Eudorcas thomsonii",0.43387,36.69116
"90",80857,"Eudorcas thomsonii",0.44202,36.52868
"91",80857,"Eudorcas thomsonii",0.44239,37.02865
"92",80857,"Eudorcas thomsonii",0.67703,36.67294
"93",80857,"Eudorcas thomsonii",0.44195,36.51197
"94",80857,"Eudorcas thomsonii",0.45801,36.54698
"95",80857,"Eudorcas thomsonii",0.28918,36.62877
"96",80857,"Eudorcas thomsonii",0.70025,36.77257
"97",80857,"Eudorcas thomsonii",0.73933,36.5836
"98",80857,"Eudorcas thomsonii",0.1407,36.77627
"99",80857,"Eudorcas thomsonii",0.45557,36.51231
"100",80857,"Eudorcas thomsonii",0.53004,36.45776
"101",80857,"Eudorcas thomsonii",0.38297,36.56584
"102",80857,"Eudorcas thomsonii",0.72237,36.84766
"103",80857,"Eudorcas thomsonii",0.72686,36.73939
"104",80857,"Eudorcas thomsonii",0.4381,36.56514
"105",80857,"Eudorcas thomsonii",0.44923,36.61978
"106",80857,"Eudorcas thomsonii",0.92938,37.45153
"107",80857,"Eudorcas thomsonii",0.718,36.77287
"108",80857,"Eudorcas thomsonii",0.46666,36.54685
"109",80857,"Eudorcas thomsonii",0.99882,37.63441
"110",80857,"Eudorcas thomsonii",-2.316314,34.888835
"111",80857,"Eudorcas thomsonii",-2.245074,34.816003
"112",80857,"Eudorcas thomsonii",-2.233661,34.986116
"113",80857,"Eudorcas thomsonii",-1.747419,35.318018
"114",80857,"Eudorcas thomsonii",-2.987162,35.191558
"115",80857,"Eudorcas thomsonii",-2.589943,34.960666
"116",80857,"Eudorcas thomsonii",-2.51776,34.880424
"117",80857,"Eudorcas thomsonii",-2.548145,34.816136
"118",80857,"Eudorcas thomsonii",-2.461178,34.99005
"119",80857,"Eudorcas thomsonii",-2.376126,34.916168
"120",80857,"Eudorcas thomsonii",-2.390506,34.893113
"121",80857,"Eudorcas thomsonii",-2.524673,34.716857
"122",80857,"Eudorcas thomsonii",-3.066956,35.588967
"123",80857,"Eudorcas thomsonii",-1.67414,35.283103
"124",80857,"Eudorcas thomsonii",-3.376306,35.818278
"125",80857,"Eudorcas thomsonii",2.40150803603066,36.6255869860782
"126",80857,"Eudorcas thomsonii",-2.25,36
"127",80857,"Eudorcas thomsonii",-1.28615,35.154189
"128",80857,"Eudorcas thomsonii",-2.983333,38.516667
"129",80857,"Eudorcas thomsonii",-0.046503,37.106596
"130",80857,"Eudorcas thomsonii",0.046229,36.969793
"131",80857,"Eudorcas thomsonii",-2.77293,34.931019
"132",80857,"Eudorcas thomsonii",-2.893899,37.80358
"133",80857,"Eudorcas thomsonii",-0.337724,36.08157
"134",80857,"Eudorcas thomsonii",0.290336,36.870627
"135",80857,"Eudorcas thomsonii",0.203763,36.998896
"136",80857,"Eudorcas thomsonii",0.099418,36.884898
"137",80857,"Eudorcas thomsonii",0.134455,36.820189
"138",80857,"Eudorcas thomsonii",0.018114,36.895001
"139",80857,"Eudorcas thomsonii",0.056866,36.946124
"140",80857,"Eudorcas thomsonii",0.051247,36.801892
"141",80857,"Eudorcas thomsonii",0.151906,36.92822
"142",80857,"Eudorcas thomsonii",0.125404,36.989781
"143",80857,"Eudorcas thomsonii",0.068677,36.995817
"144",80857,"Eudorcas thomsonii",-0.89983,36.306727
"145",80857,"Eudorcas thomsonii",-2.713055,37.248294
"146",80857,"Eudorcas thomsonii",-2.654991,37.338338
"147",80857,"Eudorcas thomsonii",-2.140478,35.205149
"148",80857,"Eudorcas thomsonii",-1.427571,34.88662
"149",80857,"Eudorcas thomsonii",-1.720377,36.71842
"150",80857,"Eudorcas thomsonii",-2.67544,37.274082
"151",80857,"Eudorcas thomsonii",-3.084648,35.449908
"152",80857,"Eudorcas thomsonii",-1.342958,34.9884
"153",80857,"Eudorcas thomsonii",-1.219574,34.987995
"154",80857,"Eudorcas thomsonii",-2.444182,34.825779
"156",80857,"Eudorcas thomsonii",-1.466667,37.049999
"157",80857,"Eudorcas thomsonii",-2.436428,34.820568
"158",80857,"Eudorcas thomsonii",-3.565506,35.748138
"159",80857,"Eudorcas thomsonii",-2.000822,35.164318
"160",80857,"Eudorcas thomsonii",-4.077973,36.044769
"163",80857,"Eudorcas thomsonii",-1.493598,36.74501
"164",80857,"Eudorcas thomsonii",-0.713872,36.594576
"165",80857,"Eudorcas thomsonii",-2.657609,37.321163
"166",80857,"Eudorcas thomsonii",-3.156533,35.501749
"167",80857,"Eudorcas thomsonii",-2.714886,37.211801
"168",80857,"Eudorcas thomsonii",-1.633872,35.227536
"169",80857,"Eudorcas thomsonii",-1.711829,35.335453
"170",80857,"Eudorcas thomsonii",-0.497703,36.046093
"171",80857,"Eudorcas thomsonii",-1.555984,36.826707
"172",80857,"Eudorcas thomsonii",-3.192139,35.44604
"173",80857,"Eudorcas thomsonii",-3.240944,35.454202
"174",80857,"Eudorcas thomsonii",-3.290433,35.504301
"175",80857,"Eudorcas thomsonii",-3.518078,35.797317
"176",80857,"Eudorcas thomsonii",-1.5,33.8
"177",80857,"Eudorcas thomsonii",-3.56,37.75
"179",80857,"Eudorcas thomsonii",-1.066261,35.12582
"180",80857,"Eudorcas thomsonii",-1.789777,36.606193
"181",80857,"Eudorcas thomsonii",-1.705121,36.64917
"182",80857,"Eudorcas thomsonii",-3.259359,35.567249
"183",80857,"Eudorcas thomsonii",-3.183211,35.5313
"184",80857,"Eudorcas thomsonii",-1.718048,36.745107
"185",80857,"Eudorcas thomsonii",-1.211275,35.02817
"186",80857,"Eudorcas thomsonii",-1.335569,36.856019
"187",80857,"Eudorcas thomsonii",-1.268806,36.912134
"188",80857,"Eudorcas thomsonii",-0.860314,36.211725
"189",80857,"Eudorcas thomsonii",-2.728401,37.387074
"190",80857,"Eudorcas thomsonii",-1.283333,36.833333
"192",80857,"Eudorcas thomsonii",1.5,35.166667
"193",80857,"Eudorcas thomsonii",-3.13458,35.583039
"194",80857,"Eudorcas thomsonii",-1.1,35.38333
"195",80857,"Eudorcas thomsonii",15.8,20.01065
"196",80857,"Eudorcas thomsonii",-1.566617,34.991368
"197",80857,"Eudorcas thomsonii",-2.562027,34.823928
"198",80857,"Eudorcas thomsonii",-3.074896,35.523452
"199",80857,"Eudorcas thomsonii",-1.468671,35.077226
"212",80857,"Eudorcas thomsonii",-1.45,36.983334
"215",80857,"Eudorcas thomsonii",-3.169312,35.585403
"216",80857,"Eudorcas thomsonii",-3.701874,35.867271
"220",80857,"Eudorcas thomsonii",-3.455849,35.799637
"221",80857,"Eudorcas thomsonii",-2.754713,37.331399
"222",80857,"Eudorcas thomsonii",-1.37089,35.052585
"223",80857,"Eudorcas thomsonii",-1.478003,35.178383
"224",80857,"Eudorcas thomsonii",-1.493586,35.043785
"225",80857,"Eudorcas thomsonii",-3.075078,35.402726
"226",80857,"Eudorcas thomsonii",-3.187475,35.567263
"227",80857,"Eudorcas thomsonii",-1.091879,36.467388
"228",80857,"Eudorcas thomsonii",-1.369727,36.823425
"229",80857,"Eudorcas thomsonii",-2.937597,35.473816
"230",80857,"Eudorcas thomsonii",-2.486436,35.023487
"234",80857,"Eudorcas thomsonii",-2.831946,34.997585
"235",80857,"Eudorcas thomsonii",-2.934812,35.04776
"236",80857,"Eudorcas thomsonii",-1.582283,35.022362
"239",80857,"Eudorcas thomsonii",-2.243899,34.436989
"241",80857,"Eudorcas thomsonii",-1.399759,34.906483
"245",80857,"Eudorcas thomsonii",-3.058239,36.731758
"253",80857,"Eudorcas thomsonii",-2.181632,34.208679
"261",80857,"Eudorcas thomsonii",-1.092859,35.20612
"262",80857,"Eudorcas thomsonii",-0.876126,36.306725
"264",80857,"Eudorcas thomsonii",0.259551,36.099701
"266",80857,"Eudorcas thomsonii",4.749399,38.323704
"267",80857,"Eudorcas thomsonii",-0.788244,36.418819
"271",80857,"Eudorcas thomsonii",-3.54242,38.234138
"275",80857,"Eudorcas thomsonii",-2.49431,34.831295
"282",80857,"Eudorcas thomsonii",-1.227628,35.027161
"283",80857,"Eudorcas thomsonii",-3.020098,34.996861
"284",80857,"Eudorcas thomsonii",-0.528645,36.10315
"285",80857,"Eudorcas thomsonii",1.90874,37.06667
"286",80857,"Eudorcas thomsonii",-2.493192,36.928448
"287",80857,"Eudorcas thomsonii",-3.14098,35.558837
"288",80857,"Eudorcas thomsonii",-1.408999,36.931198
"289",80857,"Eudorcas thomsonii",-2.384498,34.823898
"290",80857,"Eudorcas thomsonii",-2.171829,34.722417
"291",80857,"Eudorcas thomsonii",-0.288193,36.042374
"293",80857,"Eudorcas thomsonii",-3.034487,35.555593
"294",80857,"Eudorcas thomsonii",-0.361417,36.197591
"295",80857,"Eudorcas thomsonii",-14.08,32.42
"296",80857,"Eudorcas thomsonii",-1.753426,36.802248
"297",80857,"Eudorcas thomsonii",-1.302246,35.725805
"298",80857,"Eudorcas thomsonii",-3.069114,35.45722
