"","taxon_id","taxon_name","decimal_latitude","decimal_longitude"
"1",81248,"Hippotragus equinus",-8.11667,32.41667
"2",81248,"Hippotragus equinus",-3.58333,35.83333
"6",81248,"Hippotragus equinus",-17.982162,22.462234
"7",81248,"Hippotragus equinus",12.964413,-13.175354
"8",81248,"Hippotragus equinus",-19.1015,27.569723
"9",81248,"Hippotragus equinus",-20.272581,16.956791
"10",81248,"Hippotragus equinus",-24.669882,28.765851
"11",81248,"Hippotragus equinus",12.547657,2.496012
"12",81248,"Hippotragus equinus",12.44985,2.601143
"13",81248,"Hippotragus equinus",12.386991,2.784846
"14",81248,"Hippotragus equinus",12.48932,2.571474
"15",81248,"Hippotragus equinus",12.439918,2.745939
"16",81248,"Hippotragus equinus",11.87904,2.30478
"17",81248,"Hippotragus equinus",11.9697,2.12656
"18",81248,"Hippotragus equinus",11.98042,2.06234
"19",81248,"Hippotragus equinus",11.89187,0.99313
"20",81248,"Hippotragus equinus",11,2
"21",81248,"Hippotragus equinus",11.61028,1.36493
"22",81248,"Hippotragus equinus",12.25524,2.22986
"23",81248,"Hippotragus equinus",12.32858,2.58319
"24",81248,"Hippotragus equinus",12.43071,2.5825
"25",81248,"Hippotragus equinus",12.3261,2.4915
"26",81248,"Hippotragus equinus",11.96334,2.40601
"27",81248,"Hippotragus equinus",12.34834,2.66335
"28",81248,"Hippotragus equinus",12.236664,2.297397
"33",81248,"Hippotragus equinus",-11.144534,33.632594
"34",81248,"Hippotragus equinus",-10.610585,33.804502
"35",81248,"Hippotragus equinus",-18.418544,24.224038
"36",81248,"Hippotragus equinus",-6.900145,31.163288
"37",81248,"Hippotragus equinus",11.171108,1.571639
"38",81248,"Hippotragus equinus",11.204418,1.505885
"39",81248,"Hippotragus equinus",11.204373,1.505915
"40",81248,"Hippotragus equinus",12.335409,2.430334
"41",81248,"Hippotragus equinus",12.502788,2.542892
"42",81248,"Hippotragus equinus",12.472984,2.43625
"43",81248,"Hippotragus equinus",11.248068,1.307373
"44",81248,"Hippotragus equinus",11.298293,1.57374
"45",81248,"Hippotragus equinus",-14.869216,25.982165
"46",81248,"Hippotragus equinus",11.4351,1.47525
"47",81248,"Hippotragus equinus",11.17915,1.67255
"48",81248,"Hippotragus equinus",11.1911,1.66485
"49",81248,"Hippotragus equinus",11.296833,1.572433
"50",81248,"Hippotragus equinus",11.530806,1.487278
"51",81248,"Hippotragus equinus",12.231444,2.378
"52",81248,"Hippotragus equinus",12.080611,2.404139
"53",81248,"Hippotragus equinus",12.258583,2.401722
"56",81248,"Hippotragus equinus",12.015389,2.441583
"57",81248,"Hippotragus equinus",12.105444,2.393806
"59",81248,"Hippotragus equinus",12.032944,2.432917
"60",81248,"Hippotragus equinus",12.212083,2.375139
"61",81248,"Hippotragus equinus",11.935639,2.395556
"62",81248,"Hippotragus equinus",12.142472,2.313306
"63",81248,"Hippotragus equinus",11.959194,2.419139
"65",81248,"Hippotragus equinus",12.255583,2.416028
"66",81248,"Hippotragus equinus",12.245167,2.383278
"67",81248,"Hippotragus equinus",12.255417,2.393333
"68",81248,"Hippotragus equinus",12.11775,2.343722
"69",81248,"Hippotragus equinus",12.218306,2.383861
"72",81248,"Hippotragus equinus",12.19875,2.3835
"78",81248,"Hippotragus equinus",12.201667,2.377861
"80",81248,"Hippotragus equinus",-15.539231,28.327573
"81",81248,"Hippotragus equinus",-17.832375,25.046082
"82",81248,"Hippotragus equinus",-24.620513,28.718961
"83",81248,"Hippotragus equinus",-29.057005,24.260896
"84",81248,"Hippotragus equinus",-26.479839,31.195994
"85",81248,"Hippotragus equinus",-1.821903,30.728159
"86",81248,"Hippotragus equinus",-29.064886,24.312726
"87",81248,"Hippotragus equinus",-27.206613,22.369041
"88",81248,"Hippotragus equinus",-25.514336,31.495485
"89",81248,"Hippotragus equinus",-18.596271,23.620605
"90",81248,"Hippotragus equinus",-2.903414,36.049939
"91",81248,"Hippotragus equinus",-9.316667,27.383333
"95",81248,"Hippotragus equinus",11.45,19.283333
"96",81248,"Hippotragus equinus",-1.916667,30.666667
"98",81248,"Hippotragus equinus",-9.383333,30.133333
"99",81248,"Hippotragus equinus",-7.416667,31.983333
"100",81248,"Hippotragus equinus",-8.75,29.5
"111",81248,"Hippotragus equinus",11.24845,1.598511
"112",81248,"Hippotragus equinus",-18.505268,20.782102
"113",81248,"Hippotragus equinus",-18.197465,21.68222
"114",81248,"Hippotragus equinus",-29.194294,24.35713
"115",81248,"Hippotragus equinus",11.923806,2.388611
"116",81248,"Hippotragus equinus",12.239972,2.371556
"117",81248,"Hippotragus equinus",11.980139,2.438778
"118",81248,"Hippotragus equinus",11.958556,2.422611
"119",81248,"Hippotragus equinus",-29.194718,24.339287
"120",81248,"Hippotragus equinus",11.595308,1.482845
"121",81248,"Hippotragus equinus",11.435005,1.464428
"123",81248,"Hippotragus equinus",12.214556,2.375944
"124",81248,"Hippotragus equinus",12.261444,2.407778
"126",81248,"Hippotragus equinus",12.114667,2.413556
"129",81248,"Hippotragus equinus",11.392679,1.650696
"130",81248,"Hippotragus equinus",11.248202,1.598403
"136",81248,"Hippotragus equinus",-29.159568,24.444608
"137",81248,"Hippotragus equinus",11.413892,1.549072
"146",81248,"Hippotragus equinus",-17.829943,24.985403
"147",81248,"Hippotragus equinus",12.076329,3.191864
"148",81248,"Hippotragus equinus",8.756808,2.03212
"149",81248,"Hippotragus equinus",8.296999,1.966141
"150",81248,"Hippotragus equinus",9.44642,2.228938
"151",81248,"Hippotragus equinus",8.955147,2.184746
"152",81248,"Hippotragus equinus",11.243179,1.603764
"153",81248,"Hippotragus equinus",11.234217,1.604004
"154",81248,"Hippotragus equinus",11.478605,1.439786
"155",81248,"Hippotragus equinus",8.178262,13.837792
"156",81248,"Hippotragus equinus",-22.388816,31.009193
"157",81248,"Hippotragus equinus",11.403123,1.461182
"159",81248,"Hippotragus equinus",11.54925,1.27641
"160",81248,"Hippotragus equinus",11.45358,1.65646
"162",81248,"Hippotragus equinus",11.53078,1.73403
"163",81248,"Hippotragus equinus",11.8089,1.10548
"164",81248,"Hippotragus equinus",11.80541,2.67029
"165",81248,"Hippotragus equinus",12.05675,2.57346
"166",81248,"Hippotragus equinus",11.72027,2.74635
"167",81248,"Hippotragus equinus",11.978569,2.838705
"168",81248,"Hippotragus equinus",11.9039,2.48736
"169",81248,"Hippotragus equinus",11.483756,2.915609
"170",81248,"Hippotragus equinus",12.05721,2.94687
"171",81248,"Hippotragus equinus",11.99247,2.21139
"172",81248,"Hippotragus equinus",12.50384,2.47944
"174",81248,"Hippotragus equinus",11.70889,2.04826
"177",81248,"Hippotragus equinus",12.42656,2.31717
"178",81248,"Hippotragus equinus",12.50067,2.59486
"179",81248,"Hippotragus equinus",11.52588,1.5546
"180",81248,"Hippotragus equinus",11.80132,0.98491
"181",81248,"Hippotragus equinus",11.61659,1.27862
"182",81248,"Hippotragus equinus",11.72348,1.09246
"184",81248,"Hippotragus equinus",11.43472,1.73042
"185",81248,"Hippotragus equinus",11.52979,1.37473
"187",81248,"Hippotragus equinus",11.53966,1.45151
"194",81248,"Hippotragus equinus",11.72087,2.58992
"197",81248,"Hippotragus equinus",12.371303,2.433622
"200",81248,"Hippotragus equinus",12.057211,2.946869
"201",81248,"Hippotragus equinus",12.469141,2.430615
"202",81248,"Hippotragus equinus",12.24587,0
"203",81248,"Hippotragus equinus",12.385455,2.554227
"204",81248,"Hippotragus equinus",12.271935,2.292225
"209",81248,"Hippotragus equinus",-10.605945,33.848877
"210",81248,"Hippotragus equinus",-1.92116,31.29029
"211",81248,"Hippotragus equinus",-2.63194,31.30889
"212",81248,"Hippotragus equinus",-24.051418,29.091183
"213",81248,"Hippotragus equinus",11.24969,1.53925
"214",81248,"Hippotragus equinus",11.24963,1.53939
"215",81248,"Hippotragus equinus",-17.795231,25.171129
"216",81248,"Hippotragus equinus",11.282457,1.589641
"217",81248,"Hippotragus equinus",11.537722,1.452583
"218",81248,"Hippotragus equinus",11.566619,1.457939
"220",81248,"Hippotragus equinus",11.229233,1.713867
"221",81248,"Hippotragus equinus",11.256231,1.55817
"222",81248,"Hippotragus equinus",12.401349,2.384033
"223",81248,"Hippotragus equinus",11.26002,1.2407
"224",81248,"Hippotragus equinus",11.23464,1.24207
"225",81248,"Hippotragus equinus",11.40536,1.73886
"226",81248,"Hippotragus equinus",11.31494,1.8814
"227",81248,"Hippotragus equinus",11.38394,1.74739
"228",81248,"Hippotragus equinus",11.34211,1.61311
"229",81248,"Hippotragus equinus",11.34395,1.61193
"230",81248,"Hippotragus equinus",11.34229,1.61299
"231",81248,"Hippotragus equinus",11.05234,1.02629
"232",81248,"Hippotragus equinus",11.01153,1.20282
"233",81248,"Hippotragus equinus",11.19987,1.50952
"234",81248,"Hippotragus equinus",11.23124,1.24276
"235",81248,"Hippotragus equinus",11.34576,1.59395
"236",81248,"Hippotragus equinus",11.42836,1.47166
"237",81248,"Hippotragus equinus",10.98915,1.20046
"238",81248,"Hippotragus equinus",10.89728,1.33019
"239",81248,"Hippotragus equinus",11.13937,1.79913
"240",81248,"Hippotragus equinus",11.37845,1.74822
"241",81248,"Hippotragus equinus",11.18673,1.52293
"242",81248,"Hippotragus equinus",11.3052,1.5822
"243",81248,"Hippotragus equinus",11.4154,1.7785
"244",81248,"Hippotragus equinus",11.2404,1.4091
"245",81248,"Hippotragus equinus",11.455,1.4475
"246",81248,"Hippotragus equinus",11.399,1.6804
"247",81248,"Hippotragus equinus",11.4153,1.579
"248",81248,"Hippotragus equinus",11.1923,1.2492
"249",81248,"Hippotragus equinus",11.1344,1.7848
"250",81248,"Hippotragus equinus",11.2745,1.3807
"251",81248,"Hippotragus equinus",11.4037,1.5892
"252",81248,"Hippotragus equinus",11.4192,1.5767
"253",81248,"Hippotragus equinus",11.3964,1.6512
"254",81248,"Hippotragus equinus",11.4456,1.492
"255",81248,"Hippotragus equinus",11.3497,1.61
"256",81248,"Hippotragus equinus",11.3657,1.6058
"257",81248,"Hippotragus equinus",11.3337,1.6045
"258",81248,"Hippotragus equinus",11.2593,1.2272
"259",81248,"Hippotragus equinus",11.3884,1.6154
"260",81248,"Hippotragus equinus",11.2505,1.2708
"261",81248,"Hippotragus equinus",11.4024,1.481
"262",81248,"Hippotragus equinus",11.249,1.5496
"263",81248,"Hippotragus equinus",11.2894,1.3361
"264",81248,"Hippotragus equinus",11.2494,1.5417
"265",81248,"Hippotragus equinus",11.4461,1.4938
"266",81248,"Hippotragus equinus",11.2897,1.3187
"267",81248,"Hippotragus equinus",11.2621,1.5125
"268",81248,"Hippotragus equinus",11.3954,1.6585
"269",81248,"Hippotragus equinus",11.4488,1.5685
"270",81248,"Hippotragus equinus",11.3185,1.7424
"271",81248,"Hippotragus equinus",11.2555,1.2352
"272",81248,"Hippotragus equinus",11.2667,1.5632
"273",81248,"Hippotragus equinus",11.4021,1.3973
"274",81248,"Hippotragus equinus",11.0907,1.1401
"275",81248,"Hippotragus equinus",11.2298,1.4263
"276",81248,"Hippotragus equinus",11.4558,1.4504
"277",81248,"Hippotragus equinus",11.3726,1.3655
"278",81248,"Hippotragus equinus",11.396,1.6535
"279",81248,"Hippotragus equinus",11.4358,1.4634
"280",81248,"Hippotragus equinus",11.3426,1.3474
"281",81248,"Hippotragus equinus",11.4265,1.5813
"282",81248,"Hippotragus equinus",11.2513,1.5518
"283",81248,"Hippotragus equinus",11.3698,1.6009
"284",81248,"Hippotragus equinus",11.2459,1.2535
"285",81248,"Hippotragus equinus",11.3234,1.3494
"286",81248,"Hippotragus equinus",11.3913,1.3941
"287",81248,"Hippotragus equinus",11.2287,1.4972
"288",81248,"Hippotragus equinus",11.2896,1.3186
"289",81248,"Hippotragus equinus",11.2566,1.5583
"290",81248,"Hippotragus equinus",11.2412,1.543
"291",81248,"Hippotragus equinus",11.14878,1.32929
"292",81248,"Hippotragus equinus",11.24958,1.35076
"293",81248,"Hippotragus equinus",11.18888,1.34763
"294",81248,"Hippotragus equinus",11.36051,1.37114
"295",81248,"Hippotragus equinus",11.22156,1.21816
"296",81248,"Hippotragus equinus",11.23112,1.23041
"297",81248,"Hippotragus equinus",11.25447,1.35299
"298",81248,"Hippotragus equinus",11.17514,1.34978
"299",81248,"Hippotragus equinus",11.26807,1.28846
"300",81248,"Hippotragus equinus",11.2533,1.34652
"301",81248,"Hippotragus equinus",11.25259,1.34647
"302",81248,"Hippotragus equinus",11.29981,1.57681
"303",81248,"Hippotragus equinus",11.25286,1.3465
"304",81248,"Hippotragus equinus",11.44751,1.48
"305",81248,"Hippotragus equinus",11.39622,1.65188
"306",81248,"Hippotragus equinus",11.12163,1.30513
"307",81248,"Hippotragus equinus",11.24932,1.34981
"308",81248,"Hippotragus equinus",11.20278,1.5084
"309",81248,"Hippotragus equinus",11.26939,1.2977
"310",81248,"Hippotragus equinus",11.31111,1.35655
"311",81248,"Hippotragus equinus",11.41461,1.57977
"312",81248,"Hippotragus equinus",11.40884,1.73754
"313",81248,"Hippotragus equinus",11.20373,1.50575
"314",81248,"Hippotragus equinus",11.24816,1.5487
"315",81248,"Hippotragus equinus",11.34281,1.61148
"316",81248,"Hippotragus equinus",11.20332,1.49389
"317",81248,"Hippotragus equinus",11.38535,1.59127
"318",81248,"Hippotragus equinus",11.37434,1.36658
"319",81248,"Hippotragus equinus",11.38741,1.60927
"320",81248,"Hippotragus equinus",11.42666,1.57679
"321",81248,"Hippotragus equinus",11.30265,1.36278
"322",81248,"Hippotragus equinus",11.4553,1.56511
"323",81248,"Hippotragus equinus",11.11759,1.51313
"324",81248,"Hippotragus equinus",11.42548,1.57767
"325",81248,"Hippotragus equinus",11.43847,1.40317
"326",81248,"Hippotragus equinus",11.40241,1.59298
"327",81248,"Hippotragus equinus",11.37723,1.37017
"328",81248,"Hippotragus equinus",11.46638,1.56561
"329",81248,"Hippotragus equinus",11.39503,1.61436
"330",81248,"Hippotragus equinus",11.44953,1.49764
"331",81248,"Hippotragus equinus",11.27938,1.57311
"332",81248,"Hippotragus equinus",11.39684,1.61835
"333",81248,"Hippotragus equinus",11.44951,1.56821
"334",81248,"Hippotragus equinus",11.4509,1.53571
"335",81248,"Hippotragus equinus",11.38938,1.6056
"336",81248,"Hippotragus equinus",11.39766,1.60062
"337",81248,"Hippotragus equinus",11.39693,1.61831
"338",81248,"Hippotragus equinus",11.3987,1.59907
"339",81248,"Hippotragus equinus",11.41035,1.58897
"340",81248,"Hippotragus equinus",11.39527,1.61541
"341",81248,"Hippotragus equinus",11.43926,1.40646
"342",81248,"Hippotragus equinus",11.40061,1.59647
"343",81248,"Hippotragus equinus",11.43297,1.40091
"344",81248,"Hippotragus equinus",11.39127,1.61609
"345",81248,"Hippotragus equinus",11.45312,1.54145
"346",81248,"Hippotragus equinus",11.443,1.4226
"347",81248,"Hippotragus equinus",11.39506,1.61102
"348",81248,"Hippotragus equinus",11.46416,1.56594
"349",81248,"Hippotragus equinus",11.22773,1.53776
"350",81248,"Hippotragus equinus",11.39681,1.61828
"351",81248,"Hippotragus equinus",11.39718,1.61821
"352",81248,"Hippotragus equinus",11.38344,1.74741
"353",81248,"Hippotragus equinus",11.34231,1.6128
"354",81248,"Hippotragus equinus",11.34942,1.88141
"355",81248,"Hippotragus equinus",11.03573,1.03962
"356",81248,"Hippotragus equinus",11.34209,1.61308
"357",81248,"Hippotragus equinus",11.09752,1.50192
"358",81248,"Hippotragus equinus",11.19935,1.51004
"359",81248,"Hippotragus equinus",11.37539,1.90053
"360",81248,"Hippotragus equinus",11.995,2.4569
"361",81248,"Hippotragus equinus",11.6607,2.6983
"362",81248,"Hippotragus equinus",11.7413,2.7844
"363",81248,"Hippotragus equinus",11.5155,2.9097
"364",81248,"Hippotragus equinus",11.8119,2.6379
"365",81248,"Hippotragus equinus",11.8119,2.5379
"366",81248,"Hippotragus equinus",11.7355,2.7585
"367",81248,"Hippotragus equinus",11.7533,2.4694
"368",81248,"Hippotragus equinus",11.9036,2.4415
"369",81248,"Hippotragus equinus",11.9226,2.504
"370",81248,"Hippotragus equinus",11.9204,2.4977
"371",81248,"Hippotragus equinus",11.9086,2.4375
"372",81248,"Hippotragus equinus",11.919,2.5457
"373",81248,"Hippotragus equinus",11.9062,2.4292
"375",81248,"Hippotragus equinus",11.8935,2.9749
"376",81248,"Hippotragus equinus",11.7212,2.7248
"377",81248,"Hippotragus equinus",11.9251,2.9697
"378",81248,"Hippotragus equinus",11.766,2.7532
"379",81248,"Hippotragus equinus",11.9469,3.0252
"380",81248,"Hippotragus equinus",12.0034,3.0705
"381",81248,"Hippotragus equinus",11.6872,2.6913
"382",81248,"Hippotragus equinus",11.6647,2.6981
"383",81248,"Hippotragus equinus",11.9075,2.686
"384",81248,"Hippotragus equinus",11.5998,2.6325
"385",81248,"Hippotragus equinus",11.9384,2.7313
"386",81248,"Hippotragus equinus",12.3846,2.8019
"387",81248,"Hippotragus equinus",11.7466,2.7776
"388",81248,"Hippotragus equinus",11.8338,2.4112
"389",81248,"Hippotragus equinus",11.751,2.7511
"390",81248,"Hippotragus equinus",11.7942,2.9968
"391",81248,"Hippotragus equinus",11.7027,2.7098
"392",81248,"Hippotragus equinus",11.92,2.9128
"393",81248,"Hippotragus equinus",12.089,2.8595
"394",81248,"Hippotragus equinus",11.8885,3.0174
"395",81248,"Hippotragus equinus",11.9689,2.6382
"396",81248,"Hippotragus equinus",11.4016,2.1719
"397",81248,"Hippotragus equinus",11.6084,3.1282
"398",81248,"Hippotragus equinus",12.0597,2.8176
"399",81248,"Hippotragus equinus",11.9937,3.0563
"400",81248,"Hippotragus equinus",11.9633,2.6157
"401",81248,"Hippotragus equinus",11.5045,2.3323
"402",81248,"Hippotragus equinus",11.7272,2.9824
"403",81248,"Hippotragus equinus",11.737,2.9741
"404",81248,"Hippotragus equinus",11.6558,2.6583
"405",81248,"Hippotragus equinus",12.0326,3.0591
"406",81248,"Hippotragus equinus",11.7091,2.8386
"407",81248,"Hippotragus equinus",11.5445,2.2716
"408",81248,"Hippotragus equinus",11.5156,2.2301
"409",81248,"Hippotragus equinus",11.8552,2.9113
"410",81248,"Hippotragus equinus",11.5155,2.1653
"411",81248,"Hippotragus equinus",11.5363,2.2314
"412",81248,"Hippotragus equinus",11.7539,2.7529
"413",81248,"Hippotragus equinus",11.4923,2.2138
"414",81248,"Hippotragus equinus",11.8989,2.6696
"415",81248,"Hippotragus equinus",11.37,2.9049
"416",81248,"Hippotragus equinus",11.5424,2.242
"417",81248,"Hippotragus equinus",11.7024,2.9042
"418",81248,"Hippotragus equinus",11.6932,2.9546
"419",81248,"Hippotragus equinus",11.6304,2.9638
"420",81248,"Hippotragus equinus",11.7024,2.8892
"421",81248,"Hippotragus equinus",11.7294,2.8058
"422",81248,"Hippotragus equinus",11.7028,2.8884
"423",81248,"Hippotragus equinus",11.5369,2.2243
"424",81248,"Hippotragus equinus",11.8623,2.5824
"425",81248,"Hippotragus equinus",11.652,2.8865
"426",81248,"Hippotragus equinus",11.9734,3.0301
"427",81248,"Hippotragus equinus",11.846,2.6024
"428",81248,"Hippotragus equinus",11.3615,2.8951
"429",81248,"Hippotragus equinus",11.9436,3.0145
"430",81248,"Hippotragus equinus",11.7268,2.5936
"431",81248,"Hippotragus equinus",11.651,3.027
"432",81248,"Hippotragus equinus",11.6449,3.0098
"434",81248,"Hippotragus equinus",11.9928,3.0226
"435",81248,"Hippotragus equinus",11.9489,3.026
"436",81248,"Hippotragus equinus",11.4247,2.9061
"437",81248,"Hippotragus equinus",11.8906,2.9127
"438",81248,"Hippotragus equinus",11.6722,2.9344
"439",81248,"Hippotragus equinus",11.83,2.599
"440",81248,"Hippotragus equinus",11.7671,2.5528
"441",81248,"Hippotragus equinus",11.8851,2.9095
"442",81248,"Hippotragus equinus",11.6699,2.6749
"443",81248,"Hippotragus equinus",12.3413,2.8056
"444",81248,"Hippotragus equinus",11.6452,2.6282
"445",81248,"Hippotragus equinus",11.8321,3.013
"446",81248,"Hippotragus equinus",11.778,2.7651
"447",81248,"Hippotragus equinus",12.2084,2.8168
"448",81248,"Hippotragus equinus",11.8538,2.5926
"449",81248,"Hippotragus equinus",11.9273,3.0196
"450",81248,"Hippotragus equinus",11.9662,2.5506
"451",81248,"Hippotragus equinus",11.6812,2.3179
"452",81248,"Hippotragus equinus",11.9343,2.9904
"453",81248,"Hippotragus equinus",11.6657,3.0165
"454",81248,"Hippotragus equinus",11.8525,2.3854
"455",81248,"Hippotragus equinus",11.927,2.5172
"456",81248,"Hippotragus equinus",12.2002,2.7491
"457",81248,"Hippotragus equinus",11.6152,3.0842
"458",81248,"Hippotragus equinus",11.607,3.028
"459",81248,"Hippotragus equinus",11.6811,2.8801
"460",81248,"Hippotragus equinus",11.6711,2.339
"461",81248,"Hippotragus equinus",11.5572,3.0956
"462",81248,"Hippotragus equinus",11.9093,2.8331
"463",81248,"Hippotragus equinus",11.5455,3.0085
"464",81248,"Hippotragus equinus",11.6,2.7356
"465",81248,"Hippotragus equinus",12.0265,3.0154
"466",81248,"Hippotragus equinus",11.9991,3.0656
"467",81248,"Hippotragus equinus",12.0131,2.9359
"468",81248,"Hippotragus equinus",11.6047,2.7125
"469",81248,"Hippotragus equinus",11.6272,2.6041
"470",81248,"Hippotragus equinus",11.6747,2.6115
"471",81248,"Hippotragus equinus",12.3471,2.7748
"472",81248,"Hippotragus equinus",11.892,2.9699
"473",81248,"Hippotragus equinus",11.9739,3.0106
"474",81248,"Hippotragus equinus",11.7015,2.7085
"475",81248,"Hippotragus equinus",12.0286,2.908
"476",81248,"Hippotragus equinus",11.569,2.686
"477",81248,"Hippotragus equinus",12.1652,2.7745
"478",81248,"Hippotragus equinus",12.1607,2.8976
"479",81248,"Hippotragus equinus",11.9701,3.0196
"480",81248,"Hippotragus equinus",11.4799,2.7771
"481",81248,"Hippotragus equinus",11.669,2.7348
"482",81248,"Hippotragus equinus",11.6367,3.0151
"483",81248,"Hippotragus equinus",11.9008,2.9039
"484",81248,"Hippotragus equinus",11.989,3.0317
"485",81248,"Hippotragus equinus",11.6715,2.7685
"486",81248,"Hippotragus equinus",11.9849,3.0329
"487",81248,"Hippotragus equinus",12.0049,2.9463
"488",81248,"Hippotragus equinus",12.1211,2.8942
"489",81248,"Hippotragus equinus",12.1068,2.8044
"490",81248,"Hippotragus equinus",11.4829,2.7835
"491",81248,"Hippotragus equinus",11.9946,3.0472
"492",81248,"Hippotragus equinus",11.6266,2.9961
"493",81248,"Hippotragus equinus",11.8222,2.8906
"494",81248,"Hippotragus equinus",11.2436,2.1899
"495",81248,"Hippotragus equinus",12.1207,2.8194
"496",81248,"Hippotragus equinus",11.5626,2.9592
"497",81248,"Hippotragus equinus",11.8646,2.8939
"498",81248,"Hippotragus equinus",11.9035,2.6916
"499",81248,"Hippotragus equinus",11.9154,2.9196
"500",81248,"Hippotragus equinus",11.9002,2.4123
"501",81248,"Hippotragus equinus",11.9055,2.6039
"502",81248,"Hippotragus equinus",11.9226,2.5039
"503",81248,"Hippotragus equinus",11.4239,2.4189
"504",81248,"Hippotragus equinus",11.6188,2.9914
"505",81248,"Hippotragus equinus",11.7142,2.8189
"506",81248,"Hippotragus equinus",11.9234,2.5326
"507",81248,"Hippotragus equinus",11.5821,2.8169
"508",81248,"Hippotragus equinus",12.004,2.7632
"509",81248,"Hippotragus equinus",11.9554,2.9452
"510",81248,"Hippotragus equinus",11.6786,2.9687
"511",81248,"Hippotragus equinus",11.4774,2.8884
"512",81248,"Hippotragus equinus",11.9404,2.9738
"513",81248,"Hippotragus equinus",11.6176,2.8096
"514",81248,"Hippotragus equinus",11.6127,2.9914
"515",81248,"Hippotragus equinus",11.8993,2.4156
"516",81248,"Hippotragus equinus",11.91,2.4451
"517",81248,"Hippotragus equinus",11.5198,2.5163
"518",81248,"Hippotragus equinus",11.5853,3.0081
"519",81248,"Hippotragus equinus",11.9705,2.5375
"520",81248,"Hippotragus equinus",11.782,2.7897
"521",81248,"Hippotragus equinus",11.6304,2.6507
"522",81248,"Hippotragus equinus",11.9081,2.5645
"523",81248,"Hippotragus equinus",11.8593,2.5791
"524",81248,"Hippotragus equinus",11.7094,2.8681
"525",81248,"Hippotragus equinus",11.7954,2.3847
"526",81248,"Hippotragus equinus",11.7906,2.442
"528",81248,"Hippotragus equinus",11.4638,2.2284
"529",81248,"Hippotragus equinus",11.4923,2.7583
"530",81248,"Hippotragus equinus",11.6824,2.8921
"531",81248,"Hippotragus equinus",11.9199,2.5564
"532",81248,"Hippotragus equinus",11.6438,2.9464
"533",81248,"Hippotragus equinus",11.683,2.8163
"535",81248,"Hippotragus equinus",11.8729,2.5772
"536",81248,"Hippotragus equinus",11.8251,2.4281
"537",81248,"Hippotragus equinus",11.7719,2.6859
"538",81248,"Hippotragus equinus",11.7513,2.7515
"540",81248,"Hippotragus equinus",11.9636,2.5837
"541",81248,"Hippotragus equinus",11.5705,2.3142
"542",81248,"Hippotragus equinus",11.7061,2.4057
"543",81248,"Hippotragus equinus",11.6983,2.3063
"544",81248,"Hippotragus equinus",11.8244,2.629
"545",81248,"Hippotragus equinus",11.7312,2.7361
"546",81248,"Hippotragus equinus",11.7367,2.5521
"547",81248,"Hippotragus equinus",11.9193,2.943
"548",81248,"Hippotragus equinus",11.46,2.815
"549",81248,"Hippotragus equinus",11.694,2.6862
"550",81248,"Hippotragus equinus",12.0751,2.9535
"551",81248,"Hippotragus equinus",11.8427,2.6124
"552",81248,"Hippotragus equinus",12.2552,2.762
"553",81248,"Hippotragus equinus",11.6812,2.317
"554",81248,"Hippotragus equinus",11.6928,2.3123
"555",81248,"Hippotragus equinus",12.0336,2.9583
"556",81248,"Hippotragus equinus",12.198,2.7613
"557",81248,"Hippotragus equinus",11.9693,2.7974
"558",81248,"Hippotragus equinus",11.7075,2.8199
"559",81248,"Hippotragus equinus",11.8756,2.5804
"560",81248,"Hippotragus equinus",11.5779,2.6887
"561",81248,"Hippotragus equinus",11.7515,2.771
"562",81248,"Hippotragus equinus",12,2.9752
"563",81248,"Hippotragus equinus",12.015,3.0466
"564",81248,"Hippotragus equinus",12.1825,2.8552
"565",81248,"Hippotragus equinus",11.9278,2.5204
"566",81248,"Hippotragus equinus",11.6943,2.7424
"567",81248,"Hippotragus equinus",12.0855,2.8787
"568",81248,"Hippotragus equinus",12.0117,2.8066
"569",81248,"Hippotragus equinus",11.904,2.9808
"570",81248,"Hippotragus equinus",11.637,3.1204
"571",81248,"Hippotragus equinus",11.8064,2.6573
"572",81248,"Hippotragus equinus",11.9573,2.8788
"573",81248,"Hippotragus equinus",11.8028,2.5205
"574",81248,"Hippotragus equinus",12.0168,3.064
"575",81248,"Hippotragus equinus",11.7815,2.7816
"576",81248,"Hippotragus equinus",12.0215,3.0229
"577",81248,"Hippotragus equinus",11.672,2.9539
"578",81248,"Hippotragus equinus",11.6067,2.758
"579",81248,"Hippotragus equinus",12.0867,2.9334
"580",81248,"Hippotragus equinus",12.1757,2.7833
"581",81248,"Hippotragus equinus",12.1609,2.6972
"582",81248,"Hippotragus equinus",11.6495,2.7566
"583",81248,"Hippotragus equinus",11.5453,2.6971
"584",81248,"Hippotragus equinus",11.9085,2.9621
"585",81248,"Hippotragus equinus",12.0897,2.7814
"586",81248,"Hippotragus equinus",11.8816,2.9527
"587",81248,"Hippotragus equinus",11.8253,2.8538
"588",81248,"Hippotragus equinus",12.0127,3.034
"589",81248,"Hippotragus equinus",11.6658,2.8889
"590",81248,"Hippotragus equinus",12.0616,2.9498
"591",81248,"Hippotragus equinus",11.8826,2.8833
"592",81248,"Hippotragus equinus",12.2826,2.7957
"593",81248,"Hippotragus equinus",12.1933,2.7127
"594",81248,"Hippotragus equinus",12.3564,2.7698
"595",81248,"Hippotragus equinus",11.9652,2.9767
"596",81248,"Hippotragus equinus",11.9412,2.9592
"597",81248,"Hippotragus equinus",12.3654,2.7778
"598",81248,"Hippotragus equinus",11.011,1.7311
"599",81248,"Hippotragus equinus",11.9776,2.9018
"600",81248,"Hippotragus equinus",12.031,2.9767
"601",81248,"Hippotragus equinus",11.4064,2.3067
"602",81248,"Hippotragus equinus",12.3014,2.7347
"603",81248,"Hippotragus equinus",12.1183,2.81
"604",81248,"Hippotragus equinus",12.1099,2.8011
"605",81248,"Hippotragus equinus",11.9139,2.4766
"606",81248,"Hippotragus equinus",12.2943,2.7689
"607",81248,"Hippotragus equinus",11.2449,2.1016
"608",81248,"Hippotragus equinus",12.1748,2.7267
"609",81248,"Hippotragus equinus",11.4648,2.3079
"610",81248,"Hippotragus equinus",12.2489,2.8225
"611",81248,"Hippotragus equinus",11.7046,2.6963
"612",81248,"Hippotragus equinus",11.8345,2.4134
"613",81248,"Hippotragus equinus",11.9838,3.0413
"614",81248,"Hippotragus equinus",11.981,2.9331
"615",81248,"Hippotragus equinus",11.061,1.7453
"616",81248,"Hippotragus equinus",11.9618,2.9699
"617",81248,"Hippotragus equinus",12.2934,2.779
"618",81248,"Hippotragus equinus",10.9775,1.6989
"619",81248,"Hippotragus equinus",12.3263,2.7433
"620",81248,"Hippotragus equinus",12.2673,2.7892
"621",81248,"Hippotragus equinus",12.1309,2.8281
"622",81248,"Hippotragus equinus",11.8838,2.431
"623",81248,"Hippotragus equinus",11.805,2.8312
"624",81248,"Hippotragus equinus",11.9043,2.4258
"625",81248,"Hippotragus equinus",11.9161,2.424
"626",81248,"Hippotragus equinus",12.0033,2.5831
"627",81248,"Hippotragus equinus",11.9473,3.0193
"628",81248,"Hippotragus equinus",12.0337,2.6244
"629",81248,"Hippotragus equinus",11.9122,2.6803
"630",81248,"Hippotragus equinus",11.5813,2.2699
"631",81248,"Hippotragus equinus",11.7016,2.4377
"632",81248,"Hippotragus equinus",11.629,3.1204
"633",81248,"Hippotragus equinus",11.5107,2.3119
"634",81248,"Hippotragus equinus",12.0819,2.8883
"635",81248,"Hippotragus equinus",11.799,2.5891
"636",81248,"Hippotragus equinus",11.9261,2.7018
"637",81248,"Hippotragus equinus",12.0715,2.984
"638",81248,"Hippotragus equinus",11.9188,2.417
"639",81248,"Hippotragus equinus",11.8445,3.0197
"640",81248,"Hippotragus equinus",12.1019,2.8305
"641",81248,"Hippotragus equinus",11.6663,2.9152
"642",81248,"Hippotragus equinus",11.8818,2.9442
"643",81248,"Hippotragus equinus",11.8198,2.9041
"644",81248,"Hippotragus equinus",11.9503,3.0195
"645",81248,"Hippotragus equinus",11.9181,2.5618
"646",81248,"Hippotragus equinus",11.7158,2.7169
"647",81248,"Hippotragus equinus",12.0863,2.8523
"648",81248,"Hippotragus equinus",11.9181,2.5617
"649",81248,"Hippotragus equinus",11.7144,2.8592
"650",81248,"Hippotragus equinus",11.8826,2.9509
"651",81248,"Hippotragus equinus",12.236,2.8009
"652",81248,"Hippotragus equinus",12.3421,2.7236
"653",81248,"Hippotragus equinus",11.7846,2.3755
"654",81248,"Hippotragus equinus",11.9264,2.4176
"655",81248,"Hippotragus equinus",11.7909,2.5986
"656",81248,"Hippotragus equinus",11.7076,2.3002
"657",81248,"Hippotragus equinus",11.8177,2.378
"658",81248,"Hippotragus equinus",11.2548,2.1869
"659",81248,"Hippotragus equinus",11.4642,2.9831
"660",81248,"Hippotragus equinus",11.6084,2.3254
"661",81248,"Hippotragus equinus",11.7197,2.8149
"662",81248,"Hippotragus equinus",11.5024,2.3253
"663",81248,"Hippotragus equinus",11.8372,2.9627
"664",81248,"Hippotragus equinus",11.6689,2.3005
"665",81248,"Hippotragus equinus",11.7198,2.7331
"666",81248,"Hippotragus equinus",12.2306,2.6952
"667",81248,"Hippotragus equinus",11.6718,2.3191
"668",81248,"Hippotragus equinus",11.6772,2.3116
"669",81248,"Hippotragus equinus",11.4684,2.1665
"670",81248,"Hippotragus equinus",12.2111,2.6899
"671",81248,"Hippotragus equinus",11.8204,2.9126
"672",81248,"Hippotragus equinus",11.7105,2.999
"673",81248,"Hippotragus equinus",11.8626,2.9096
"674",81248,"Hippotragus equinus",11.4521,2.298
"675",81248,"Hippotragus equinus",11.6789,2.3567
"676",81248,"Hippotragus equinus",11.7325,2.8007
"677",81248,"Hippotragus equinus",11.8289,2.4284
"678",81248,"Hippotragus equinus",11.7941,2.9059
"679",81248,"Hippotragus equinus",11.925,2.8854
"680",81248,"Hippotragus equinus",11.2888,2.136
"682",81248,"Hippotragus equinus",11.7633,2.9487
"683",81248,"Hippotragus equinus",11.7205,3.0105
"684",81248,"Hippotragus equinus",11.4828,2.2817
"685",81248,"Hippotragus equinus",11.6967,2.318
"686",81248,"Hippotragus equinus",11.7603,2.8466
"687",81248,"Hippotragus equinus",11.8238,2.9061
"688",81248,"Hippotragus equinus",11.672,2.3574
"689",81248,"Hippotragus equinus",11.708,2.9961
"690",81248,"Hippotragus equinus",11.8491,2.9185
"691",81248,"Hippotragus equinus",11.6908,2.6832
"692",81248,"Hippotragus equinus",11.8038,2.6281
"693",81248,"Hippotragus equinus",11.9261,2.7267
"694",81248,"Hippotragus equinus",11.9306,2.7276
"695",81248,"Hippotragus equinus",11.7049,2.6967
"696",81248,"Hippotragus equinus",11.7322,2.8389
"697",81248,"Hippotragus equinus",11.5563,2.3154
"698",81248,"Hippotragus equinus",11.921,2.5385
"699",81248,"Hippotragus equinus",11.9956,2.9955
"700",81248,"Hippotragus equinus",11.4399,2.916
"701",81248,"Hippotragus equinus",11.4034,2.2059
"702",81248,"Hippotragus equinus",12.3389,2.7289
"703",81248,"Hippotragus equinus",11.6424,2.8711
"704",81248,"Hippotragus equinus",11.8837,2.6956
"705",81248,"Hippotragus equinus",11.8728,2.5825
"706",81248,"Hippotragus equinus",11.8344,2.3849
"707",81248,"Hippotragus equinus",11.4801,3.0556
"708",81248,"Hippotragus equinus",11.7879,2.4597
"709",81248,"Hippotragus equinus",11.8226,2.4693
"710",81248,"Hippotragus equinus",11.8041,2.925
"711",81248,"Hippotragus equinus",11.5041,3.0323
"712",81248,"Hippotragus equinus",11.9517,2.7202
"713",81248,"Hippotragus equinus",11.6978,2.8168
"714",81248,"Hippotragus equinus",12.0224,3.0195
"715",81248,"Hippotragus equinus",11.5572,2.2355
"716",81248,"Hippotragus equinus",11.5724,2.9735
"717",81248,"Hippotragus equinus",11.8933,2.6856
"718",81248,"Hippotragus equinus",11.8251,2.6283
"719",81248,"Hippotragus equinus",11.8541,2.4152
"720",81248,"Hippotragus equinus",11.7178,2.9042
"721",81248,"Hippotragus equinus",11.8694,2.9209
"722",81248,"Hippotragus equinus",11.7601,2.571
"723",81248,"Hippotragus equinus",11.9112,2.5894
"724",81248,"Hippotragus equinus",11.9263,2.5124
"725",81248,"Hippotragus equinus",11.8843,2.676
"726",81248,"Hippotragus equinus",11.9608,2.6706
"727",81248,"Hippotragus equinus",11.8977,2.5673
"728",81248,"Hippotragus equinus",11.8672,2.8952
"729",81248,"Hippotragus equinus",11.7205,2.8453
"730",81248,"Hippotragus equinus",12.08836,2.92044
"731",81248,"Hippotragus equinus",12.0032,2.97069
"732",81248,"Hippotragus equinus",12.19184,2.7886
"733",81248,"Hippotragus equinus",12.39181,2.81463
"734",81248,"Hippotragus equinus",12.23508,2.74886
"735",81248,"Hippotragus equinus",12.19692,2.71752
"736",81248,"Hippotragus equinus",11.9598,2.44896
"737",81248,"Hippotragus equinus",11.73672,2.29888
"738",81248,"Hippotragus equinus",11.93887,2.42961
"739",81248,"Hippotragus equinus",11.08951,1.97205
"740",81248,"Hippotragus equinus",11.63282,2.65631
"741",81248,"Hippotragus equinus",12.25909,2.81016
"742",81248,"Hippotragus equinus",11.97968,2.44902
"743",81248,"Hippotragus equinus",11.91217,2.50524
"744",81248,"Hippotragus equinus",11.9417,2.7183
"745",81248,"Hippotragus equinus",11.91531,2.48386
"746",81248,"Hippotragus equinus",11.7993,2.38563
"747",81248,"Hippotragus equinus",11.99177,2.60574
"748",81248,"Hippotragus equinus",11.94766,2.43257
"749",81248,"Hippotragus equinus",11.69013,2.68353
"750",81248,"Hippotragus equinus",12.1331,2.74939
"751",81248,"Hippotragus equinus",11.9985,2.715
"752",81248,"Hippotragus equinus",11.91493,2.56156
"753",81248,"Hippotragus equinus",11.16855,1.90723
"754",81248,"Hippotragus equinus",11.493,2.22396
"755",81248,"Hippotragus equinus",11.91132,2.55995
"756",81248,"Hippotragus equinus",11.8894,2.95626
"757",81248,"Hippotragus equinus",11.81798,3.00796
"758",81248,"Hippotragus equinus",11.65835,2.67261
"759",81248,"Hippotragus equinus",11.92443,2.52816
"760",81248,"Hippotragus equinus",11.82838,2.43429
"761",81248,"Hippotragus equinus",12.06773,2.82566
"762",81248,"Hippotragus equinus",11.97827,2.44387
"763",81248,"Hippotragus equinus",12.12556,2.80041
"764",81248,"Hippotragus equinus",12.31624,2.72876
"765",81248,"Hippotragus equinus",11.88311,2.40408
"766",81248,"Hippotragus equinus",11.82109,3.01305
"767",81248,"Hippotragus equinus",11.84397,2.47672
"768",81248,"Hippotragus equinus",11.89322,2.73179
"769",81248,"Hippotragus equinus",11.95133,3.0197
"770",81248,"Hippotragus equinus",11.92847,2.41814
"771",81248,"Hippotragus equinus",11.79289,2.47576
"772",81248,"Hippotragus equinus",11.93679,2.81484
"773",81248,"Hippotragus equinus",12.19343,2.85476
"774",81248,"Hippotragus equinus",11.82365,3.00874
"775",81248,"Hippotragus equinus",11.82731,2.41649
"776",81248,"Hippotragus equinus",12.14262,2.81773
"777",81248,"Hippotragus equinus",11.89247,2.67419
"778",81248,"Hippotragus equinus",12.28264,2.70023
"779",81248,"Hippotragus equinus",11.85369,2.446
"780",81248,"Hippotragus equinus",11.91576,2.70466
"781",81248,"Hippotragus equinus",11.92887,3.0211
"782",81248,"Hippotragus equinus",11.45264,3.0718
"783",81248,"Hippotragus equinus",11.91568,2.7616
"784",81248,"Hippotragus equinus",11.75775,2.76062
"785",81248,"Hippotragus equinus",11.88541,2.44023
"786",81248,"Hippotragus equinus",12.07438,2.81783
"787",81248,"Hippotragus equinus",11.952,2.4216
"788",81248,"Hippotragus equinus",11.77538,2.95074
"789",81248,"Hippotragus equinus",11.92692,2.97384
"790",81248,"Hippotragus equinus",11.59973,2.75582
"791",81248,"Hippotragus equinus",12.26504,2.78462
"792",81248,"Hippotragus equinus",11.81486,2.42752
"793",81248,"Hippotragus equinus",11.93279,2.43268
"794",81248,"Hippotragus equinus",11.90914,2.45154
"795",81248,"Hippotragus equinus",11.90255,2.44813
"796",81248,"Hippotragus equinus",11.9215,2.56413
"797",81248,"Hippotragus equinus",11.94351,2.69962
"798",81248,"Hippotragus equinus",11.94872,3.00648
"799",81248,"Hippotragus equinus",11.90213,2.57597
"800",81248,"Hippotragus equinus",11.83186,2.87267
"801",81248,"Hippotragus equinus",11.56549,2.76309
"802",81248,"Hippotragus equinus",12.21901,2.79844
"803",81248,"Hippotragus equinus",11.71037,2.81855
"804",81248,"Hippotragus equinus",11.6713,2.341
"805",81248,"Hippotragus equinus",11.88913,2.91138
"806",81248,"Hippotragus equinus",11.91674,2.56216
"807",81248,"Hippotragus equinus",11.72156,2.72336
"808",81248,"Hippotragus equinus",11.91592,2.48503
"809",81248,"Hippotragus equinus",11.6961,2.3791
"810",81248,"Hippotragus equinus",11.71642,2.71867
"811",81248,"Hippotragus equinus",11.92912,2.98064
"812",81248,"Hippotragus equinus",12.08991,2.8481
"813",81248,"Hippotragus equinus",11.86535,2.94777
"814",81248,"Hippotragus equinus",11.76362,2.97734
"815",81248,"Hippotragus equinus",11.88457,3.01717
"816",81248,"Hippotragus equinus",11.75472,2.97223
"817",81248,"Hippotragus equinus",12.27982,2.7021
"818",81248,"Hippotragus equinus",11.71304,2.9113
"819",81248,"Hippotragus equinus",11.68011,2.31686
"820",81248,"Hippotragus equinus",11.82755,2.41652
"821",81248,"Hippotragus equinus",11.7062,2.8711
"822",81248,"Hippotragus equinus",11.74181,2.89776
"823",81248,"Hippotragus equinus",11.71809,2.81544
"824",81248,"Hippotragus equinus",11.95456,3.00663
"825",81248,"Hippotragus equinus",11.75747,2.94808
"826",81248,"Hippotragus equinus",11.8402,2.84472
"827",81248,"Hippotragus equinus",11.93436,2.95389
"828",81248,"Hippotragus equinus",11.87583,2.96229
"829",81248,"Hippotragus equinus",11.63033,2.31604
"830",81248,"Hippotragus equinus",11.82126,3.00833
"831",81248,"Hippotragus equinus",11.7017,2.69316
"832",81248,"Hippotragus equinus",12.23878,2.79797
"833",81248,"Hippotragus equinus",11.65561,2.66245
"834",81248,"Hippotragus equinus",11.67164,2.32839
"835",81248,"Hippotragus equinus",11.78593,2.99276
"836",81248,"Hippotragus equinus",11.70285,2.88639
"837",81248,"Hippotragus equinus",11.85536,2.39006
"838",81248,"Hippotragus equinus",11.74629,2.87105
"839",81248,"Hippotragus equinus",11.90128,2.4108
"840",81248,"Hippotragus equinus",11.85396,2.38767
"841",81248,"Hippotragus equinus",12.25651,2.78701
"842",81248,"Hippotragus equinus",11.75311,2.76582
"843",81248,"Hippotragus equinus",11.76613,2.69924
"844",81248,"Hippotragus equinus",11.42112,2.40837
"845",81248,"Hippotragus equinus",11.44854,2.46709
"846",81248,"Hippotragus equinus",11.62037,2.97533
"847",81248,"Hippotragus equinus",11.93946,2.90059
"848",81248,"Hippotragus equinus",11.5599,2.92641
"851",81248,"Hippotragus equinus",11.71768,2.73003
"852",81248,"Hippotragus equinus",11.66975,2.74446
"853",81248,"Hippotragus equinus",11.73117,2.80155
"856",81248,"Hippotragus equinus",11.43082,2.41631
"857",81248,"Hippotragus equinus",11.9012,2.4108
"858",81248,"Hippotragus equinus",11.44642,2.46692
"859",81248,"Hippotragus equinus",11.39162,2.34539
"860",81248,"Hippotragus equinus",12.32534,2.78436
"862",81248,"Hippotragus equinus",11.75773,2.76073
"863",81248,"Hippotragus equinus",11.72272,2.76331
"864",81248,"Hippotragus equinus",12.23776,2.69725
"866",81248,"Hippotragus equinus",12.06751,2.82578
"867",81248,"Hippotragus equinus",12.08046,2.79131
"868",81248,"Hippotragus equinus",11.71965,2.57518
"869",81248,"Hippotragus equinus",11.72104,2.81168
"870",81248,"Hippotragus equinus",11.70881,2.81967
"871",81248,"Hippotragus equinus",11.45206,2.90781
"873",81248,"Hippotragus equinus",11.41707,2.45621
"874",81248,"Hippotragus equinus",12.26695,2.70851
"875",81248,"Hippotragus equinus",12.36874,2.78208
"876",81248,"Hippotragus equinus",11.85671,2.58441
"877",81248,"Hippotragus equinus",12.25974,2.75585
"879",81248,"Hippotragus equinus",12.16332,2.83856
"881",81248,"Hippotragus equinus",11.75002,2.77125
"882",81248,"Hippotragus equinus",11.53487,2.95484
"883",81248,"Hippotragus equinus",11.74931,2.7725
"884",81248,"Hippotragus equinus",11.63077,2.77478
"885",81248,"Hippotragus equinus",11.67094,2.74771
"887",81248,"Hippotragus equinus",11.96826,2.62637
"888",81248,"Hippotragus equinus",11.92514,2.72681
"889",81248,"Hippotragus equinus",11.74972,2.77185
"891",81248,"Hippotragus equinus",11.90862,2.91848
"892",81248,"Hippotragus equinus",11.44851,3.07155
"893",81248,"Hippotragus equinus",11.80565,2.79263
"894",81248,"Hippotragus equinus",11.93376,2.62979
"895",81248,"Hippotragus equinus",11.9881,2.87954
"896",81248,"Hippotragus equinus",11.61857,2.9823
"897",81248,"Hippotragus equinus",11.91555,2.57897
"898",81248,"Hippotragus equinus",11.86275,2.70874
"899",81248,"Hippotragus equinus",11.78164,2.8501
"900",81248,"Hippotragus equinus",11.71082,2.81883
"901",81248,"Hippotragus equinus",11.61231,2.72635
"902",81248,"Hippotragus equinus",11.58812,2.81156
"903",81248,"Hippotragus equinus",11.70041,2.8637
"904",81248,"Hippotragus equinus",11.66348,2.8099
"905",81248,"Hippotragus equinus",11.90838,2.6558
"906",81248,"Hippotragus equinus",11.81275,2.85068
"907",81248,"Hippotragus equinus",11.81277,2.83385
"908",81248,"Hippotragus equinus",12.28662,2.69964
"909",81248,"Hippotragus equinus",11.94411,2.67369
"910",81248,"Hippotragus equinus",11.97663,2.86952
"911",81248,"Hippotragus equinus",11.5994,2.80619
"912",81248,"Hippotragus equinus",11.76221,2.47241
"913",81248,"Hippotragus equinus",11.81352,2.82387
"915",81248,"Hippotragus equinus",11.72241,2.81408
"916",81248,"Hippotragus equinus",11.83764,2.88407
"917",81248,"Hippotragus equinus",12.02948,3.04772
"918",81248,"Hippotragus equinus",11.64326,2.66287
"919",81248,"Hippotragus equinus",12.13423,2.91936
"920",81248,"Hippotragus equinus",12.21944,2.65417
"921",81248,"Hippotragus equinus",12.2481,2.81487
"922",81248,"Hippotragus equinus",11.70763,2.77684
"924",81248,"Hippotragus equinus",11.7454,2.58259
"925",81248,"Hippotragus equinus",11.67267,2.58135
"926",81248,"Hippotragus equinus",11.66014,2.67204
"927",81248,"Hippotragus equinus",11.80242,2.94298
"928",81248,"Hippotragus equinus",11.91241,2.78981
"929",81248,"Hippotragus equinus",11.90006,2.83696
"930",81248,"Hippotragus equinus",12.26729,2.77287
"931",81248,"Hippotragus equinus",11.89268,2.69422
"932",81248,"Hippotragus equinus",11.72269,2.72269
"933",81248,"Hippotragus equinus",12.30945,2.70221
"934",81248,"Hippotragus equinus",11.72986,2.47677
"935",81248,"Hippotragus equinus",11.72377,2.91671
"936",81248,"Hippotragus equinus",11.79822,3.08427
"937",81248,"Hippotragus equinus",12.0042,2.7876
"939",81248,"Hippotragus equinus",11.90729,2.99351
"940",81248,"Hippotragus equinus",11.53174,2.67119
"941",81248,"Hippotragus equinus",11.81396,2.50423
"942",81248,"Hippotragus equinus",11.96912,2.60159
"944",81248,"Hippotragus equinus",11.81758,2.94363
"945",81248,"Hippotragus equinus",11.83137,2.98509
"946",81248,"Hippotragus equinus",11.62782,3.07612
"947",81248,"Hippotragus equinus",11.56235,2.57804
"948",81248,"Hippotragus equinus",11.84662,2.59968
"949",81248,"Hippotragus equinus",11.98869,2.93798
"950",81248,"Hippotragus equinus",11.95649,3.04056
"951",81248,"Hippotragus equinus",11.79352,2.99491
"952",81248,"Hippotragus equinus",11.71874,2.95384
"953",81248,"Hippotragus equinus",11.75829,2.75673
"954",81248,"Hippotragus equinus",11.79231,3.01632
"955",81248,"Hippotragus equinus",11.56543,3.01449
"956",81248,"Hippotragus equinus",11.88906,2.41022
"957",81248,"Hippotragus equinus",11.71348,2.7154
"958",81248,"Hippotragus equinus",12.00058,2.59562
"959",81248,"Hippotragus equinus",11.87734,2.93282
"960",81248,"Hippotragus equinus",11.67345,3.07218
"961",81248,"Hippotragus equinus",11.93916,3.00949
"962",81248,"Hippotragus equinus",11.97301,2.63566
"963",81248,"Hippotragus equinus",11.867182,2.916829
"964",81248,"Hippotragus equinus",11.901343,2.984797
"965",81248,"Hippotragus equinus",11.858137,2.684598
"966",81248,"Hippotragus equinus",11.362755,2.040846
"967",81248,"Hippotragus equinus",11.299676,2.010581
"968",81248,"Hippotragus equinus",11.879415,2.688418
"969",81248,"Hippotragus equinus",11.342316,2.019651
"970",81248,"Hippotragus equinus",11.893476,2.760077
"971",81248,"Hippotragus equinus",11.880033,2.798231
"972",81248,"Hippotragus equinus",11.870715,2.93788
"973",81248,"Hippotragus equinus",11.871011,2.723235
"974",81248,"Hippotragus equinus",11.271957,2.046842
"975",81248,"Hippotragus equinus",11.921903,2.764293
"976",81248,"Hippotragus equinus",11.893316,2.725682
"977",81248,"Hippotragus equinus",11.630542,2.975346
"978",81248,"Hippotragus equinus",11.86789,2.833271
"979",81248,"Hippotragus equinus",11.887219,2.798231
"980",81248,"Hippotragus equinus",11.899144,2.836574
"981",81248,"Hippotragus equinus",11.913267,2.800373
"982",81248,"Hippotragus equinus",11.869997,2.963023
"983",81248,"Hippotragus equinus",11.778444,2.485208
"984",81248,"Hippotragus equinus",11.901253,2.959344
"985",81248,"Hippotragus equinus",11.785219,2.463093
"986",81248,"Hippotragus equinus",11.829662,2.926692
"987",81248,"Hippotragus equinus",11.901942,2.99688
"988",81248,"Hippotragus equinus",11.869757,2.956416
"989",81248,"Hippotragus equinus",11.829602,2.947774
"990",81248,"Hippotragus equinus",11.830028,2.931544
"991",81248,"Hippotragus equinus",11.806327,2.439288
"992",81248,"Hippotragus equinus",11.804219,2.443682
"993",81248,"Hippotragus equinus",11.793318,2.926557
"994",81248,"Hippotragus equinus",11.791969,2.960988
"995",81248,"Hippotragus equinus",11.837352,2.426543
"996",81248,"Hippotragus equinus",11.756665,2.935496
"997",81248,"Hippotragus equinus",11.855363,2.401176
"998",81248,"Hippotragus equinus",11.403625,2.081874
"999",81248,"Hippotragus equinus",11.934691,2.888388
"1000",81248,"Hippotragus equinus",11.983871,2.889945
"1001",81248,"Hippotragus equinus",11.870422,2.433583
"1002",81248,"Hippotragus equinus",11.93441,2.927342
"1003",81248,"Hippotragus equinus",11.987878,2.855973
"1004",81248,"Hippotragus equinus",11.345805,2.020112
"1005",81248,"Hippotragus equinus",11.95035,2.852152
"1006",81248,"Hippotragus equinus",11.986565,2.817657
"1007",81248,"Hippotragus equinus",11.970193,2.854231
"1008",81248,"Hippotragus equinus",11.991711,2.818818
"1009",81248,"Hippotragus equinus",11.994101,2.782253
"1010",81248,"Hippotragus equinus",11.989613,2.782497
"1011",81248,"Hippotragus equinus",11.976159,2.781299
"1012",81248,"Hippotragus equinus",11.861521,2.651742
"1013",81248,"Hippotragus equinus",11.875599,2.687775
"1014",81248,"Hippotragus equinus",11.791341,2.973727
"1015",81248,"Hippotragus equinus",11.886803,2.759007
"1016",81248,"Hippotragus equinus",11.920409,2.801841
"1017",81248,"Hippotragus equinus",11.925995,2.765177
"1018",81248,"Hippotragus equinus",11.934665,2.562936
"1019",81248,"Hippotragus equinus",11.91161,2.72813
"1020",81248,"Hippotragus equinus",11.888655,2.798996
"1021",81248,"Hippotragus equinus",11.895674,2.836544
"1022",81248,"Hippotragus equinus",11.527084,2.885514
"1023",81248,"Hippotragus equinus",11.875705,2.833882
"1024",81248,"Hippotragus equinus",11.917138,2.560736
"1025",81248,"Hippotragus equinus",11.900835,2.976997
"1026",81248,"Hippotragus equinus",11.867242,2.919228
"1027",81248,"Hippotragus equinus",11.562428,2.888785
"1028",81248,"Hippotragus equinus",11.829495,2.940011
"1029",81248,"Hippotragus equinus",11.829303,2.953467
"1030",81248,"Hippotragus equinus",11.609354,2.882215
"1031",81248,"Hippotragus equinus",11.757093,2.94771
"1032",81248,"Hippotragus equinus",11.791401,2.977918
"1033",81248,"Hippotragus equinus",11.829327,2.980463
"1034",81248,"Hippotragus equinus",11.756428,2.972775
"1035",81248,"Hippotragus equinus",11.939834,2.889425
"1036",81248,"Hippotragus equinus",11.79173,2.967343
"1037",81248,"Hippotragus equinus",11.829423,2.970353
"1038",81248,"Hippotragus equinus",11.93634,2.927205
"1039",81248,"Hippotragus equinus",11.756614,2.958165
"1040",81248,"Hippotragus equinus",11.982519,2.817534
"1041",81248,"Hippotragus equinus",11.981325,2.855392
"1042",81248,"Hippotragus equinus",11.870378,2.687013
"1043",81248,"Hippotragus equinus",11.857065,2.650979
"1044",81248,"Hippotragus equinus",11.900894,2.96537
"1045",81248,"Hippotragus equinus",11.866832,2.924225
"1046",81248,"Hippotragus equinus",11.792721,2.929833
"1047",81248,"Hippotragus equinus",11.89176,2.72556
"1048",81248,"Hippotragus equinus",11.869817,2.973206
"1049",81248,"Hippotragus equinus",11.79155,2.973761
"1050",81248,"Hippotragus equinus",11.339756,2.069704
"1051",81248,"Hippotragus equinus",11.791772,2.964814
"1052",81248,"Hippotragus equinus",11.301689,2.010072
"1053",81248,"Hippotragus equinus",11.756674,2.956271
"1054",81248,"Hippotragus equinus",11.97875,2.889908
"1055",81248,"Hippotragus equinus",11.921497,2.926289
"1056",81248,"Hippotragus equinus",11.966447,2.890495
"1057",81248,"Hippotragus equinus",11.966545,2.930158
"1058",81248,"Hippotragus equinus",11.756724,2.937207
"1059",81248,"Hippotragus equinus",11.994285,2.819185
"1060",81248,"Hippotragus equinus",11.955276,2.815086
"1061",81248,"Hippotragus equinus",11.949674,2.531249
"1062",81248,"Hippotragus equinus",11.985706,2.855594
"1063",81248,"Hippotragus equinus",11.948851,2.851768
"1064",81248,"Hippotragus equinus",11.966815,2.78044
"1065",81248,"Hippotragus equinus",11.864956,2.652579
"1066",81248,"Hippotragus equinus",11.87606,2.72356
"1067",81248,"Hippotragus equinus",11.912049,2.573347
"1068",81248,"Hippotragus equinus",11.642581,2.932696
"1069",81248,"Hippotragus equinus",11.593545,2.920216
"1070",81248,"Hippotragus equinus",11.983713,2.585787
"1071",81248,"Hippotragus equinus",11.833167,2.64535
"1072",81248,"Hippotragus equinus",11.887314,2.836041
"1073",81248,"Hippotragus equinus",11.903466,2.761483
"1074",81248,"Hippotragus equinus",11.539759,2.919376
"1075",81248,"Hippotragus equinus",11.900813,2.962722
"1076",81248,"Hippotragus equinus",11.867512,2.946882
"1077",81248,"Hippotragus equinus",11.79277,2.934206
"1078",81248,"Hippotragus equinus",11.829303,2.955782
"1079",81248,"Hippotragus equinus",11.866753,2.927196
"1080",81248,"Hippotragus equinus",11.955503,2.929317
"1081",81248,"Hippotragus equinus",11.829485,2.938712
"1082",81248,"Hippotragus equinus",11.952869,2.890139
"1083",81248,"Hippotragus equinus",11.928911,2.524076
"1084",81248,"Hippotragus equinus",11.41477,2.063633
"1085",81248,"Hippotragus equinus",11.95105,2.81478
"1086",81248,"Hippotragus equinus",11.984795,2.817778
"1087",81248,"Hippotragus equinus",11.756784,2.939806
"1088",81248,"Hippotragus equinus",11.948033,2.779408
"1089",81248,"Hippotragus equinus",11.85972,2.652304
"1090",81248,"Hippotragus equinus",11.826708,2.643792
"1091",81248,"Hippotragus equinus",11.979592,2.854906
"1092",81248,"Hippotragus equinus",11.911914,2.72762
"1093",81248,"Hippotragus equinus",11.784949,2.463794
"1094",81248,"Hippotragus equinus",11.942229,2.889884
"1095",81248,"Hippotragus equinus",11.875165,2.835246
"1096",81248,"Hippotragus equinus",11.848921,2.683008
"1097",81248,"Hippotragus equinus",11.935217,2.562446
"1098",81248,"Hippotragus equinus",11.919377,2.801967
"1099",81248,"Hippotragus equinus",11.919572,2.765177
"1100",81248,"Hippotragus equinus",11.946866,2.814658
"1101",81248,"Hippotragus equinus",11.989442,2.577267
"1102",81248,"Hippotragus equinus",11.961104,2.553146
"1103",81248,"Hippotragus equinus",11.877129,2.797897
"1104",81248,"Hippotragus equinus",11.975575,2.817044
"1105",81248,"Hippotragus equinus",11.950885,2.575527
"1106",81248,"Hippotragus equinus",11.829394,2.644647
"1107",81248,"Hippotragus equinus",-19.111911,27.204694
"1108",81248,"Hippotragus equinus",-14.226533,25.821447
"1109",81248,"Hippotragus equinus",-14.298489,25.934225
"1110",81248,"Hippotragus equinus",-14.302231,25.944414
"1111",81248,"Hippotragus equinus",-18.181246,21.692677
"1112",81248,"Hippotragus equinus",3.843206,29.249504
"1113",81248,"Hippotragus equinus",-6.667064,31.065789
"1114",81248,"Hippotragus equinus",12.492493,2.591534
"1115",81248,"Hippotragus equinus",12.40146,2.609579
"1116",81248,"Hippotragus equinus",12.399077,2.573128
"1117",81248,"Hippotragus equinus",12.387224,2.717242
"1118",81248,"Hippotragus equinus",12.364954,2.735285
"1119",81248,"Hippotragus equinus",12.388794,2.681252
"1120",81248,"Hippotragus equinus",12.47509,2.699259
"1121",81248,"Hippotragus equinus",12.396073,2.648065
"1122",81248,"Hippotragus equinus",12.400792,2.59409
"1123",81248,"Hippotragus equinus",12.389965,2.436992
"1124",81248,"Hippotragus equinus",12.462528,2.527201
"1125",81248,"Hippotragus equinus",12.469987,2.419327
"1126",81248,"Hippotragus equinus",12.323585,2.419211
"1127",81248,"Hippotragus equinus",12.315196,2.37317
"1128",81248,"Hippotragus equinus",12.220544,2.166357
"1129",81248,"Hippotragus equinus",12.332692,2.383221
"1130",81248,"Hippotragus equinus",12.386058,2.318854
"1131",81248,"Hippotragus equinus",12.274586,2.166472
"1132",81248,"Hippotragus equinus",12.238859,2.23419
"1133",81248,"Hippotragus equinus",12.341088,2.354997
"1134",81248,"Hippotragus equinus",12.238404,2.152235
"1135",81248,"Hippotragus equinus",12.22077,2.332521
"1136",81248,"Hippotragus equinus",12.166789,2.272698
"1137",81248,"Hippotragus equinus",12.238408,2.320611
"1138",81248,"Hippotragus equinus",12.062978,2.283798
"1139",81248,"Hippotragus equinus",12.18463,2.264694
"1140",81248,"Hippotragus equinus",12.135308,2.357181
"1141",81248,"Hippotragus equinus",12.099183,2.32244
"1142",81248,"Hippotragus equinus",-18.121632,23.525768
"1143",81248,"Hippotragus equinus",-15.8333,17.85
"1144",81248,"Hippotragus equinus",-18.5,24
"1146",81248,"Hippotragus equinus",-18.5333,20.8333
"1147",81248,"Hippotragus equinus",-26.674766,31.750832
"1148",81248,"Hippotragus equinus",-18.43141,21.886139
"1149",81248,"Hippotragus equinus",-25.775314,28.17461
"1150",81248,"Hippotragus equinus",-20.422991,17.331963
"1152",81248,"Hippotragus equinus",11.12645,1.712717
"1153",81248,"Hippotragus equinus",11.577333,1.465472
"1154",81248,"Hippotragus equinus",11.569917,1.458194
"1155",81248,"Hippotragus equinus",11.581167,1.453944
"1156",81248,"Hippotragus equinus",11.558217,1.454315
"1157",81248,"Hippotragus equinus",-10.581388,33.762921
"1158",81248,"Hippotragus equinus",-10.578689,33.797253
"1159",81248,"Hippotragus equinus",11.2556,1.556867
"1160",81248,"Hippotragus equinus",11.385483,1.611933
"1161",81248,"Hippotragus equinus",11.1072,1.7461
"1163",81248,"Hippotragus equinus",11.25599,1.55487
"1164",81248,"Hippotragus equinus",-28.737137,24.835835
"1165",81248,"Hippotragus equinus",-28.668853,24.915471
"1166",81248,"Hippotragus equinus",-18.573036,24.071732
"1167",81248,"Hippotragus equinus",8.597316,14.576111
"1168",81248,"Hippotragus equinus",-18.190216,25.397644
"1169",81248,"Hippotragus equinus",-19.054979,20.716352
"1173",81248,"Hippotragus equinus",-16.154007,27.553711
"1174",81248,"Hippotragus equinus",-18.505737,20.761328
"1175",81248,"Hippotragus equinus",8.767315,-3.810001
"1176",81248,"Hippotragus equinus",-21.018326,16.425518
"1177",81248,"Hippotragus equinus",-18.093094,23.382532
"1178",81248,"Hippotragus equinus",8.211491,13.870239
"1179",81248,"Hippotragus equinus",-19.116625,23.827286
"1180",81248,"Hippotragus equinus",-23.323301,17.014811
"1181",81248,"Hippotragus equinus",-25.162979,31.617205
"1182",81248,"Hippotragus equinus",-20.653988,17.032928
"1183",81248,"Hippotragus equinus",-19.24338,23.264414
"1184",81248,"Hippotragus equinus",11.25059,1.535553
"1185",81248,"Hippotragus equinus",11.142111,1.794556
"1186",81248,"Hippotragus equinus",11.229,1.887583
"1187",81248,"Hippotragus equinus",11.147944,1.783139
"1188",81248,"Hippotragus equinus",11.046139,1.034278
"1189",81248,"Hippotragus equinus",11.232474,1.882849
"1190",81248,"Hippotragus equinus",11.015639,1.051139
"1192",81248,"Hippotragus equinus",11.345528,1.613556
"1193",81248,"Hippotragus equinus",11.374139,1.9015
"1194",81248,"Hippotragus equinus",11.339333,1.615389
"1195",81248,"Hippotragus equinus",11.377639,1.902528
"1196",81248,"Hippotragus equinus",11.428333,1.47225
"1197",81248,"Hippotragus equinus",11.426361,1.471639
"1198",81248,"Hippotragus equinus",11.4365,1.474222
"1199",81248,"Hippotragus equinus",11.097722,1.498333
"1200",81248,"Hippotragus equinus",11.402167,1.740306
"1203",81248,"Hippotragus equinus",11.385,1.611861
"1204",81248,"Hippotragus equinus",11.095139,1.491194
"1205",81248,"Hippotragus equinus",11.433389,1.474111
"1206",81248,"Hippotragus equinus",11.4065,1.739389
"1207",81248,"Hippotragus equinus",11.385778,1.610222
"1208",81248,"Hippotragus equinus",11.383083,1.614183
"1209",81248,"Hippotragus equinus",11.2306,1.885167
"1210",81248,"Hippotragus equinus",11.097767,1.499733
"1211",81248,"Hippotragus equinus",11.097183,1.502483
"1212",81248,"Hippotragus equinus",11.3721,1.901317
"1213",81248,"Hippotragus equinus",11.32495,1.623883
"1214",81248,"Hippotragus equinus",11.3779,1.902633
"1215",81248,"Hippotragus equinus",11.09645,1.48155
"1216",81248,"Hippotragus equinus",10.992837,1.191813
"1217",81248,"Hippotragus equinus",11.43522,1.4712
"1218",81248,"Hippotragus equinus",11.3939,1.403165
"1219",81248,"Hippotragus equinus",11.426329,1.471063
"1220",81248,"Hippotragus equinus",11.003029,1.189737
"1221",81248,"Hippotragus equinus",11.435399,1.472798
"1222",81248,"Hippotragus equinus",10.891508,1.324987
"1224",81248,"Hippotragus equinus",11.040475,1.040483
"1225",81248,"Hippotragus equinus",10.888579,1.322946
"1226",81248,"Hippotragus equinus",11.299788,1.576895
"1228",81248,"Hippotragus equinus",11.071245,1.682276
"1229",81248,"Hippotragus equinus",11.071006,1.681396
"1230",81248,"Hippotragus equinus",11.070274,1.69036
"1232",81248,"Hippotragus equinus",11.068997,1.688416
"1234",81248,"Hippotragus equinus",11.062135,1.666722
"1235",81248,"Hippotragus equinus",11.233698,1.537356
"1236",81248,"Hippotragus equinus",11.23398,1.415605
"1237",81248,"Hippotragus equinus",11.397389,1.930284
"1238",81248,"Hippotragus equinus",11.068692,1.690604
"1239",81248,"Hippotragus equinus",11.438583,1.474225
"1240",81248,"Hippotragus equinus",11.05011,1.501919
"1242",81248,"Hippotragus equinus",11.380583,1.904918
"1243",81248,"Hippotragus equinus",11.056391,1.504698
"1244",81248,"Hippotragus equinus",11.150048,1.797842
"1245",81248,"Hippotragus equinus",11.254119,1.529597
"1247",81248,"Hippotragus equinus",10.952924,1.401562
"1248",81248,"Hippotragus equinus",10.952392,1.398252
"1249",81248,"Hippotragus equinus",11.35775,1.922583
"1250",81248,"Hippotragus equinus",11.205664,1.855415
"1251",81248,"Hippotragus equinus",11.29714,1.572024
"1252",81248,"Hippotragus equinus",11.297137,1.572032
"1253",81248,"Hippotragus equinus",11.296863,1.572501
"1254",81248,"Hippotragus equinus",11.257276,1.529168
"1257",81248,"Hippotragus equinus",10.985644,1.510068
"1258",81248,"Hippotragus equinus",11.157174,1.75561
"1261",81248,"Hippotragus equinus",11.052619,1.52284
"1262",81248,"Hippotragus equinus",10.903971,1.416338
"1263",81248,"Hippotragus equinus",11.297084,1.571662
"1265",81248,"Hippotragus equinus",11.378307,1.642456
"1266",81248,"Hippotragus equinus",11.027533,1.125138
"1267",81248,"Hippotragus equinus",11.340609,1.576538
"1268",81248,"Hippotragus equinus",11.297145,1.572024
"1269",81248,"Hippotragus equinus",11.0631,1.024475
"1270",81248,"Hippotragus equinus",11.050778,1.031607
"1272",81248,"Hippotragus equinus",11.204391,1.505911
"1273",81248,"Hippotragus equinus",11.38943,1.624031
"1274",81248,"Hippotragus equinus",11.379608,1.376683
"1275",81248,"Hippotragus equinus",11.415585,1.578596
"1276",81248,"Hippotragus equinus",-17.9269,24.8162
"1277",81248,"Hippotragus equinus",-24.098699,31.53911
"1278",81248,"Hippotragus equinus",11.19094,1.53619
"1279",81248,"Hippotragus equinus",11.21121,1.51139
"1280",81248,"Hippotragus equinus",11.18014,1.15891
"1281",81248,"Hippotragus equinus",11.21712,1.19862
"1282",81248,"Hippotragus equinus",11.37786,1.59111
"1283",81248,"Hippotragus equinus",11.20113,1.19817
"1284",81248,"Hippotragus equinus",11.197,1.70055
"1285",81248,"Hippotragus equinus",11.31373,1.58502
"1286",81248,"Hippotragus equinus",11.35512,1.58809
"1287",81248,"Hippotragus equinus",11.37836,1.71993
"1288",81248,"Hippotragus equinus",11.36986,1.61106
"1289",81248,"Hippotragus equinus",11.22102,1.72181
"1290",81248,"Hippotragus equinus",11.2206,1.71799
"1291",81248,"Hippotragus equinus",11.19114,1.11713
"1292",81248,"Hippotragus equinus",11.1802,1.52106
"1293",81248,"Hippotragus equinus",11.17211,1.11703
"1294",81248,"Hippotragus equinus",11.37026,1.69817
"1295",81248,"Hippotragus equinus",11.17158,1.1171
"1296",81248,"Hippotragus equinus",11.18313,1.18639
"1297",81248,"Hippotragus equinus",11.27903,1.91172
"1298",81248,"Hippotragus equinus",11.06333,1.17193
"1299",81248,"Hippotragus equinus",11.09269,1.12919
"1300",81248,"Hippotragus equinus",11.11059,1.56206
"1301",81248,"Hippotragus equinus",11.05183,1.19758
"1302",81248,"Hippotragus equinus",11.09523,1.38298
"1303",81248,"Hippotragus equinus",11.35239,1.38217
"1304",81248,"Hippotragus equinus",11.38373,1.62352
"1305",81248,"Hippotragus equinus",11.19568,1.11713
"1306",81248,"Hippotragus equinus",11.11082,1.17716
"1307",81248,"Hippotragus equinus",11.13815,1.17106
"1308",81248,"Hippotragus equinus",10.89268,1.22323
"1309",81248,"Hippotragus equinus",11.137,1.12021
"1311",81248,"Hippotragus equinus",11.06881,1.3822
"1312",81248,"Hippotragus equinus",11.17117,1.1313
"1313",81248,"Hippotragus equinus",11.10131,1.12805
"1314",81248,"Hippotragus equinus",11.21823,1.58828
"1315",81248,"Hippotragus equinus",11.01637,1.38012
"1316",81248,"Hippotragus equinus",11.27507,1.88567
"1317",81248,"Hippotragus equinus",11.11217,1.77858
"1318",81248,"Hippotragus equinus",11.21628,1.33219
"1319",81248,"Hippotragus equinus",11.15103,1.13109
"1320",81248,"Hippotragus equinus",11.11388,1.19873
"1321",81248,"Hippotragus equinus",11.13327,1.53653
"1322",81248,"Hippotragus equinus",11.005,1.13753
"1323",81248,"Hippotragus equinus",11.38676,1.75152
"1324",81248,"Hippotragus equinus",11.09071,1.61318
"1325",81248,"Hippotragus equinus",11.03961,1.3271
"1326",81248,"Hippotragus equinus",11.13969,1.19337
"1327",81248,"Hippotragus equinus",11.13817,1.51366
"1328",81248,"Hippotragus equinus",11.20732,1.51981
"1329",81248,"Hippotragus equinus",11.18718,1.39589
"1330",81248,"Hippotragus equinus",11.05707,1.35219
"1331",81248,"Hippotragus equinus",11.18186,1.51956
"1332",81248,"Hippotragus equinus",11.37238,1.65056
"1333",81248,"Hippotragus equinus",11.18594,1.58811
"1334",81248,"Hippotragus equinus",11.18198,1.53217
"1335",81248,"Hippotragus equinus",11.1162,1.57196
"1336",81248,"Hippotragus equinus",11.05006,1.08091
"1337",81248,"Hippotragus equinus",10.98178,1.28909
"1338",81248,"Hippotragus equinus",11.2001,1.60074
"1339",81248,"Hippotragus equinus",11.03739,1.02313
"1340",81248,"Hippotragus equinus",11.35652,1.68821
"1341",81248,"Hippotragus equinus",11.18629,1.5881
"1342",81248,"Hippotragus equinus",11.11827,1.72198
"1343",81248,"Hippotragus equinus",11.21823,1.19137
"1344",81248,"Hippotragus equinus",11.38191,1.7517
"1345",81248,"Hippotragus equinus",11.07301,1.36086
"1346",81248,"Hippotragus equinus",11.00212,1.30337
"1347",81248,"Hippotragus equinus",11.12711,1.3827
"1348",81248,"Hippotragus equinus",11.36561,1.51697
"1349",81248,"Hippotragus equinus",11.00812,1.10325
"1350",81248,"Hippotragus equinus",11.10712,1.11366
"1351",81248,"Hippotragus equinus",11.13296,1.52233
"1352",81248,"Hippotragus equinus",11.22004,1.56258
"1353",81248,"Hippotragus equinus",11.26517,1.5801
"1354",81248,"Hippotragus equinus",11.36506,1.5568
"1355",81248,"Hippotragus equinus",10.8628,1.3716
"1356",81248,"Hippotragus equinus",11.0582,1.61301
"1357",81248,"Hippotragus equinus",11.03033,1.56197
"1358",81248,"Hippotragus equinus",11.03891,1.15912
"1359",81248,"Hippotragus equinus",10.91999,1.23633
"1360",81248,"Hippotragus equinus",10.88694,1.28034
"1361",81248,"Hippotragus equinus",11.37356,1.85026
"1362",81248,"Hippotragus equinus",11.33917,1.36098
"1363",81248,"Hippotragus equinus",11.13971,1.11702
"1364",81248,"Hippotragus equinus",10.86851,1.30813
"1365",81248,"Hippotragus equinus",11.18322,1.62619
"1366",81248,"Hippotragus equinus",10.85973,1.36155
"1367",81248,"Hippotragus equinus",11.11852,1.36966
"1368",81248,"Hippotragus equinus",11.15014,1.51093
"1369",81248,"Hippotragus equinus",10.8253,1.3822
"1370",81248,"Hippotragus equinus",11.25111,1.55125
"1371",81248,"Hippotragus equinus",11.22772,1.55004
"1372",81248,"Hippotragus equinus",11.05127,1.59025
"1373",81248,"Hippotragus equinus",11.07612,1.26625
"1374",81248,"Hippotragus equinus",10.88079,1.86775
"1375",81248,"Hippotragus equinus",11.39705,1.77854
"1376",81248,"Hippotragus equinus",10.85014,1.38653
"1377",81248,"Hippotragus equinus",11.11978,1.53729
"1378",81248,"Hippotragus equinus",11.07921,1.12073
"1379",81248,"Hippotragus equinus",11.13289,1.50733
"1380",81248,"Hippotragus equinus",10.88095,1.3776
"1381",81248,"Hippotragus equinus",11.12158,1.51081
"1382",81248,"Hippotragus equinus",11.12511,1.52368
"1383",81248,"Hippotragus equinus",10.90107,1.2265
"1384",81248,"Hippotragus equinus",11.06316,1.21812
"1385",81248,"Hippotragus equinus",11.19867,1.58816
"1386",81248,"Hippotragus equinus",11.39235,1.8319
"1387",81248,"Hippotragus equinus",11.11193,1.51733
"1388",81248,"Hippotragus equinus",11.1381,1.18801
"1389",81248,"Hippotragus equinus",11.11363,1.16778
"1390",81248,"Hippotragus equinus",11.12256,1.11571
"1391",81248,"Hippotragus equinus",11.16387,1.53671
"1392",81248,"Hippotragus equinus",11.12682,1.12191
"1393",81248,"Hippotragus equinus",11.21092,1.51996
"1394",81248,"Hippotragus equinus",11.1272,1.56202
"1395",81248,"Hippotragus equinus",11.13982,1.19817
"1396",81248,"Hippotragus equinus",11.38191,1.77829
"1397",81248,"Hippotragus equinus",11.00339,1.57056
"1398",81248,"Hippotragus equinus",11.21688,1.27556
"1399",81248,"Hippotragus equinus",11.26814,1.3012
"1400",81248,"Hippotragus equinus",11.21388,1.19803
"1401",81248,"Hippotragus equinus",11.16119,1.56212
"1402",81248,"Hippotragus equinus",10.81215,1.35927
"1403",81248,"Hippotragus equinus",11.13796,1.56191
"1405",81248,"Hippotragus equinus",11.09796,1.86776
"1406",81248,"Hippotragus equinus",11.01871,1.1719
"1407",81248,"Hippotragus equinus",10.95515,1.08291
"1408",81248,"Hippotragus equinus",11.09093,1.38301
"1409",81248,"Hippotragus equinus",11.15112,1.75276
"1410",81248,"Hippotragus equinus",11.03101,1.17161
"1411",81248,"Hippotragus equinus",11.05566,1.17093
"1412",81248,"Hippotragus equinus",11.10001,1.86776
"1413",81248,"Hippotragus equinus",11.22171,1.57518
"1414",81248,"Hippotragus equinus",11.11901,1.11931
"1415",81248,"Hippotragus equinus",11.07379,1.61311
"1416",81248,"Hippotragus equinus",11.28068,1.58101
"1417",81248,"Hippotragus equinus",11.0789,1.39197
"1418",81248,"Hippotragus equinus",11.11767,1.86776
"1419",81248,"Hippotragus equinus",11.11179,1.21519
"1420",81248,"Hippotragus equinus",11.18155,1.56232
"1421",81248,"Hippotragus equinus",11.13353,1.11211
"1422",81248,"Hippotragus equinus",11.05962,1.61303
"1423",81248,"Hippotragus equinus",11.17315,1.11695
"1424",81248,"Hippotragus equinus",11.37133,1.68276
"1425",81248,"Hippotragus equinus",11.15923,1.17961
"1426",81248,"Hippotragus equinus",11.15168,1.11517
"1427",81248,"Hippotragus equinus",11.01751,1.27333
"1428",81248,"Hippotragus equinus",11.103,1.3951
"1429",81248,"Hippotragus equinus",11.21298,1.51996
"1430",81248,"Hippotragus equinus",11.00115,1.3578
"1431",81248,"Hippotragus equinus",11.32025,1.61952
"1432",81248,"Hippotragus equinus",11.1128,1.12117
"1433",81248,"Hippotragus equinus",10.88909,1.86775
"1434",81248,"Hippotragus equinus",11.12651,1.16751
"1435",81248,"Hippotragus equinus",11.17936,1.56238
"1436",81248,"Hippotragus equinus",11.01193,1.09159
"1437",81248,"Hippotragus equinus",11.16855,1.62618
"1438",81248,"Hippotragus equinus",11.0277,1.38107
"1439",81248,"Hippotragus equinus",11.19639,1.56237
"1440",81248,"Hippotragus equinus",11.1182,1.15963
"1441",81248,"Hippotragus equinus",11.0893,1.66131
"1442",81248,"Hippotragus equinus",11.17201,1.57512
"1443",81248,"Hippotragus equinus",11.12708,1.30578
"1444",81248,"Hippotragus equinus",11.13213,1.15905
"1445",81248,"Hippotragus equinus",11.09053,1.65151
"1446",81248,"Hippotragus equinus",11.09138,1.58761
"1447",81248,"Hippotragus equinus",11.21069,1.58825
"1448",81248,"Hippotragus equinus",11.08091,1.17706
"1449",81248,"Hippotragus equinus",11.07757,1.57165
"1450",81248,"Hippotragus equinus",11.11119,1.51957
"1451",81248,"Hippotragus equinus",11.28922,1.91171
"1452",81248,"Hippotragus equinus",11.39915,1.55018
"1453",81248,"Hippotragus equinus",11.3806,1.63251
"1454",81248,"Hippotragus equinus",11.64697,2.195262
"1455",81248,"Hippotragus equinus",11.111112,2.221123
"1456",81248,"Hippotragus equinus",11.757207,2.52257
"1457",81248,"Hippotragus equinus",11.091443,2.231266
"1458",81248,"Hippotragus equinus",11.511666,2.225568
"1459",81248,"Hippotragus equinus",11.018412,2.222213
"1460",81248,"Hippotragus equinus",11.393643,2.98706
"1461",81248,"Hippotragus equinus",11.145184,2.255237
"1462",81248,"Hippotragus equinus",11.724046,2.277522
"1463",81248,"Hippotragus equinus",11.145302,2.228782
"1464",81248,"Hippotragus equinus",11.354351,2.962969
"1465",81248,"Hippotragus equinus",11.649208,2.195787
"1466",81248,"Hippotragus equinus",11.711538,2.528271
"1467",81248,"Hippotragus equinus",11.721412,2.522523
"1468",81248,"Hippotragus equinus",11.542311,2.281865
"1469",81248,"Hippotragus equinus",11.013407,2.38211
"1470",81248,"Hippotragus equinus",11.507928,2.998887
"1471",81248,"Hippotragus equinus",11.131748,2.269297
"1472",81248,"Hippotragus equinus",11.110247,2.22679
"1473",81248,"Hippotragus equinus",11.021967,2.288528
"1474",81248,"Hippotragus equinus",11.129954,2.213368
"1475",81248,"Hippotragus equinus",11.093316,2.210159
"1476",81248,"Hippotragus equinus",11.259232,2.260212
"1477",81248,"Hippotragus equinus",11.492038,2.999822
"1478",81248,"Hippotragus equinus",11.177073,2.270183
"1479",81248,"Hippotragus equinus",11.811711,2.782212
"1480",81248,"Hippotragus equinus",11.27007,2.222512
"1481",81248,"Hippotragus equinus",11.116588,2.782871
"1482",81248,"Hippotragus equinus",11.231995,2.259594
"1483",81248,"Hippotragus equinus",11.277263,2.379722
"1484",81248,"Hippotragus equinus",11.216529,2.202961
"1485",81248,"Hippotragus equinus",11.248582,2.260011
"1486",81248,"Hippotragus equinus",11.18002,2.298392
"1487",81248,"Hippotragus equinus",11.313788,2.295768
"1488",81248,"Hippotragus equinus",11.355094,2.3137
"1489",81248,"Hippotragus equinus",11.278065,2.227858
"1490",81248,"Hippotragus equinus",11.273265,2.311827
"1491",81248,"Hippotragus equinus",11.215573,2.137799
"1492",81248,"Hippotragus equinus",11.112711,2.76523
"1493",81248,"Hippotragus equinus",11.150066,2.170669
"1494",81248,"Hippotragus equinus",11.20149,2.327918
"1495",81248,"Hippotragus equinus",11.303162,2.017111
"1496",81248,"Hippotragus equinus",11.184403,2.339221
"1497",81248,"Hippotragus equinus",11.187912,2.386257
"1498",81248,"Hippotragus equinus",11.26938,2.950986
"1500",81248,"Hippotragus equinus",11.426925,2.015223
"1501",81248,"Hippotragus equinus",11.145211,2.255264
"1502",81248,"Hippotragus equinus",11.338772,2.920722
"1505",81248,"Hippotragus equinus",11.18785,2.396733
"1509",81248,"Hippotragus equinus",11.330789,2.123363
"1510",81248,"Hippotragus equinus",11.146075,2.225022
"1515",81248,"Hippotragus equinus",11.198886,2.29833
"1516",81248,"Hippotragus equinus",11.129357,2.192062
"1518",81248,"Hippotragus equinus",11.131601,2.252294
"1520",81248,"Hippotragus equinus",11.314379,2.505623
"1522",81248,"Hippotragus equinus",11.01826,2.205523
"1523",81248,"Hippotragus equinus",11.711623,2.566292
"1524",81248,"Hippotragus equinus",11.074943,2.286652
"1526",81248,"Hippotragus equinus",11.093334,2.210123
"1527",81248,"Hippotragus equinus",11.302013,2.926911
"1528",81248,"Hippotragus equinus",11.511705,2.227112
"1529",81248,"Hippotragus equinus",11.393608,2.987069
"1530",81248,"Hippotragus equinus",11.811607,2.802152
"1531",81248,"Hippotragus equinus",11.020472,2.280129
"1532",81248,"Hippotragus equinus",11.671847,2.291293
"1533",81248,"Hippotragus equinus",11.393972,2.019524
"1534",81248,"Hippotragus equinus",11.542112,2.287128
"1535",81248,"Hippotragus equinus",11.277205,2.372652
"1536",81248,"Hippotragus equinus",11.26955,2.928681
"1537",81248,"Hippotragus equinus",11.165702,2.237768
"1538",81248,"Hippotragus equinus",11.287117,2.928221
"1540",81248,"Hippotragus equinus",11.18924,2.333537
"1541",81248,"Hippotragus equinus",11.250443,2.151252
"1542",81248,"Hippotragus equinus",11.111113,2.27753
"1543",81248,"Hippotragus equinus",11.186181,2.377503
"1544",81248,"Hippotragus equinus",11.757023,2.527872
"1545",81248,"Hippotragus equinus",11.112446,2.799223
"1546",81248,"Hippotragus equinus",11.427624,2.012289
"1547",81248,"Hippotragus equinus",11.259441,2.282288
"1548",81248,"Hippotragus equinus",11.74701,2.279792
"1549",81248,"Hippotragus equinus",11.262006,2.223251
"1550",81248,"Hippotragus equinus",11.84475,2.74364
"1551",81248,"Hippotragus equinus",11.727944,2.726056
"1552",81248,"Hippotragus equinus",11.87492,2.72545
"1553",81248,"Hippotragus equinus",11.88766,2.70704
"1554",81248,"Hippotragus equinus",11.78645,2.58156
"1555",81248,"Hippotragus equinus",11.74659,2.65422
"1556",81248,"Hippotragus equinus",11.54681,2.70836
"1557",81248,"Hippotragus equinus",11.289917,2.0916
"1558",81248,"Hippotragus equinus",11.69215,2.76235
"1559",81248,"Hippotragus equinus",11.289933,2.081
"1560",81248,"Hippotragus equinus",11.9317,2.77942
"1561",81248,"Hippotragus equinus",11.41623,2.06601
"1562",81248,"Hippotragus equinus",11.253783,1.978767
"1563",81248,"Hippotragus equinus",12.1769,2.72525
"1564",81248,"Hippotragus equinus",11.85445,2.43475
"1565",81248,"Hippotragus equinus",11.181933,2.00835
"1566",81248,"Hippotragus equinus",11.56544,2.73312
"1567",81248,"Hippotragus equinus",11.63523,2.61826
"1568",81248,"Hippotragus equinus",11.65996,2.63686
"1569",81248,"Hippotragus equinus",11.88802,2.65408
"1570",81248,"Hippotragus equinus",11.99898,2.51521
"1571",81248,"Hippotragus equinus",11.382517,2.1116
"1572",81248,"Hippotragus equinus",11.93393,2.65432
"1573",81248,"Hippotragus equinus",11.781833,2.672517
"1574",81248,"Hippotragus equinus",11.66292,2.30347
"1575",81248,"Hippotragus equinus",11.46436,2.10903
"1576",81248,"Hippotragus equinus",11.638067,2.738967
"1577",81248,"Hippotragus equinus",11.7648,2.337033
"1578",81248,"Hippotragus equinus",11.638283,2.817317
"1579",81248,"Hippotragus equinus",11.86014,2.63649
"1580",81248,"Hippotragus equinus",11.81784,2.61817
"1581",81248,"Hippotragus equinus",11.96497,2.76178
"1582",81248,"Hippotragus equinus",11.83586,2.65436
"1583",81248,"Hippotragus equinus",11.270083,1.998833
"1584",81248,"Hippotragus equinus",11.65569,2.763831
"1585",81248,"Hippotragus equinus",11.8156,2.77984
"1586",81248,"Hippotragus equinus",11.90732,2.7812
"1587",81248,"Hippotragus equinus",12.21244,2.45284
"1588",81248,"Hippotragus equinus",11.94767,2.6544
"1589",81248,"Hippotragus equinus",11.95858,2.67172
"1590",81248,"Hippotragus equinus",11.9232,2.46374
"1591",81248,"Hippotragus equinus",11.7467,2.80848
"1592",81248,"Hippotragus equinus",11.11006,1.99371
"1593",81248,"Hippotragus equinus",11.86298,2.78875
"1594",81248,"Hippotragus equinus",11.981,2.49198
"1595",81248,"Hippotragus equinus",11.891183,2.570767
"1596",81248,"Hippotragus equinus",11.81953,2.79551
"1597",81248,"Hippotragus equinus",11.83652,2.74363
"1598",81248,"Hippotragus equinus",12.01203,2.6186
"1599",81248,"Hippotragus equinus",11.235967,1.961783
"1600",81248,"Hippotragus equinus",12.19041,2.76165
"1601",81248,"Hippotragus equinus",11.94555,2.51215
"1602",81248,"Hippotragus equinus",11.85293,2.78896
"1603",81248,"Hippotragus equinus",11.218944,2.033306
"1604",81248,"Hippotragus equinus",11.92072,2.68973
"1605",81248,"Hippotragus equinus",11.38095,2.1226
"1606",81248,"Hippotragus equinus",11.85479,2.53946
"1607",81248,"Hippotragus equinus",11.60075,2.857167
"1608",81248,"Hippotragus equinus",11.344183,2.0155
"1609",81248,"Hippotragus equinus",11.9407,2.8516
"1610",81248,"Hippotragus equinus",11.74745,2.672517
"1611",81248,"Hippotragus equinus",11.19985,1.94265
"1612",81248,"Hippotragus equinus",11.44636,2.13317
"1613",81248,"Hippotragus equinus",11.18195,1.959883
"1614",81248,"Hippotragus equinus",11.37405,2.251933
"1615",81248,"Hippotragus equinus",11.30765,2.02671
"1616",81248,"Hippotragus equinus",11.99898,2.47441
"1617",81248,"Hippotragus equinus",11.90872,2.99205
"1618",81248,"Hippotragus equinus",11.85471,2.97678
"1619",81248,"Hippotragus equinus",11.344217,2.0191
"1620",81248,"Hippotragus equinus",11.7985,2.76154
"1621",81248,"Hippotragus equinus",11.76489,2.76073
"1622",81248,"Hippotragus equinus",11.46452,2.2086
"1623",81248,"Hippotragus equinus",11.25455,1.9895
"1624",81248,"Hippotragus equinus",12.15296,2.60001
"1625",81248,"Hippotragus equinus",11.72861,2.34439
"1626",81248,"Hippotragus equinus",11.28765,2.10105
"1627",81248,"Hippotragus equinus",11.78245,2.51605
"1628",81248,"Hippotragus equinus",11.92794,2.61826
"1629",81248,"Hippotragus equinus",11.69267,2.869
"1630",81248,"Hippotragus equinus",11.48266,2.15955
"1631",81248,"Hippotragus equinus",11.584033,2.8663
"1632",81248,"Hippotragus equinus",11.87274,2.94328
"1633",81248,"Hippotragus equinus",11.90139,2.63654
"1634",81248,"Hippotragus equinus",11.68585,2.581167
"1635",81248,"Hippotragus equinus",11.9844,2.59992
"1636",81248,"Hippotragus equinus",11.83696,2.93689
"1637",81248,"Hippotragus equinus",12.00101,2.58222
"1638",81248,"Hippotragus equinus",12.02476,2.81626
"1639",81248,"Hippotragus equinus",12.05327,2.46639
"1640",81248,"Hippotragus equinus",11.74651,2.36667
"1641",81248,"Hippotragus equinus",11.583983,2.80995
"1642",81248,"Hippotragus equinus",11.89066,2.98904
"1643",81248,"Hippotragus equinus",11.511417,2.7523
"1644",81248,"Hippotragus equinus",11.62035,2.841283
"1645",81248,"Hippotragus equinus",11.269278,1.979722
"1646",81248,"Hippotragus equinus",11.6924,2.802017
"1647",81248,"Hippotragus equinus",12.21369,2.72527
"1648",81248,"Hippotragus equinus",11.289933,2.04375
"1649",81248,"Hippotragus equinus",11.92671,2.42258
"1650",81248,"Hippotragus equinus",11.71221,2.49306
"1651",81248,"Hippotragus equinus",11.48201,2.21258
"1652",81248,"Hippotragus equinus",11.218017,1.998283
"1653",81248,"Hippotragus equinus",11.6256,2.327167
"1654",81248,"Hippotragus equinus",11.464333,2.229117
"1655",81248,"Hippotragus equinus",11.692333,2.80495
"1656",81248,"Hippotragus equinus",11.445111,2.275722
"1657",81248,"Hippotragus equinus",11.5362,2.90284
"1658",81248,"Hippotragus equinus",11.53619,2.97775
"1659",81248,"Hippotragus equinus",11.81857,2.41385
"1660",81248,"Hippotragus equinus",11.44645,2.17842
"1661",81248,"Hippotragus equinus",11.626033,2.267867
"1662",81248,"Hippotragus equinus",11.87265,2.473017
"1663",81248,"Hippotragus equinus",12.11708,2.9004
"1664",81248,"Hippotragus equinus",11.872567,2.473017
"1665",81248,"Hippotragus equinus",11.620717,2.868383
"1666",81248,"Hippotragus equinus",12.10721,2.43717
"1667",81248,"Hippotragus equinus",11.7056,2.546667
"1668",81248,"Hippotragus equinus",11.554117,2.308667
"1669",81248,"Hippotragus equinus",11.3442,2.106033
"1670",81248,"Hippotragus equinus",11.882472,2.435639
"1671",81248,"Hippotragus equinus",11.880472,2.41975
"1672",81248,"Hippotragus equinus",11.10926,1.92182
"1673",81248,"Hippotragus equinus",12.179,2.40978
"1674",81248,"Hippotragus equinus",11.62397,2.91024
"1675",81248,"Hippotragus equinus",11.85004,2.59986
"1676",81248,"Hippotragus equinus",11.95707,2.93971
"1677",81248,"Hippotragus equinus",11.59025,2.88416
"1678",81248,"Hippotragus equinus",11.11004,1.99379
"1679",81248,"Hippotragus equinus",11.55449,2.88237
"1680",81248,"Hippotragus equinus",11.95337,2.96142
"1681",81248,"Hippotragus equinus",12.01728,2.50839
"1682",81248,"Hippotragus equinus",11.53619,2.8922
"1683",81248,"Hippotragus equinus",11.57278,2.87817
"1684",81248,"Hippotragus equinus",11.96464,2.96146
"1685",81248,"Hippotragus equinus",11.64171,2.88659
"1686",81248,"Hippotragus equinus",11.344217,2.1199
"1687",81248,"Hippotragus equinus",12.08914,2.53333
"1688",81248,"Hippotragus equinus",12.01728,2.88822
"1689",81248,"Hippotragus equinus",12.15217,2.52599
"1690",81248,"Hippotragus equinus",12.1588,2.52605
"1691",81248,"Hippotragus equinus",11.92793,2.86988
"1692",81248,"Hippotragus equinus",11.97831,2.97967
"1693",81248,"Hippotragus equinus",11.94191,2.86989
"1694",81248,"Hippotragus equinus",12.04259,2.95899
"1695",81248,"Hippotragus equinus",11.90883,2.5732
"1696",81248,"Hippotragus equinus",11.71574,2.56446
"1697",81248,"Hippotragus equinus",12.05296,2.46221
"1698",81248,"Hippotragus equinus",11.94529,2.44484
"1699",81248,"Hippotragus equinus",12.07163,2.45518
"1700",81248,"Hippotragus equinus",11.5902,2.89708
"1701",81248,"Hippotragus equinus",11.6447,2.92417
"1702",81248,"Hippotragus equinus",12.16128,2.41231
"1703",81248,"Hippotragus equinus",3.919,29.304
"1704",81248,"Hippotragus equinus",11.195882,1.613068
"1705",81248,"Hippotragus equinus",11.172685,1.461068
"1707",81248,"Hippotragus equinus",11.161117,-1.615284
"1708",81248,"Hippotragus equinus",-15.539534,28.331655
"1709",81248,"Hippotragus equinus",-10.575459,33.757401
"1710",81248,"Hippotragus equinus",32.03,-115.93
