"","taxon_id","taxon_name","decimal_latitude","decimal_longitude"
"1",80540,"Mazama americana",18.419107,-88.790563
"2",80540,"Mazama americana",-16.698525,-56.836853
"3",80540,"Mazama americana",6.17,-61.35
"4",80540,"Mazama americana",4.01933,-54.28637
"8",80540,"Mazama americana",3.66137,-53.20566
"9",80540,"Mazama americana",3.66114,-53.29564
"10",80540,"Mazama americana",5.28947,-52.93997
"13",80540,"Mazama americana",4.65705,-52.75788
"14",80540,"Mazama americana",3.8446,-51.8556
"16",80540,"Mazama americana",3.57075,-53.29541
"20",80540,"Mazama americana",4.11576,-52.03605
"21",80540,"Mazama americana",2.93738,-53.56369
"23",80540,"Mazama americana",3.84429,-52.12576
"26",80540,"Mazama americana",5.19983,-52.66911
"30",80540,"Mazama americana",5.01942,-52.48829
"31",80540,"Mazama americana",4.74459,-53.65917
"44",80540,"Mazama americana",5.01796,-53.0293
"48",80540,"Mazama americana",5.37676,-53.75192
"51",80540,"Mazama americana",3.21091,-52.30498
"55",80540,"Mazama americana",3.02873,-53.11431
"57",80540,"Mazama americana",4.83834,-52.57804
"58",80540,"Mazama americana",3.21066,-52.48494
"59",80540,"Mazama americana",2.48703,-52.57393
"60",80540,"Mazama americana",3.83936,-54.10581
"61",80540,"Mazama americana",2.2125,-54.46032
"62",80540,"Mazama americana",4.11564,-52.12613
"64",80540,"Mazama americana",3.02608,-54.19304
"66",80540,"Mazama americana",4.65578,-53.20842
"67",80540,"Mazama americana",4.20609,-52.12626
"68",80540,"Mazama americana",4.56759,-52.30706
"69",80540,"Mazama americana",4.74588,-53.29881
"70",80540,"Mazama americana",5.7373,-53.93401
"71",80540,"Mazama americana",5.28558,-53.93179
"72",80540,"Mazama americana",3.65959,-53.83539
"73",80540,"Mazama americana",3.93486,-52.03582
"74",80540,"Mazama americana",3.75199,-53.11589
"75",80540,"Mazama americana",5.01898,-52.66865
"76",80540,"Mazama americana",3.75358,-52.30572
"77",80540,"Mazama americana",5.46582,-54.02281
"78",80540,"Mazama americana",2.93575,-54.19278
"79",80540,"Mazama americana",3.659,-54.01525
"80",80540,"Mazama americana",4.83892,-52.30757
"81",80540,"Mazama americana",4.20644,-51.85597
"82",80540,"Mazama americana",5.46792,-53.57197
"83",80540,"Mazama americana",3.66338,-52.12553
"84",80540,"Mazama americana",4.5648,-53.3883
"85",80540,"Mazama americana",5.46936,-53.21119
"86",80540,"Mazama americana",3.12035,-52.39484
"87",80540,"Mazama americana",5.28754,-53.48105
"88",80540,"Mazama americana",4.83874,-52.39773
"89",80540,"Mazama americana",5.19933,-52.8495
"90",80540,"Mazama americana",5.19297,-54.38185
"91",80540,"Mazama americana",3.57118,-53.11546
"92",80540,"Mazama americana",3.39203,-52.1252
"93",80540,"Mazama americana",2.21517,-53.02307
"94",80540,"Mazama americana",3.21079,-52.39496
"95",80540,"Mazama americana",4.83854,-52.48789
"96",80540,"Mazama americana",4.02542,-51.94586
"97",80540,"Mazama americana",3.48056,-53.20522
"98",80540,"Mazama americana",2.48668,-52.84366
"99",80540,"Mazama americana",5.37755,-53.57159
"100",80540,"Mazama americana",5.4683,-53.48179
"101",80540,"Mazama americana",2.57747,-52.57404
"102",80540,"Mazama americana",4.02506,-52.21607
"103",80540,"Mazama americana",3.38797,-54.01438
"104",80540,"Mazama americana",3.93506,-51.85569
"105",80540,"Mazama americana",2.39649,-52.66373
"106",80540,"Mazama americana",5.37592,-53.93222
"107",80540,"Mazama americana",4.65455,-53.56876
"108",80540,"Mazama americana",3.57097,-53.20544
"109",80540,"Mazama americana",5.37897,-53.21086
"110",80540,"Mazama americana",5.37716,-53.66176
"111",80540,"Mazama americana",3.30147,-52.2151
"112",80540,"Mazama americana",2.21271,-54.37055
"114",80540,"Mazama americana",3.66159,-53.11567
"115",80540,"Mazama americana",4.74349,-53.92937
"116",80540,"Mazama americana",4.11469,-52.66656
"117",80540,"Mazama americana",3.29996,-53.11486
"118",80540,"Mazama americana",4.02426,-52.66637
"119",80540,"Mazama americana",2.8489,-52.48444
"121",80540,"Mazama americana",3.0299,-52.39472
"122",80540,"Mazama americana",3.75105,-53.47583
"123",80540,"Mazama americana",2.39638,-52.75364
"124",80540,"Mazama americana",3.02952,-52.6646
"125",80540,"Mazama americana",3.57269,-52.30546
"126",80540,"Mazama americana",2.84738,-53.3837
"127",80540,"Mazama americana",5.0192,-52.57847
"128",80540,"Mazama americana",2.84901,-52.39449
"129",80540,"Mazama americana",3.29816,-53.83431
"130",80540,"Mazama americana",3.74934,-54.01556
"131",80540,"Mazama americana",3.20955,-53.11468
"132",80540,"Mazama americana",3.20673,-54.19358
"133",80540,"Mazama americana",5.37929,-53.12066
"134",80540,"Mazama americana",4.74847,-52.3074
"135",80540,"Mazama americana",4.92877,-52.57826
"136",80540,"Mazama americana",5.19959,-52.75931
"137",80540,"Mazama americana",2.93922,-52.57451
"138",80540,"Mazama americana",3.57052,-53.38537
"139",80540,"Mazama americana",5.28824,-53.30071
"140",80540,"Mazama americana",2.936,-54.10293
"141",80540,"Mazama americana",2.21529,-52.93319
"142",80540,"Mazama americana",4.02519,-52.126
"143",80540,"Mazama americana",2.84542,-54.19253
"144",80540,"Mazama americana",5.28424,-54.20214
"145",80540,"Mazama americana",5.19523,-53.93137
"146",80540,"Mazama americana",3.38825,-53.92448
"147",80540,"Mazama americana",5.56009,-53.1213
"148",80540,"Mazama americana",2.30583,-52.84342
"149",80540,"Mazama americana",4.56509,-53.29823
"150",80540,"Mazama americana",3.48225,-52.30533
"151",80540,"Mazama americana",2.396,-53.02333
"152",80540,"Mazama americana",4.56775,-52.21693
"153",80540,"Mazama americana",3.93365,-52.75623
"154",80540,"Mazama americana",2.39397,-54.10157
"155",80540,"Mazama americana",4.65315,-53.92899
"156",80540,"Mazama americana",4.65519,-53.3886
"157",80540,"Mazama americana",4.02531,-52.03593
"158",80540,"Mazama americana",5.10488,-53.93095
"159",80540,"Mazama americana",4.11551,-52.21621
"160",80540,"Mazama americana",4.56789,-52.1268
"161",80540,"Mazama americana",3.11856,-53.38428
"162",80540,"Mazama americana",3.75221,-53.02589
"163",80540,"Mazama americana",4.20427,-53.02699
"164",80540,"Mazama americana",2.30571,-52.93331
"165",80540,"Mazama americana",4.56742,-52.39719
"166",80540,"Mazama americana",4.20622,-52.03617
"168",80540,"Mazama americana",3.47831,-54.01466
"169",80540,"Mazama americana",2.30595,-52.75353
"170",80540,"Mazama americana",4.83714,-53.02875
"171",80540,"Mazama americana",5.28857,-53.21053
"172",80540,"Mazama americana",2.9388,-52.84435
"173",80540,"Mazama americana",3.12009,-52.57478
"174",80540,"Mazama americana",2.30323,-54.28097
"175",80540,"Mazama americana",4.4773,-52.21678
"176",80540,"Mazama americana",5.01823,-52.93914
"178",80540,"Mazama americana",3.29735,-54.10399
"179",80540,"Mazama americana",4.47714,-52.3069
"181",80540,"Mazama americana",-2.955026,-75.444906
"182",80540,"Mazama americana",-2.946031,-75.427833
"183",80540,"Mazama americana",-2.692271,-75.532682
"184",80540,"Mazama americana",-7.924738,-74.406209
"185",80540,"Mazama americana",-7.620396,-74.457264
"186",80540,"Mazama americana",-2.524683,-74.252457
"187",80540,"Mazama americana",-16.381228,-56.617106
"188",80540,"Mazama americana",16.158028,-90.901472
"189",80540,"Mazama americana",16.146806,-90.9345
"190",80540,"Mazama americana",21.178333,-99.125
"191",80540,"Mazama americana",-25.67417,-54.27788
"192",80540,"Mazama americana",-25.67413,-54.28161
"193",80540,"Mazama americana",-25.67399,-54.2775
"194",80540,"Mazama americana",-25.67376,-54.27437
"195",80540,"Mazama americana",-25.67362,-54.26017
"196",80540,"Mazama americana",-25.6735,-54.2712
"197",80540,"Mazama americana",-25.6735,-54.27109
"198",80540,"Mazama americana",-25.6735,-54.2363
"199",80540,"Mazama americana",-25.67319,-54.29477
"200",80540,"Mazama americana",-25.67263,-54.24997
"201",80540,"Mazama americana",-25.67231,-54.23915
"202",80540,"Mazama americana",-25.67185,-54.24198
"203",80540,"Mazama americana",-25.72547,-54.42093
"204",80540,"Mazama americana",-25.72287,-54.40743
"205",80540,"Mazama americana",-25.72089,-54.42685
"206",80540,"Mazama americana",-25.72073,-54.42682
"207",80540,"Mazama americana",-25.72,-54.42648
"208",80540,"Mazama americana",-25.71967,-54.42714
"209",80540,"Mazama americana",-25.71831,-54.43093
"210",80540,"Mazama americana",-25.71819,-54.43089
"211",80540,"Mazama americana",-25.71755,-54.43176
"212",80540,"Mazama americana",-25.71743,-54.42738
"213",80540,"Mazama americana",-25.7164,-54.42685
"214",80540,"Mazama americana",-25.71544,-54.43675
"215",80540,"Mazama americana",-25.71502,-54.45291
"216",80540,"Mazama americana",-25.71425,-54.45809
"217",80540,"Mazama americana",-25.71372,-54.42341
"218",80540,"Mazama americana",-25.75397,-54.37393
"219",80540,"Mazama americana",-25.75366,-54.37297
"220",80540,"Mazama americana",-25.75034,-54.37307
"221",80540,"Mazama americana",-25.74759,-54.37345
"222",80540,"Mazama americana",-25.74335,-54.37449
"223",80540,"Mazama americana",-25.74025,-54.37568
"224",80540,"Mazama americana",-25.73922,-54.37504
"225",80540,"Mazama americana",-25.73904,-54.37545
"226",80540,"Mazama americana",-25.73819,-54.37514
"227",80540,"Mazama americana",-25.73785,-54.37525
"228",80540,"Mazama americana",-25.73684,-54.37628
"229",80540,"Mazama americana",-25.73637,-54.37603
"230",80540,"Mazama americana",-25.73433,-54.37753
"231",80540,"Mazama americana",-25.733,-54.3799
"232",80540,"Mazama americana",-25.73293,-54.37832
"233",80540,"Mazama americana",-25.73258,-54.37946
"234",80540,"Mazama americana",-25.73176,-54.381
"235",80540,"Mazama americana",-25.73158,-54.38165
"236",80540,"Mazama americana",-25.73044,-54.38321
"237",80540,"Mazama americana",-25.61038,-54.34637
"238",80540,"Mazama americana",-25.6037,-54.38482
"239",80540,"Mazama americana",-25.57105,-54.32101
"240",80540,"Mazama americana",-25.57006,-54.31878
"241",80540,"Mazama americana",-25.56919,-54.31581
"242",80540,"Mazama americana",-25.567,-54.30493
"243",80540,"Mazama americana",-25.72773,-54.3964
"244",80540,"Mazama americana",-25.72691,-54.39959
"245",80540,"Mazama americana",-25.72689,-54.39999
"246",80540,"Mazama americana",-25.7267,-54.40321
"247",80540,"Mazama americana",-25.72638,-54.40029
"248",80540,"Mazama americana",-25.72456,-54.40396
"249",80540,"Mazama americana",-25.72449,-54.40399
"250",80540,"Mazama americana",-25.61263,-54.34417
"251",80540,"Mazama americana",-25.66984,-54.42059
"252",80540,"Mazama americana",-25.66249,-54.42069
"253",80540,"Mazama americana",-25.66646,-54.42069
"254",80540,"Mazama americana",-25.65561,-54.41391
"255",80540,"Mazama americana",-25.65556,-54.4137
"256",80540,"Mazama americana",-25.65556,-54.41358
"257",80540,"Mazama americana",-25.65555,-54.4139
"258",80540,"Mazama americana",-25.65539,-54.41312
"259",80540,"Mazama americana",-25.65524,-54.41263
"260",80540,"Mazama americana",-25.65501,-54.41186
"261",80540,"Mazama americana",-25.65448,-54.40996
"262",80540,"Mazama americana",-25.65426,-54.40914
"263",80540,"Mazama americana",-25.65372,-54.40677
"264",80540,"Mazama americana",-25.65337,-54.40503
"265",80540,"Mazama americana",-25.65315,-54.40417
"266",80540,"Mazama americana",-25.65301,-54.40383
"267",80540,"Mazama americana",-25.65297,-54.40355
"268",80540,"Mazama americana",-25.65261,-54.40218
"269",80540,"Mazama americana",-25.6513,-54.39918
"270",80540,"Mazama americana",-25.65079,-54.39839
"271",80540,"Mazama americana",-25.64899,-54.3967
"272",80540,"Mazama americana",-25.64756,-54.39566
"273",80540,"Mazama americana",-25.64714,-54.3953
"274",80540,"Mazama americana",-25.64656,-54.39513
"275",80540,"Mazama americana",-25.64352,-54.39344
"276",80540,"Mazama americana",-25.64318,-54.39326
"277",80540,"Mazama americana",-25.64292,-54.39317
"278",80540,"Mazama americana",-25.64266,-54.39287
"279",80540,"Mazama americana",-25.64224,-54.39251
"280",80540,"Mazama americana",-25.64192,-54.39228
"281",80540,"Mazama americana",-25.64163,-54.3922
"282",80540,"Mazama americana",-25.641,-54.39188
"283",80540,"Mazama americana",-25.64029,-54.39155
"284",80540,"Mazama americana",-25.63974,-54.39121
"285",80540,"Mazama americana",-25.63944,-54.39101
"286",80540,"Mazama americana",-25.6381,-54.38974
"287",80540,"Mazama americana",-25.63772,-54.3891
"288",80540,"Mazama americana",-25.63734,-54.38845
"289",80540,"Mazama americana",-25.6369,-54.38802
"290",80540,"Mazama americana",-25.63617,-54.38772
"291",80540,"Mazama americana",-25.63555,-54.38779
"292",80540,"Mazama americana",-25.63537,-54.38765
"293",80540,"Mazama americana",-25.63515,-54.38754
"294",80540,"Mazama americana",-25.6342,-54.38694
"295",80540,"Mazama americana",-25.63382,-54.38664
"296",80540,"Mazama americana",-25.63247,-54.38578
"297",80540,"Mazama americana",-25.63225,-54.38573
"298",80540,"Mazama americana",-25.6315,-54.38544
"299",80540,"Mazama americana",-25.61046,-54.35606
"300",80540,"Mazama americana",-25.60986,-54.35742
"301",80540,"Mazama americana",-25.60947,-54.35866
"302",80540,"Mazama americana",-25.60929,-54.35901
"303",80540,"Mazama americana",-25.60912,-54.35942
"304",80540,"Mazama americana",-25.60891,-54.3603
"305",80540,"Mazama americana",-25.60873,-54.36064
"306",80540,"Mazama americana",-25.60869,-54.36349
"307",80540,"Mazama americana",-25.60842,-54.36087
"308",80540,"Mazama americana",-25.60808,-54.36119
"309",80540,"Mazama americana",-25.60791,-54.36156
"310",80540,"Mazama americana",-25.60671,-54.36489
"311",80540,"Mazama americana",-25.60581,-54.36504
"312",80540,"Mazama americana",-25.60536,-54.36524
"313",80540,"Mazama americana",-25.60489,-54.3665
"314",80540,"Mazama americana",-25.60462,-54.36689
"315",80540,"Mazama americana",-25.60065,-54.3687
"316",80540,"Mazama americana",-25.60029,-54.36893
"317",80540,"Mazama americana",-25.59999,-54.36919
"318",80540,"Mazama americana",-25.59919,-54.37015
"319",80540,"Mazama americana",-25.59723,-54.37197
"320",80540,"Mazama americana",-25.59653,-54.37293
"321",80540,"Mazama americana",-25.59588,-54.37384
"322",80540,"Mazama americana",-25.59569,-54.37525
"323",80540,"Mazama americana",-25.62432,-54.34195
"324",80540,"Mazama americana",-25.6241,-54.34124
"325",80540,"Mazama americana",-25.61082,-54.35006
"326",80540,"Mazama americana",-25.64553,-54.52848
"327",80540,"Mazama americana",-25.61317,-54.34284
"328",80540,"Mazama americana",-25.61311,-54.34293
"329",80540,"Mazama americana",-25.61281,-54.34283
"330",80540,"Mazama americana",-25.61245,-54.34316
"331",80540,"Mazama americana",-25.612,-54.34311
"332",80540,"Mazama americana",-25.61181,-54.34304
"333",80540,"Mazama americana",-25.6108,-54.34771
"334",80540,"Mazama americana",-25.60125,-54.33347
"335",80540,"Mazama americana",-25.60071,-54.33432
"336",80540,"Mazama americana",-25.60029,-54.33469
"337",80540,"Mazama americana",-25.66612,-54.46358
"338",80540,"Mazama americana",-25.6609,-54.46074
"339",80540,"Mazama americana",-25.6609,-54.45891
"340",80540,"Mazama americana",-25.66067,-54.45914
"341",80540,"Mazama americana",-25.66061,-54.46121
"342",80540,"Mazama americana",-25.65978,-54.45794
"343",80540,"Mazama americana",-25.65934,-54.45784
"344",80540,"Mazama americana",-25.67388,-54.42084
"345",80540,"Mazama americana",-25.63385,-54.38506
"346",80540,"Mazama americana",-25.63234,-54.38389
"347",80540,"Mazama americana",-25.63232,-54.38386
"348",80540,"Mazama americana",-25.63166,-54.38327
"349",80540,"Mazama americana",-25.62958,-54.38246
"350",80540,"Mazama americana",-25.62951,-54.38268
"351",80540,"Mazama americana",-25.62755,-54.38203
"352",80540,"Mazama americana",-25.62716,-54.38134
"353",80540,"Mazama americana",-25.67849,-54.4542
"354",80540,"Mazama americana",-25.66779,-54.45764
"355",80540,"Mazama americana",-25.66519,-54.45933
"356",80540,"Mazama americana",-25.66389,-54.45914
"357",80540,"Mazama americana",-25.66318,-54.45888
"358",80540,"Mazama americana",-25.66225,-54.45829
"359",80540,"Mazama americana",-25.66206,-54.45834
"360",80540,"Mazama americana",-25.65728,-54.45918
"361",80540,"Mazama americana",-25.65711,-54.45615
"362",80540,"Mazama americana",-25.65362,-54.45971
"363",80540,"Mazama americana",-25.651,-54.46142
"364",80540,"Mazama americana",-25.65039,-54.46176
"365",80540,"Mazama americana",-25.64565,-54.46504
"366",80540,"Mazama americana",-25.70432,-54.4393
"367",80540,"Mazama americana",-25.70376,-54.43991
"368",80540,"Mazama americana",-25.70347,-54.43661
"369",80540,"Mazama americana",-25.70326,-54.42496
"370",80540,"Mazama americana",-25.70305,-54.42449
"371",80540,"Mazama americana",-25.70298,-54.42428
"372",80540,"Mazama americana",-25.70274,-54.43512
"373",80540,"Mazama americana",-25.70218,-54.42397
"374",80540,"Mazama americana",-25.70208,-54.4195
"375",80540,"Mazama americana",-25.70199,-54.41933
"376",80540,"Mazama americana",-25.70182,-54.4231
"377",80540,"Mazama americana",-25.70169,-54.42268
"378",80540,"Mazama americana",-25.70154,-54.41852
"379",80540,"Mazama americana",-25.70151,-54.4185
"380",80540,"Mazama americana",-25.68077,-54.45507
"381",80540,"Mazama americana",-25.70112,-54.41814
"382",80540,"Mazama americana",-25.69746,-54.41573
"383",80540,"Mazama americana",-25.69595,-54.44655
"384",80540,"Mazama americana",-25.69531,-54.44671
"385",80540,"Mazama americana",-25.69085,-54.44867
"386",80540,"Mazama americana",-25.69025,-54.41459
"387",80540,"Mazama americana",-25.6901,-54.44894
"388",80540,"Mazama americana",-25.68572,-54.44985
"389",80540,"Mazama americana",-25.68425,-54.41682
"390",80540,"Mazama americana",-25.68171,-54.41968
"391",80540,"Mazama americana",-25.68078,-54.4199
"392",80540,"Mazama americana",-25.67711,-54.45419
"393",80540,"Mazama americana",-25.67662,-54.42131
"394",80540,"Mazama americana",-25.67524,-54.45613
"395",80540,"Mazama americana",-25.67485,-54.45613
"396",80540,"Mazama americana",-25.67194,-54.45659
"397",80540,"Mazama americana",-25.67058,-54.45658
"398",80540,"Mazama americana",-25.66993,-54.45651
"399",80540,"Mazama americana",-25.71355,-54.44925
"400",80540,"Mazama americana",-25.7134,-54.44895
"401",80540,"Mazama americana",-25.67875,-54.45032
"402",80540,"Mazama americana",-25.71154,-54.44728
"403",80540,"Mazama americana",-25.70775,-54.44657
"404",80540,"Mazama americana",-25.70738,-54.44537
"405",80540,"Mazama americana",-25.70731,-54.4453
"406",80540,"Mazama americana",-25.70721,-54.4453
"407",80540,"Mazama americana",-25.70709,-54.44632
"408",80540,"Mazama americana",-25.70695,-54.44525
"409",80540,"Mazama americana",-25.70676,-54.44501
"410",80540,"Mazama americana",-25.70652,-54.445
"411",80540,"Mazama americana",-25.70598,-54.44417
"412",80540,"Mazama americana",-25.68997,-54.45837
"413",80540,"Mazama americana",-25.70594,-54.44479
"414",80540,"Mazama americana",-25.70553,-54.44373
"415",80540,"Mazama americana",-25.70489,-54.44285
"416",80540,"Mazama americana",-25.70488,-54.44269
"417",80540,"Mazama americana",-25.70487,-54.44267
"418",80540,"Mazama americana",-25.70484,-54.44265
"419",80540,"Mazama americana",-25.70441,-54.44272
"420",80540,"Mazama americana",-25.7083,-54.42087
"421",80540,"Mazama americana",-25.70797,-54.42038
"422",80540,"Mazama americana",-25.70782,-54.42043
"423",80540,"Mazama americana",-25.70772,-54.42046
"424",80540,"Mazama americana",-25.70759,-54.42059
"425",80540,"Mazama americana",-25.70703,-54.42057
"426",80540,"Mazama americana",-25.7069,-54.42054
"427",80540,"Mazama americana",-25.70681,-54.42022
"428",80540,"Mazama americana",-25.70678,-54.42005
"429",80540,"Mazama americana",-25.70678,-54.42001
"430",80540,"Mazama americana",-25.7067,-54.41998
"431",80540,"Mazama americana",-25.70656,-54.42026
"432",80540,"Mazama americana",-25.70655,-54.42038
"433",80540,"Mazama americana",-25.70648,-54.41991
"434",80540,"Mazama americana",-25.70625,-54.41998
"435",80540,"Mazama americana",-25.70612,-54.4203
"436",80540,"Mazama americana",-25.70562,-54.42006
"437",80540,"Mazama americana",-25.70559,-54.4199
"438",80540,"Mazama americana",-25.70515,-54.41984
"439",80540,"Mazama americana",-25.70497,-54.41987
"440",80540,"Mazama americana",-25.70493,-54.4199
"441",80540,"Mazama americana",-25.7049,-54.41979
"442",80540,"Mazama americana",-25.70422,-54.41967
"443",80540,"Mazama americana",-25.70328,-54.41624
"444",80540,"Mazama americana",-25.70362,-54.44894
"445",80540,"Mazama americana",-25.70085,-54.44608
"446",80540,"Mazama americana",-25.70029,-54.44604
"447",80540,"Mazama americana",-25.67124,-54.39432
"448",80540,"Mazama americana",-25.66674,-54.39058
"449",80540,"Mazama americana",-25.66622,-54.39042
"450",80540,"Mazama americana",-25.66586,-54.39052
"451",80540,"Mazama americana",-25.66568,-54.39027
"452",80540,"Mazama americana",-25.66546,-54.39005
"453",80540,"Mazama americana",-25.66433,-54.38893
"454",80540,"Mazama americana",-25.66322,-54.37769
"455",80540,"Mazama americana",-25.66006,-54.38043
"456",80540,"Mazama americana",-25.65975,-54.3808
"457",80540,"Mazama americana",-25.65968,-54.38084
"458",80540,"Mazama americana",-25.6589,-54.3891
"459",80540,"Mazama americana",-25.65821,-54.38462
"460",80540,"Mazama americana",-25.70524,-54.36149
"461",80540,"Mazama americana",-25.70507,-54.36124
"462",80540,"Mazama americana",-25.70468,-54.36097
"463",80540,"Mazama americana",-25.68078,-54.44714
"464",80540,"Mazama americana",-25.70456,-54.36102
"465",80540,"Mazama americana",-25.70379,-54.36146
"466",80540,"Mazama americana",-25.70367,-54.36158
"467",80540,"Mazama americana",-25.70252,-54.36154
"468",80540,"Mazama americana",-25.70244,-54.36156
"469",80540,"Mazama americana",-25.70202,-54.36164
"470",80540,"Mazama americana",-25.70152,-54.36155
"471",80540,"Mazama americana",-25.70068,-54.36166
"472",80540,"Mazama americana",-25.69965,-54.3612
"473",80540,"Mazama americana",-25.69955,-54.3611
"474",80540,"Mazama americana",-25.69931,-54.36105
"475",80540,"Mazama americana",-25.69862,-54.36097
"476",80540,"Mazama americana",-25.69599,-54.35988
"477",80540,"Mazama americana",-25.69522,-54.36028
"478",80540,"Mazama americana",-25.6951,-54.36011
"479",80540,"Mazama americana",-25.69502,-54.36001
"480",80540,"Mazama americana",-25.69491,-54.36001
"481",80540,"Mazama americana",-25.69484,-54.36054
"482",80540,"Mazama americana",-25.69425,-54.36041
"483",80540,"Mazama americana",-25.69405,-54.36067
"484",80540,"Mazama americana",-25.6934,-54.36117
"485",80540,"Mazama americana",-25.69328,-54.36142
"486",80540,"Mazama americana",-25.6932,-54.3637
"487",80540,"Mazama americana",-25.69315,-54.36379
"488",80540,"Mazama americana",-25.69284,-54.3636
"489",80540,"Mazama americana",-25.69264,-54.36356
"490",80540,"Mazama americana",-25.69229,-54.3635
"491",80540,"Mazama americana",-25.69106,-54.36234
"492",80540,"Mazama americana",-25.69093,-54.3618
"493",80540,"Mazama americana",-25.69083,-54.36184
"494",80540,"Mazama americana",-25.69071,-54.362
"495",80540,"Mazama americana",-25.69038,-54.36177
"496",80540,"Mazama americana",-25.69018,-54.36265
"497",80540,"Mazama americana",-25.68998,-54.36185
"498",80540,"Mazama americana",-25.68993,-54.36217
"499",80540,"Mazama americana",-25.68979,-54.36206
"500",80540,"Mazama americana",-25.69976,-54.34686
"501",80540,"Mazama americana",-25.69971,-54.34695
"502",80540,"Mazama americana",-25.69963,-54.34749
"503",80540,"Mazama americana",-25.69875,-54.34797
"504",80540,"Mazama americana",-25.69583,-54.34964
"505",80540,"Mazama americana",-25.69572,-54.34957
"506",80540,"Mazama americana",-25.6956,-54.35048
"507",80540,"Mazama americana",-25.69558,-54.35031
"508",80540,"Mazama americana",-25.69519,-54.35018
"509",80540,"Mazama americana",-25.69517,-54.34988
"510",80540,"Mazama americana",-25.69017,-54.32448
"511",80540,"Mazama americana",-25.68751,-54.31286
"512",80540,"Mazama americana",-25.68722,-54.31349
"513",80540,"Mazama americana",-25.68708,-54.3136
"514",80540,"Mazama americana",-25.70542,-54.36979
"515",80540,"Mazama americana",-25.68662,-54.31521
"516",80540,"Mazama americana",-25.6866,-54.31698
"517",80540,"Mazama americana",-25.68638,-54.3189
"518",80540,"Mazama americana",-25.68632,-54.31873
"519",80540,"Mazama americana",-25.6863,-54.31915
"520",80540,"Mazama americana",-25.68627,-54.31577
"521",80540,"Mazama americana",-25.68624,-54.31881
"522",80540,"Mazama americana",-25.6862,-54.31922
"523",80540,"Mazama americana",-25.68616,-54.31885
"524",80540,"Mazama americana",-25.68613,-54.31858
"525",80540,"Mazama americana",-25.69318,-54.44754
"526",80540,"Mazama americana",-25.68597,-54.31792
"527",80540,"Mazama americana",-25.68594,-54.31742
"528",80540,"Mazama americana",-25.68536,-54.32039
"529",80540,"Mazama americana",-25.68534,-54.32409
"530",80540,"Mazama americana",-25.68532,-54.32026
"531",80540,"Mazama americana",-25.68526,-54.32158
"532",80540,"Mazama americana",-25.68518,-54.32208
"533",80540,"Mazama americana",-25.68516,-54.3222
"534",80540,"Mazama americana",-25.68516,-54.32109
"535",80540,"Mazama americana",-25.68514,-54.32173
"536",80540,"Mazama americana",-25.68513,-54.32212
"537",80540,"Mazama americana",-25.68487,-54.32331
"538",80540,"Mazama americana",-25.68469,-54.32502
"539",80540,"Mazama americana",-25.68143,-54.32715
"540",80540,"Mazama americana",-25.68013,-54.32837
"541",80540,"Mazama americana",-25.67869,-54.33068
"542",80540,"Mazama americana",-25.6908,-54.30354
"543",80540,"Mazama americana",-25.68744,-54.308
"544",80540,"Mazama americana",-25.68742,-54.30798
"545",80540,"Mazama americana",-25.68721,-54.30858
"546",80540,"Mazama americana",-25.68714,-54.30975
"547",80540,"Mazama americana",-25.68711,-54.30973
"548",80540,"Mazama americana",-25.68709,-54.30984
"549",80540,"Mazama americana",-25.68704,-54.30891
"550",80540,"Mazama americana",-25.68702,-54.30949
"551",80540,"Mazama americana",-25.68688,-54.31058
"552",80540,"Mazama americana",-25.68683,-54.31024
"553",80540,"Mazama americana",-25.68353,-54.17463
"554",80540,"Mazama americana",-25.68014,-54.16996
"555",80540,"Mazama americana",-25.67971,-54.17013
"556",80540,"Mazama americana",-25.67081,-54.17312
"557",80540,"Mazama americana",-25.6701,-54.17244
"558",80540,"Mazama americana",-25.6866,-54.2727
"559",80540,"Mazama americana",-25.68651,-54.2728
"560",80540,"Mazama americana",-25.68578,-54.27346
"561",80540,"Mazama americana",-25.6854,-54.27378
"562",80540,"Mazama americana",-25.68537,-54.27381
"563",80540,"Mazama americana",-25.6852,-54.27375
"564",80540,"Mazama americana",-25.68514,-54.27372
"565",80540,"Mazama americana",-25.68508,-54.2737
"567",80540,"Mazama americana",-25.68506,-54.27376
"569",80540,"Mazama americana",-25.68491,-54.27396
"571",80540,"Mazama americana",-25.68488,-54.27382
"572",80540,"Mazama americana",-25.68471,-54.27456
"573",80540,"Mazama americana",-25.6844,-54.27454
"574",80540,"Mazama americana",-25.68346,-54.27349
"575",80540,"Mazama americana",-25.68318,-54.27336
"576",80540,"Mazama americana",-25.68299,-54.27315
"577",80540,"Mazama americana",-25.68275,-54.27301
"578",80540,"Mazama americana",-25.68254,-54.27297
"579",80540,"Mazama americana",-25.68214,-54.2727
"580",80540,"Mazama americana",-25.68117,-54.27166
"581",80540,"Mazama americana",-25.68053,-54.27181
"582",80540,"Mazama americana",-25.68,-54.27141
"583",80540,"Mazama americana",-25.67985,-54.27141
"584",80540,"Mazama americana",-25.67965,-54.27147
"585",80540,"Mazama americana",-25.6776,-54.27106
"586",80540,"Mazama americana",-25.67755,-54.27136
"587",80540,"Mazama americana",-25.67726,-54.27128
"588",80540,"Mazama americana",-25.68842,-54.26571
"589",80540,"Mazama americana",-25.68832,-54.27203
"590",80540,"Mazama americana",-25.68819,-54.27173
"591",80540,"Mazama americana",-25.68806,-54.26224
"592",80540,"Mazama americana",-25.68803,-54.2627
"593",80540,"Mazama americana",-25.68801,-54.27216
"594",80540,"Mazama americana",-25.68801,-54.26231
"595",80540,"Mazama americana",-25.688,-54.27186
"596",80540,"Mazama americana",-25.688,-54.26235
"597",80540,"Mazama americana",-25.68788,-54.27178
"598",80540,"Mazama americana",-25.68786,-54.2722
"599",80540,"Mazama americana",-25.68781,-54.26825
"600",80540,"Mazama americana",-25.6878,-54.26853
"601",80540,"Mazama americana",-25.68773,-54.2721
"602",80540,"Mazama americana",-25.68766,-54.26919
"603",80540,"Mazama americana",-25.68764,-54.26897
"604",80540,"Mazama americana",-25.68754,-54.2722
"605",80540,"Mazama americana",-25.68752,-54.27096
"606",80540,"Mazama americana",-25.68728,-54.27072
"607",80540,"Mazama americana",-25.68682,-54.27271
"608",80540,"Mazama americana",-25.68389,-54.4469
"609",80540,"Mazama americana",-25.6816,-54.45107
"610",80540,"Mazama americana",-25.67258,-54.29699
"611",80540,"Mazama americana",-25.66911,-54.499
"612",80540,"Mazama americana",-25.68378,-54.44904
"613",80540,"Mazama americana",-25.65544,-54.51598
"614",80540,"Mazama americana",-25.68003,-54.44612
"615",80540,"Mazama americana",-25.64519,-54.39449
"616",80540,"Mazama americana",-25.71465,-54.44114
"617",80540,"Mazama americana",-25.68352,-54.213
"618",80540,"Mazama americana",-25.70612,-54.36026
"619",80540,"Mazama americana",-25.6822,-54.44753
"620",80540,"Mazama americana",-25.67338,-54.271
"621",80540,"Mazama americana",-25.68386,-54.3116
"622",80540,"Mazama americana",-25.63876,-54.5365
"623",80540,"Mazama americana",-25.70059,-54.44558
"624",80540,"Mazama americana",-25.67834,-54.51498
"625",80540,"Mazama americana",-25.66876,-54.52327
"626",80540,"Mazama americana",-25.66294,-54.52949
"627",80540,"Mazama americana",-25.66126,-54.53463
"628",80540,"Mazama americana",-25.65097,-54.53947
"629",80540,"Mazama americana",-25.64762,-54.54138
"630",80540,"Mazama americana",-25.70461,-54.35422
"631",80540,"Mazama americana",-25.67765,-54.41725
"632",80540,"Mazama americana",-25.67631,-54.44804
"633",80540,"Mazama americana",-25.60077,-54.53768
"634",80540,"Mazama americana",-25.60503,-54.54875
"635",80540,"Mazama americana",-25.74429,-54.42847
"637",80540,"Mazama americana",-25.74394,-54.42813
"641",80540,"Mazama americana",-25.74171,-54.42887
"643",80540,"Mazama americana",-25.73803,-54.42906
"645",80540,"Mazama americana",-25.73627,-54.42905
"647",80540,"Mazama americana",-25.7352,-54.42891
"649",80540,"Mazama americana",-25.73291,-54.42876
"651",80540,"Mazama americana",-25.73286,-54.42886
"653",80540,"Mazama americana",-25.73266,-54.42876
"655",80540,"Mazama americana",-25.72867,-54.42889
"657",80540,"Mazama americana",-25.72857,-54.4291
"659",80540,"Mazama americana",-25.72717,-54.42917
"661",80540,"Mazama americana",-25.72303,-54.42859
"663",80540,"Mazama americana",-25.72229,-54.42771
"665",80540,"Mazama americana",-25.71046,-54.37737
"666",80540,"Mazama americana",-25.70641,-54.36113
"667",80540,"Mazama americana",-25.70629,-54.36169
"668",80540,"Mazama americana",-25.68937,-54.32114
"669",80540,"Mazama americana",-25.68906,-54.31403
"670",80540,"Mazama americana",-25.68893,-54.32045
"671",80540,"Mazama americana",-25.68096,-54.17942
"672",80540,"Mazama americana",-25.68096,-54.17906
"673",80540,"Mazama americana",-25.68091,-54.17992
"674",80540,"Mazama americana",-25.68084,-54.18032
"675",80540,"Mazama americana",-25.67793,-54.30968
"676",80540,"Mazama americana",-25.6757,-54.30612
"677",80540,"Mazama americana",-25.6743,-54.28134
"678",80540,"Mazama americana",-24.72837,-64.67346
"679",80540,"Mazama americana",-25.72081,-54.55717
"680",80540,"Mazama americana",-25.73151,-54.54115
"681",80540,"Mazama americana",-25.72705,-54.54859
"682",80540,"Mazama americana",-25.96224,-54.09088
"683",80540,"Mazama americana",-25.66362,-54.39075
"684",80540,"Mazama americana",-25.686319,-54.447957
"685",80540,"Mazama americana",3.632694,-76.097028
"686",80540,"Mazama americana",3.703,-76.0669
"687",80540,"Mazama americana",3.658959,-76.067056
"688",80540,"Mazama americana",3.725361,-76.085472
"689",80540,"Mazama americana",3.6752,-76.085028
"690",80540,"Mazama americana",6.28,-61.32
"691",80540,"Mazama americana",21.207806,-98.98
"692",80540,"Mazama americana",23.091667,-99.108333
"693",80540,"Mazama americana",18.108333,-89.808333
"694",80540,"Mazama americana",18.058333,-89.958333
"695",80540,"Mazama americana",0.084,-76.97103
"696",80540,"Mazama americana",18.15,-90.016667
"697",80540,"Mazama americana",18.030556,-96.669444
"699",80540,"Mazama americana",18.202222,-96.838333
"701",80540,"Mazama americana",23.097778,-99.208055
"705",80540,"Mazama americana",17.890833,-89.676944
"706",80540,"Mazama americana",18.8,-89.366667
"707",80540,"Mazama americana",15.701667,-92.794167
"708",80540,"Mazama americana",16.200361,-91.318306
"709",80540,"Mazama americana",16.078639,-91.056111
"710",80540,"Mazama americana",16.205139,-91.306167
"711",80540,"Mazama americana",6.32,-61.32
"712",80540,"Mazama americana",4.33,-61.77
"713",80540,"Mazama americana",21.17884,-87.16084
"715",80540,"Mazama americana",21.19707,-87.16103
"716",80540,"Mazama americana",21.17907,-87.15098
"717",80540,"Mazama americana",21.333333,-87.366667
"720",80540,"Mazama americana",21.17228,-87.17938
"721",80540,"Mazama americana",21.333333,-87.316667
"722",80540,"Mazama americana",21.1711,-87.16767
"725",80540,"Mazama americana",21.15574,-87.15799
"726",80540,"Mazama americana",21.22235,-87.16731
"729",80540,"Mazama americana",21.17105,-87.16773
"732",80540,"Mazama americana",21.266667,-87.16079
"745",80540,"Mazama americana",21.18291,-87.16197
"752",80540,"Mazama americana",21.17801,-87.16023
"753",80540,"Mazama americana",21.383333,-87.333333
"764",80540,"Mazama americana",21.13286,-87.17351
"765",80540,"Mazama americana",21.316667,-87.316667
"766",80540,"Mazama americana",-27.045061,-54.061661
"767",80540,"Mazama americana",-6.049064,-50.072594
"769",80540,"Mazama americana",-9.3,-75.98333
"770",80540,"Mazama americana",5.047172,-76.946678
"771",80540,"Mazama americana",-2.76667,-57.816669
"773",80540,"Mazama americana",-24.25,-47.75
"774",80540,"Mazama americana",3.35,-55.450001
"775",80540,"Mazama americana",-9.86643,-74.924652
"777",80540,"Mazama americana",-4.45,-71.783333
"780",80540,"Mazama americana",2.75,-73.916667
"781",80540,"Mazama americana",-6.05,-76.966667
"783",80540,"Mazama americana",0.6,-78.116669
"784",80540,"Mazama americana",-1,-49.5
"785",80540,"Mazama americana",-10.066667,-75.533333
"786",80540,"Mazama americana",0.466667,-75.333333
"787",80540,"Mazama americana",-14.916667,-69.866669
"788",80540,"Mazama americana",-13.25,-70.583336
"789",80540,"Mazama americana",-13.266666,-70.633331
"790",80540,"Mazama americana",-13.983334,-68.98333
"791",80540,"Mazama americana",0.098508,-78.671623
"792",80540,"Mazama americana",10.4,-67.77
"794",80540,"Mazama americana",5.29001,-52.75956
"797",80540,"Mazama americana",3.56895,-53.92503
"803",80540,"Mazama americana",2.21291,-54.28077
"804",80540,"Mazama americana",4.65549,-53.29852
"805",80540,"Mazama americana",3.92936,-54.19608
"806",80540,"Mazama americana",4.47758,-52.03654
"807",80540,"Mazama americana",2.39587,-53.11321
"809",80540,"Mazama americana",4.29625,-52.30659
"810",80540,"Mazama americana",3.93496,-51.94576
"811",80540,"Mazama americana",2.39475,-53.74226
"817",80540,"Mazama americana",3.66327,-52.21556
"818",80540,"Mazama americana",4.83384,-53.92975
"822",80540,"Mazama americana",2.30532,-53.20295
"823",80540,"Mazama americana",4.47051,-54.37827
"825",80540,"Mazama americana",5.905783,-71.4822
"826",80540,"Mazama americana",5.918517,-71.490717
"827",80540,"Mazama americana",3.00852,-74.19067
"828",80540,"Mazama americana",-12.800469,-69.297252
"829",80540,"Mazama americana",-14.6281,-60.8376
"830",80540,"Mazama americana",-14.630386,-60.83632
"831",80540,"Mazama americana",10.718719,-61.29649
"832",80540,"Mazama americana",0.816914,-76.892499
"833",80540,"Mazama americana",0.822813,-76.885087
"834",80540,"Mazama americana",-16.172473,-56.195068
"835",80540,"Mazama americana",21.005667,-98.633652
"836",80540,"Mazama americana",21.017889,-98.600868
"838",80540,"Mazama americana",21.4395262225014,-99.0671091789291
"839",80540,"Mazama americana",17.6,-88.683
"840",80540,"Mazama americana",-10.133,-71.217
"849",80540,"Mazama americana",-12.570067,-70.095887
"850",80540,"Mazama americana",20.668935,-88.578414
"852",80540,"Mazama americana",8.95,-77.80854
"853",80540,"Mazama americana",17.02243,-88.93234
"854",80540,"Mazama americana",-12.789103,-71.387281
"855",80540,"Mazama americana",-23.51384,-64.65427
"856",80540,"Mazama americana",-25.63669,-54.5383
"857",80540,"Mazama americana",-25.68785,-54.45604
"858",80540,"Mazama americana",-25.67889,-54.44911
"859",80540,"Mazama americana",-25.68135,-54.44932
"861",80540,"Mazama americana",-25.6901,-54.45817
"862",80540,"Mazama americana",-25.68202,-54.44746
"864",80540,"Mazama americana",-25.67834,-54.44951
"865",80540,"Mazama americana",-25.68785,-54.45924
"866",80540,"Mazama americana",-25.56553,-54.30071
"867",80540,"Mazama americana",-25.67915,-54.45462
"868",80540,"Mazama americana",-25.67832,-54.44958
"869",80540,"Mazama americana",-25.66949,-54.49805
"870",80540,"Mazama americana",-25.68033,-54.44632
"871",80540,"Mazama americana",-25.71494,-54.44066
"872",80540,"Mazama americana",-25.71548,-54.38277
"874",80540,"Mazama americana",-25.69796,-54.21961
"875",80540,"Mazama americana",-25.70877,-54.22585
"876",80540,"Mazama americana",-25.70761,-54.23362
"877",80540,"Mazama americana",-25.70729,-54.23476
"878",80540,"Mazama americana",-25.70727,-54.23678
"879",80540,"Mazama americana",-25.70764,-54.23701
"880",80540,"Mazama americana",-25.70755,-54.23738
"881",80540,"Mazama americana",-25.70614,-54.23784
"882",80540,"Mazama americana",-25.70578,-54.23838
"883",80540,"Mazama americana",-25.70579,-54.23843
"884",80540,"Mazama americana",-25.70492,-54.23865
"885",80540,"Mazama americana",-25.70439,-54.23873
"886",80540,"Mazama americana",-25.70445,-54.23871
"887",80540,"Mazama americana",-25.69533,-54.47559
"888",80540,"Mazama americana",-25.67476,-54.23509
"890",80540,"Mazama americana",-25.70391,-54.23892
"891",80540,"Mazama americana",-25.70191,-54.2413
"892",80540,"Mazama americana",-25.68112,-54.16882
"893",80540,"Mazama americana",-25.68158,-54.16974
"894",80540,"Mazama americana",-25.68172,-54.1701
"895",80540,"Mazama americana",-25.68253,-54.17198
"896",80540,"Mazama americana",-25.68346,-54.19218
"897",80540,"Mazama americana",-25.68402,-54.19943
"898",80540,"Mazama americana",-25.68413,-54.20001
"899",80540,"Mazama americana",-25.68416,-54.20149
"900",80540,"Mazama americana",-25.68116,-54.21789
"901",80540,"Mazama americana",-25.67755,-54.22687
"902",80540,"Mazama americana",-25.67551,-54.23155
"903",80540,"Mazama americana",-25.67442,-54.2342
"904",80540,"Mazama americana",-25.67222,-54.23926
"905",80540,"Mazama americana",-25.67174,-54.24101
"906",80540,"Mazama americana",-25.67177,-54.24159
"907",80540,"Mazama americana",-25.67214,-54.2455
"908",80540,"Mazama americana",-25.67214,-54.24577
"909",80540,"Mazama americana",-25.6725,-54.24907
"910",80540,"Mazama americana",-25.67326,-54.2566
"911",80540,"Mazama americana",-25.67349,-54.25874
"912",80540,"Mazama americana",-25.67337,-54.26275
"913",80540,"Mazama americana",-25.67334,-54.27035
"914",80540,"Mazama americana",-25.67417,-54.28145
"915",80540,"Mazama americana",-25.67431,-54.28612
"916",80540,"Mazama americana",-25.67422,-54.28673
"917",80540,"Mazama americana",-25.67391,-54.28978
"918",80540,"Mazama americana",-25.67386,-54.2903
"919",80540,"Mazama americana",-25.67383,-54.29053
"920",80540,"Mazama americana",-25.67299,-54.29603
"921",80540,"Mazama americana",-25.67487,-54.30379
"922",80540,"Mazama americana",-25.67497,-54.30419
"923",80540,"Mazama americana",-25.67516,-54.30463
"924",80540,"Mazama americana",-25.67799,-54.30977
"925",80540,"Mazama americana",-25.67895,-54.31031
"926",80540,"Mazama americana",-25.67951,-54.3106
"927",80540,"Mazama americana",-25.68303,-54.31157
"928",80540,"Mazama americana",-25.68329,-54.3116
"929",80540,"Mazama americana",-25.68388,-54.31166
"930",80540,"Mazama americana",-25.68443,-54.31175
"931",80540,"Mazama americana",-25.70168,-54.47301
"932",80540,"Mazama americana",-25.6721,-54.24538
"933",80540,"Mazama americana",-25.02649,-58.08139
"936",80540,"Mazama americana",-25.01531,-58.13056
"937",80540,"Mazama americana",-25.05231,-58.18165
"938",80540,"Mazama americana",-25.1233,-58.17543
"939",80540,"Mazama americana",-25.06494,-58.13245
"940",80540,"Mazama americana",-25.11901,-58.02915
"941",80540,"Mazama americana",-25.118,-57.97596
"942",80540,"Mazama americana",-25.1219,-58.0244
"943",80540,"Mazama americana",-25.07372,-58.17275
"944",80540,"Mazama americana",-25.11977,-58.18299
"945",80540,"Mazama americana",-25.10607,-58.15322
"946",80540,"Mazama americana",-25.01775,-58.2828
"947",80540,"Mazama americana",4.38374,-58.92122
"948",80540,"Mazama americana",-20.363333,-40.659167
"949",80540,"Mazama americana",-19.935556,-40.600278
"952",80540,"Mazama americana",-19.867222,-40.572222
"953",80540,"Mazama americana",-25.6898,-54.444206
"954",80540,"Mazama americana",-14.189209,-68.333928
"955",80540,"Mazama americana",11.314745,-73.996736
"956",80540,"Mazama americana",-16.524118,-56.694353
"957",80540,"Mazama americana",18.531944,-95.305833
"958",80540,"Mazama americana",18.364,-94.98467
"959",80540,"Mazama americana",18.5036,-88.3053
"960",80540,"Mazama americana",17.43202,-95.0249
"961",80540,"Mazama americana",16.5893848228607,-91.5638056520221
"962",80540,"Mazama americana",16.726944,-93.1
"963",80540,"Mazama americana",16.812778,-91.3075
"964",80540,"Mazama americana",16.8125,-91.1625
"965",80540,"Mazama americana",16.760556,-91.130278
"967",80540,"Mazama americana",18.505278,-89.395
"970",80540,"Mazama americana",16.708889,-91.065278
"972",80540,"Mazama americana",16.1075,-93.590556
"981",80540,"Mazama americana",16.155,-93.6075
"987",80540,"Mazama americana",15.964444,-93.498611
"989",80540,"Mazama americana",16.7,-91.066667
"992",80540,"Mazama americana",16.5075,-93.7425
"994",80540,"Mazama americana",6.316667,-60.266667
"995",80540,"Mazama americana",3.44567,-59.81016
"996",80540,"Mazama americana",2.58333,-59.93333
"997",80540,"Mazama americana",3.3,-58.75
"998",80540,"Mazama americana",2.83333,-59.08242
"999",80540,"Mazama americana",2.933333,-59.483333
"1000",80540,"Mazama americana",3.38333,-59.43794
"1002",80540,"Mazama americana",5.25,-57.3
"1003",80540,"Mazama americana",15.566667,-92.25
"1004",80540,"Mazama americana",15.566667,-92.833333
"1005",80540,"Mazama americana",15.526389,-92.803056
"1006",80540,"Mazama americana",16.274722,-93.726389
"1007",80540,"Mazama americana",16.42,-94.026111
"1010",80540,"Mazama americana",15.6,-92.866667
"1011",80540,"Mazama americana",15.656944,-92.8075
"1012",80540,"Mazama americana",15.144722,-92.185556
"1015",80540,"Mazama americana",15.548472,-92.433028
"1020",80540,"Mazama americana",18.425,-95.108333
"1022",80540,"Mazama americana",16.925,-94.691667
"1024",80540,"Mazama americana",16.191667,-95.341667
"1025",80540,"Mazama americana",18.128333,-97.075
"1029",80540,"Mazama americana",18.191667,-96.841667
"1032",80540,"Mazama americana",17.592778,-96.208889
"1033",80540,"Mazama americana",17.571944,-96.521667
"1034",80540,"Mazama americana",17.352222,-96.249722
"1035",80540,"Mazama americana",17.384167,-96.345278
"1036",80540,"Mazama americana",18.915556,-96.776389
"1038",80540,"Mazama americana",-14.51924,-47.53333
"1039",80540,"Mazama americana",-1.087249,-80.843333
"1040",80540,"Mazama americana",-1.664611,-80.66558
"1041",80540,"Mazama americana",10.2,-61.2
"1042",80540,"Mazama americana",-1.146726,-76.730208
"1043",80540,"Mazama americana",16.719,-91.064
"1044",80540,"Mazama americana",16.107,-90.951
"1045",80540,"Mazama americana",17.509,-91.981
"1046",80540,"Mazama americana",21.217,-87.183
"1047",80540,"Mazama americana",18.15,-90.017
"1049",80540,"Mazama americana",19.226,-88.038
"1050",80540,"Mazama americana",19.374,-88.151
"1052",80540,"Mazama americana",19.638,-88.285
"1053",80540,"Mazama americana",19.162,-88.103
"1054",80540,"Mazama americana",19.174,-88.169
"1055",80540,"Mazama americana",18.444,-89.101
"1056",80540,"Mazama americana",21.202,-88.792
"1057",80540,"Mazama americana",21.143,-88.149
"1058",80540,"Mazama americana",20.936,-88.008
"1059",80540,"Mazama americana",21.019,-88.176
"1060",80540,"Mazama americana",20.978,-88.17
"1061",80540,"Mazama americana",20.126,-88.924
"1062",80540,"Mazama americana",20.719,-88.066
"1063",80540,"Mazama americana",20.197,-87.465
"1064",80540,"Mazama americana",15.483,-90.317
"1065",80540,"Mazama americana",15.707,-92.794
"1066",80540,"Mazama americana",17,-93.667
"1067",80540,"Mazama americana",-2.567,-79.35
"1068",80540,"Mazama americana",17.246,-90.547
"1069",80540,"Mazama americana",3.268,-58.779
"1070",80540,"Mazama americana",-2.167,-80.033
"1071",80540,"Mazama americana",-9.867,-65.7
"1072",80540,"Mazama americana",-13.503,-69.683
"1073",80540,"Mazama americana",3.25,-59.25
"1074",80540,"Mazama americana",16.358,-89.125
"1075",80540,"Mazama americana",-10.667,-66.85
"1076",80540,"Mazama americana",-13.142,-69.607
"1078",80540,"Mazama americana",-12.517,-68.7
"1079",80540,"Mazama americana",-1.567,-80.717
"1082",80540,"Mazama americana",-10.767,-66.733
"1083",80540,"Mazama americana",-12.658,-68.738
"1084",80540,"Mazama americana",-4.283,-78.633
"1085",80540,"Mazama americana",-12.838,-69.295
"1086",80540,"Mazama americana",-1.333,-79.583
"1087",80540,"Mazama americana",-0.617,-79.85
"1088",80540,"Mazama americana",3.192,-58.812
"1090",80540,"Mazama americana",-0.033,-79.967
"1092",80540,"Mazama americana",-3.483,-78.233
"1093",80540,"Mazama americana",-4.283333,-74.316666
"1094",80540,"Mazama americana",-4,-77.333336
"1096",80540,"Mazama americana",4.747168,-76.86335
"1097",80540,"Mazama americana",3.283333,-73.883333
"1102",80540,"Mazama americana",-3.433333,-72.76667
"1103",80540,"Mazama americana",-21.666666,-49.75
"1106",80540,"Mazama americana",-4.833333,-74.216667
"1107",80540,"Mazama americana",-14.158334,-69.25
"1108",80540,"Mazama americana",4.666667,-77.25
"1109",80540,"Mazama americana",3.931327,-76.485001
"1110",80540,"Mazama americana",2.666667,-77.2
"1111",80540,"Mazama americana",16.716667,-91.083333
"1112",80540,"Mazama americana",16.825,-91.25
"1113",80540,"Mazama americana",18.613111,-89.297853
"1118",80540,"Mazama americana",19.389722,-88.103611
"1121",80540,"Mazama americana",16.258611,-90.8525
"1122",80540,"Mazama americana",17.087778,-93.759444
"1126",80540,"Mazama americana",16.706389,-91.063333
"1128",80540,"Mazama americana",16.908333,-93.641667
"1129",80540,"Mazama americana",16.15,-90.883333
"1138",80540,"Mazama americana",18.608056,-90.013889
"1139",80540,"Mazama americana",16.773992,-91.108503
"1140",80540,"Mazama americana",19.030833,-90.014722
"1141",80540,"Mazama americana",18.212481,-89.458333
"1150",80540,"Mazama americana",19.083611,-89.297853
"1152",80540,"Mazama americana",18.107222,-89.809444
"1157",80540,"Mazama americana",19.113056,-89.909722
"1171",80540,"Mazama americana",16.163611,-90.918611
"1174",80540,"Mazama americana",20.070833,-89.050555
"1175",80540,"Mazama americana",16.125,-90.852778
"1188",80540,"Mazama americana",16.941944,-89.893333
"1190",80540,"Mazama americana",21.216667,-87.183333
"1191",80540,"Mazama americana",16.55,-91.05
"1193",80540,"Mazama americana",16.719444,-91.064444
"1194",80540,"Mazama americana",20.944444,-87.286667
"1195",80540,"Mazama americana",10.49,-61.08
"1196",80540,"Mazama americana",18.125556,-89.135833
"1197",80540,"Mazama americana",18.716111,-87.708333
"1198",80540,"Mazama americana",19.26,-88.1325
"1201",80540,"Mazama americana",17.040556,-94.669722
"1203",80540,"Mazama americana",17.094722,-94.119444
"1205",80540,"Mazama americana",16.112573,-90.941068
"1206",80540,"Mazama americana",21.133333,-88.633333
"1207",80540,"Mazama americana",19.389722,-88.074167
"1220",80540,"Mazama americana",21.933333,-86.2
"1222",80540,"Mazama americana",-1.099046,-76.71627
"1223",80540,"Mazama americana",-15.46096,-55.734032
"1224",80540,"Mazama americana",-19.496693,-56.9557
"1225",80540,"Mazama americana",-19.545879,-57.039085
"1226",80540,"Mazama americana",4.31627,-74.4241
"1227",80540,"Mazama americana",4.52083,-73.7156
"1228",80540,"Mazama americana",3.00852,-74.1907
"1229",80540,"Mazama americana",10.899,-73.9753
"1231",80540,"Mazama americana",-5.67,-56.75
"1232",80540,"Mazama americana",-17.139485,-51.804201
"1233",80540,"Mazama americana",4.848928,-74.813139
"1235",80540,"Mazama americana",1.08333,-78.0167
"1236",80540,"Mazama americana",17.39361,-89.63361
"1239",80540,"Mazama americana",10.03333,-84.75
"1240",80540,"Mazama americana",-24.55,-55.7
"1242",80540,"Mazama americana",-22.74549,-55.80921
"1243",80540,"Mazama americana",-15.51667,-67.81667
"1245",80540,"Mazama americana",-24.45,-55.65
"1248",80540,"Mazama americana",8.64907,-77.36776
"1250",80540,"Mazama americana",-22.9,-47.06
"1302",80540,"Mazama americana",2.93946,-52.39461
"1329",80540,"Mazama americana",3.74903,-54.10549
"1395",80540,"Mazama americana",2.48692,-52.66385
"1413",80540,"Mazama americana",3.30096,-52.57505
"1423",80540,"Mazama americana",2.30559,-53.0232
"1428",80540,"Mazama americana",3.48248,-52.12531
"1443",80540,"Mazama americana",3.56866,-54.01495
"1458",80540,"Mazama americana",-18.183333,-59.366667
"1459",80540,"Mazama americana",-17.466667,-63.483333
"1460",80540,"Mazama americana",-14.466667,-66.216667
"1461",80540,"Mazama americana",-28.24727,-59.45543
"1462",80540,"Mazama americana",-27.33883,-54.44802
"1515",80540,"Mazama americana",-25.56674,-54.30495
"1964",80540,"Mazama americana",-25.90209,-54.56021
"1969",80540,"Mazama americana",-25.97427,-54.11633
"2029",80540,"Mazama americana",-25.93707,-54.25622
"2030",80540,"Mazama americana",9.2,-72.63
"2031",80540,"Mazama americana",3.982552,-75.662863
"2032",80540,"Mazama americana",15.706667,-92.797222
"2033",80540,"Mazama americana",17.483333,-92.045833
"2034",80540,"Mazama americana",17.509167,-91.980556
"2035",80540,"Mazama americana",15.961667,-93.514167
"2036",80540,"Mazama americana",16.852778,-93.558611
"2037",80540,"Mazama americana",16.967222,-92.424167
"2038",80540,"Mazama americana",16.6175,-91.520556
"2039",80540,"Mazama americana",16.65556,-93.76
