"","taxon_id","taxon_name","decimal_latitude","decimal_longitude"
"1",80941,"Oreotragus oreotragus",-1.05,36.56667
"3",80941,"Oreotragus oreotragus",-25.240278,27.075833
"4",80941,"Oreotragus oreotragus",-21.086435,14.562786
"5",80941,"Oreotragus oreotragus",-2.436428,34.820568
"6",80941,"Oreotragus oreotragus",-25.162979,31.617205
"7",80941,"Oreotragus oreotragus",-2.000822,35.164318
"9",80941,"Oreotragus oreotragus",-2.438762,34.84473
"10",80941,"Oreotragus oreotragus",-25.17999,31.61719
"11",80941,"Oreotragus oreotragus",-25.276515,31.549432
"12",80941,"Oreotragus oreotragus",-2.504188,34.881095
"13",80941,"Oreotragus oreotragus",-2.571823,34.778706
"14",80941,"Oreotragus oreotragus",-28.290407,17.292287
"15",80941,"Oreotragus oreotragus",-24.255436,16.227558
"16",80941,"Oreotragus oreotragus",-5.410262,30.481482
"17",80941,"Oreotragus oreotragus",-10.584,33.751
"18",80941,"Oreotragus oreotragus",-2.50467,34.8826
"19",80941,"Oreotragus oreotragus",-28.3192,17.280037
"20",80941,"Oreotragus oreotragus",-22.584634,28.516822
"21",80941,"Oreotragus oreotragus",-27.549117,31.353993
"22",80941,"Oreotragus oreotragus",0.1667,37.6
"24",80941,"Oreotragus oreotragus",-25.252746,31.539383
"25",80941,"Oreotragus oreotragus",-21.815957,15.185584
"26",80941,"Oreotragus oreotragus",-20.557222,28.5125
"27",80941,"Oreotragus oreotragus",-22.214543,29.09523
"28",80941,"Oreotragus oreotragus",-2.333333,34.833333
"29",80941,"Oreotragus oreotragus",-23.943786,31.613964
"30",80941,"Oreotragus oreotragus",-23.624013,31.439025
"31",80941,"Oreotragus oreotragus",-24.203768,30.894047
"32",80941,"Oreotragus oreotragus",-24.99483,31.59693
"33",80941,"Oreotragus oreotragus",-2.25,36
"34",80941,"Oreotragus oreotragus",-8.833333,31.383333
"35",80941,"Oreotragus oreotragus",-24.366152,27.795367
"36",80941,"Oreotragus oreotragus",-33.442015,20.674024
"37",80941,"Oreotragus oreotragus",-33.447531,20.677365
"38",80941,"Oreotragus oreotragus",-24.460659,27.61318
"39",80941,"Oreotragus oreotragus",-22.183129,29.409033
"40",80941,"Oreotragus oreotragus",-22.218072,29.346882
"41",80941,"Oreotragus oreotragus",-24.460041,27.585754
"42",80941,"Oreotragus oreotragus",-18.712623,26.282968
"43",80941,"Oreotragus oreotragus",-33.344998,21.807715
"44",80941,"Oreotragus oreotragus",-24.696934,31.761479
"45",80941,"Oreotragus oreotragus",-24.828806,31.896744
"46",80941,"Oreotragus oreotragus",-24.867364,31.897272
"47",80941,"Oreotragus oreotragus",-1.958928,35.168281
"48",80941,"Oreotragus oreotragus",-1.15,36.349998
"50",80941,"Oreotragus oreotragus",-0.66667,36.033329
"51",80941,"Oreotragus oreotragus",-1.45,36.983334
"53",80941,"Oreotragus oreotragus",-1.466667,37.049999
"54",80941,"Oreotragus oreotragus",-32.129318,20.118168
"55",80941,"Oreotragus oreotragus",-28.617415,20.349212
"56",80941,"Oreotragus oreotragus",-28.6,20.333333
"57",80941,"Oreotragus oreotragus",0.157113,37.137179
"58",80941,"Oreotragus oreotragus",-34.103477,18.967643
"59",80941,"Oreotragus oreotragus",-25.015307,31.421757
"60",80941,"Oreotragus oreotragus",-7.704017,34.883995
"61",80941,"Oreotragus oreotragus",-0.596775,31.010573
"62",80941,"Oreotragus oreotragus",-3.219778,36.766048
"63",80941,"Oreotragus oreotragus",-16.87705,28.53747
"64",80941,"Oreotragus oreotragus",-1.912448,35.114118
"65",80941,"Oreotragus oreotragus",-2.004561,35.166233
"66",80941,"Oreotragus oreotragus",-24.8829,31.7622
"67",80941,"Oreotragus oreotragus",-23.920843,31.300933
"68",80941,"Oreotragus oreotragus",-23.944098,31.724742
"69",80941,"Oreotragus oreotragus",-22.224456,29.356914
"70",80941,"Oreotragus oreotragus",-25.3,15.93333
"72",80941,"Oreotragus oreotragus",-25.2981,27.1786
"73",80941,"Oreotragus oreotragus",-25.3253,27.162
"74",80941,"Oreotragus oreotragus",-22.680358,16.047288
"75",80941,"Oreotragus oreotragus",-25.073,31.449
"76",80941,"Oreotragus oreotragus",-17.558152,31.237102
"77",80941,"Oreotragus oreotragus",13.30645,38.26414
"78",80941,"Oreotragus oreotragus",-24.869,31.78
"79",80941,"Oreotragus oreotragus",-25.454738,29.431753
"80",80941,"Oreotragus oreotragus",-24.02311,31.20041
"81",80941,"Oreotragus oreotragus",-24.460581,27.613057
"84",80941,"Oreotragus oreotragus",-22.9632,29.623
"85",80941,"Oreotragus oreotragus",-22.9842,29.615
"86",80941,"Oreotragus oreotragus",-33.342,21.8255
"87",80941,"Oreotragus oreotragus",-22.222,29.3473
"88",80941,"Oreotragus oreotragus",-22.98,29.6237
"89",80941,"Oreotragus oreotragus",-24.0617,31.6892
"90",80941,"Oreotragus oreotragus",-25.2799,27.1422
"91",80941,"Oreotragus oreotragus",-24.995,31.597
"92",80941,"Oreotragus oreotragus",-24.812106,28.074912
"93",80941,"Oreotragus oreotragus",-24.871561,31.774575
"94",80941,"Oreotragus oreotragus",-25.264714,31.535219
"95",80941,"Oreotragus oreotragus",-32.403671,19.093961
"96",80941,"Oreotragus oreotragus",-25.322056,27.104639
"97",80941,"Oreotragus oreotragus",13.266011,38.077754
"98",80941,"Oreotragus oreotragus",-24.998373,31.592388
"99",80941,"Oreotragus oreotragus",-26.161602,16.596222
"100",80941,"Oreotragus oreotragus",-19.007269,14.473543
"101",80941,"Oreotragus oreotragus",6.883503,39.900242
"102",80941,"Oreotragus oreotragus",-21.513659,15.579782
"103",80941,"Oreotragus oreotragus",-3.225529,37.987289
"104",80941,"Oreotragus oreotragus",-33.891777,22.424117
"105",80941,"Oreotragus oreotragus",-12.339814,37.824111
"106",80941,"Oreotragus oreotragus",-23.770893,31.517715
"107",80941,"Oreotragus oreotragus",6.77155,39.757903
"108",80941,"Oreotragus oreotragus",-7.658128,34.898011
"109",80941,"Oreotragus oreotragus",0.22942,37.14505
"110",80941,"Oreotragus oreotragus",-33.975253,18.393345
"111",80941,"Oreotragus oreotragus",0.244117,37.32406
"112",80941,"Oreotragus oreotragus",13.357554,38.287354
"113",80941,"Oreotragus oreotragus",-20.483333,28.5
"114",80941,"Oreotragus oreotragus",-27.5111,31.278076
"115",80941,"Oreotragus oreotragus",-1.828297,34.965169
"116",80941,"Oreotragus oreotragus",-25.341505,31.525483
"117",80941,"Oreotragus oreotragus",-25.143262,31.24321
"118",80941,"Oreotragus oreotragus",-0.28333,36.06667
"119",80941,"Oreotragus oreotragus",-0.91667,36.31667
"130",80941,"Oreotragus oreotragus",7.09459,39.76347
"132",80941,"Oreotragus oreotragus",-20.422991,17.331963
"133",80941,"Oreotragus oreotragus",-28.589346,20.269775
"134",80941,"Oreotragus oreotragus",-33.356728,22.052673
"135",80941,"Oreotragus oreotragus",-10.581388,33.706616
"136",80941,"Oreotragus oreotragus",-24.877146,31.76647
"137",80941,"Oreotragus oreotragus",-3.915976,36.041979
"138",80941,"Oreotragus oreotragus",-32.325542,22.453899
"139",80941,"Oreotragus oreotragus",-22.202877,29.372389
"140",80941,"Oreotragus oreotragus",-24.467193,27.612791
"141",80941,"Oreotragus oreotragus",-24.491436,27.520172
"142",80941,"Oreotragus oreotragus",-24.450563,27.613746
"143",80941,"Oreotragus oreotragus",-24.491459,27.520135
"144",80941,"Oreotragus oreotragus",-22.186194,29.425421
"145",80941,"Oreotragus oreotragus",-32.329085,22.472635
"146",80941,"Oreotragus oreotragus",-22.250642,29.279014
"147",80941,"Oreotragus oreotragus",-28.577633,20.254807
"148",80941,"Oreotragus oreotragus",-2.609236,34.826523
"150",80941,"Oreotragus oreotragus",-32.224419,22.225342
"153",80941,"Oreotragus oreotragus",-24.046465,31.420898
"154",80941,"Oreotragus oreotragus",-25.417231,31.198425
"155",80941,"Oreotragus oreotragus",-22.689737,14.879547
"157",80941,"Oreotragus oreotragus",-22.269505,16.900808
"158",80941,"Oreotragus oreotragus",6.856213,39.862003
"160",80941,"Oreotragus oreotragus",-29.020166,19.399109
"161",80941,"Oreotragus oreotragus",-2.233828,34.917886
"162",80941,"Oreotragus oreotragus",-20.481191,28.524538
"163",80941,"Oreotragus oreotragus",-20.544991,28.500291
"164",80941,"Oreotragus oreotragus",-20.522063,28.476287
"165",80941,"Oreotragus oreotragus",-18.789234,26.308451
"166",80941,"Oreotragus oreotragus",-33.595276,23.407429
"167",80941,"Oreotragus oreotragus",-34.048269,19.011076
"168",80941,"Oreotragus oreotragus",-25.271935,31.626329
"169",80941,"Oreotragus oreotragus",-24.545717,30.862556
"170",80941,"Oreotragus oreotragus",-26.470396,31.177448
"171",80941,"Oreotragus oreotragus",-10.638648,33.761005
"172",80941,"Oreotragus oreotragus",-25.091565,31.5481
"173",80941,"Oreotragus oreotragus",-25.092062,31.542445
"174",80941,"Oreotragus oreotragus",-23.532143,31.482504
"176",80941,"Oreotragus oreotragus",-24.329775,27.812748
