"","taxon_id","taxon_name","decimal_latitude","decimal_longitude"
"1",80331,"Phacochoerus africanus",-1.86667,36.01667
"2",80331,"Phacochoerus africanus",-3.58333,35.83333
"9",80331,"Phacochoerus africanus",-3.78018,38.778993
"10",80331,"Phacochoerus africanus",16.55,-15.77
"11",80331,"Phacochoerus africanus",7.43,-3.47
"12",80331,"Phacochoerus africanus",0.04622,36.932859
"13",80331,"Phacochoerus africanus",-7.745095,38.209173
"14",80331,"Phacochoerus africanus",-7.675573,38.17769
"15",80331,"Phacochoerus africanus",-2.639218,37.199364
"16",80331,"Phacochoerus africanus",-23.237738,18.389986
"17",80331,"Phacochoerus africanus",-3.264262,36.852951
"18",80331,"Phacochoerus africanus",-7.672205,38.085823
"20",80331,"Phacochoerus africanus",-18.754915,17.088352
"21",80331,"Phacochoerus africanus",-2.436428,34.820568
"22",80331,"Phacochoerus africanus",-2.977327,38.831177
"23",80331,"Phacochoerus africanus",-20.07399,30.592632
"25",80331,"Phacochoerus africanus",-18.136124,21.678843
"26",80331,"Phacochoerus africanus",-7.708951,34.874725
"27",80331,"Phacochoerus africanus",-3.17274,35.561028
"28",80331,"Phacochoerus africanus",-28.144659,32.047119
"31",80331,"Phacochoerus africanus",-17.832375,25.046082
"33",80331,"Phacochoerus africanus",-3.565506,35.748138
"36",80331,"Phacochoerus africanus",-2.831946,34.997585
"37",80331,"Phacochoerus africanus",-1.573594,35.202942
"39",80331,"Phacochoerus africanus",-2.000822,35.164318
"40",80331,"Phacochoerus africanus",12.964413,-13.175354
"43",80331,"Phacochoerus africanus",-4.077973,36.044769
"44",80331,"Phacochoerus africanus",-2.619326,34.747009
"45",80331,"Phacochoerus africanus",-26.467808,20.612453
"46",80331,"Phacochoerus africanus",-17.806419,25.146246
"48",80331,"Phacochoerus africanus",-19.046541,26.585541
"49",80331,"Phacochoerus africanus",-0.350187,36.083221
"51",80331,"Phacochoerus africanus",-13.03667,31.486816
"54",80331,"Phacochoerus africanus",-24.375362,31.119375
"55",80331,"Phacochoerus africanus",-21.920557,16.694273
"56",80331,"Phacochoerus africanus",-3.235537,36.844345
"57",80331,"Phacochoerus africanus",-33.483333,25.75
"59",80331,"Phacochoerus africanus",-4.196311,36.07177
"60",80331,"Phacochoerus africanus",28.447173,-99.372368
"61",80331,"Phacochoerus africanus",-1.394116,36.839689
"62",80331,"Phacochoerus africanus",-13.1897,31.675825
"63",80331,"Phacochoerus africanus",-3.161752,35.58767
"65",80331,"Phacochoerus africanus",-2.484438,34.773978
"66",80331,"Phacochoerus africanus",-2.412647,34.805555
"67",80331,"Phacochoerus africanus",-2.41248,34.805618
"68",80331,"Phacochoerus africanus",-2.555735,34.94579
"69",80331,"Phacochoerus africanus",-3.442827,35.831566
"70",80331,"Phacochoerus africanus",-25.162979,31.617205
"71",80331,"Phacochoerus africanus",-21.862592,21.398514
"72",80331,"Phacochoerus africanus",-3.950674,35.866126
"73",80331,"Phacochoerus africanus",-22.72022,31.035164
"74",80331,"Phacochoerus africanus",12.547657,2.496012
"75",80331,"Phacochoerus africanus",12.439918,2.745939
"76",80331,"Phacochoerus africanus",12.386991,2.784846
"77",80331,"Phacochoerus africanus",12.44985,2.601143
"78",80331,"Phacochoerus africanus",11.99247,2.21139
"80",80331,"Phacochoerus africanus",11.87904,2.30478
"81",80331,"Phacochoerus africanus",11.89187,0.99313
"82",80331,"Phacochoerus africanus",12.25524,2.22986
"83",80331,"Phacochoerus africanus",2.27726,31.564909
"84",80331,"Phacochoerus africanus",12.472984,2.436237
"85",80331,"Phacochoerus africanus",-3.181009,35.569911
"86",80331,"Phacochoerus africanus",12.142472,2.313306
"87",80331,"Phacochoerus africanus",12.143583,2.312389
"88",80331,"Phacochoerus africanus",12.080111,2.411528
"89",80331,"Phacochoerus africanus",12.168222,2.381417
"91",80331,"Phacochoerus africanus",-3.01151,36.996692
"92",80331,"Phacochoerus africanus",-19.249964,23.343201
"93",80331,"Phacochoerus africanus",-1.292066,36.821946
"94",80331,"Phacochoerus africanus",-18.855591,16.32932
"96",80331,"Phacochoerus africanus",-0.457301,36.719055
"97",80331,"Phacochoerus africanus",0.009699,36.938953
"98",80331,"Phacochoerus africanus",-25.229377,27.032331
"99",80331,"Phacochoerus africanus",6.610726,39.822006
"100",80331,"Phacochoerus africanus",6.995948,39.665451
"101",80331,"Phacochoerus africanus",-4.158898,36.065918
"102",80331,"Phacochoerus africanus",0.225219,37.440033
"103",80331,"Phacochoerus africanus",-3.199003,35.586362
"104",80331,"Phacochoerus africanus",-6.041787,38.774647
"105",80331,"Phacochoerus africanus",-6.044455,38.775873
"106",80331,"Phacochoerus africanus",3.751396,29.518909
"107",80331,"Phacochoerus africanus",-3.205147,35.586968
"108",80331,"Phacochoerus africanus",-24.046465,31.420898
"109",80331,"Phacochoerus africanus",-22.577093,16.761028
"110",80331,"Phacochoerus africanus",-20.422991,17.331963
"111",80331,"Phacochoerus africanus",-18.813225,17.213011
"112",80331,"Phacochoerus africanus",-18.812515,16.940081
"113",80331,"Phacochoerus africanus",-19.471153,17.750095
"114",80331,"Phacochoerus africanus",-21.017437,16.683859
"116",80331,"Phacochoerus africanus",-20.272581,16.956791
"117",80331,"Phacochoerus africanus",3.751074,29.524033
"118",80331,"Phacochoerus africanus",0.66311,36.81687
"119",80331,"Phacochoerus africanus",0.76387,36.64689
"120",80331,"Phacochoerus africanus",0.64369,36.71921
"121",80331,"Phacochoerus africanus",0.72163,36.63561
"122",80331,"Phacochoerus africanus",0.39286,36.65573
"123",80331,"Phacochoerus africanus",0.65782,36.79052
"124",80331,"Phacochoerus africanus",0.58575,36.80784
"125",80331,"Phacochoerus africanus",0.71285,36.59973
"126",80331,"Phacochoerus africanus",0.55219,36.87158
"127",80331,"Phacochoerus africanus",1.15426,37.83408
"128",80331,"Phacochoerus africanus",1.08087,36.69073
"129",80331,"Phacochoerus africanus",0.50401,36.85276
"130",80331,"Phacochoerus africanus",0.57566,36.79878
"131",80331,"Phacochoerus africanus",0.69047,36.80799
"132",80331,"Phacochoerus africanus",1.10254,38.00375
"133",80331,"Phacochoerus africanus",0.45559,36.74465
"134",80331,"Phacochoerus africanus",0.74752,36.65506
"135",80331,"Phacochoerus africanus",0.22816,37.25683
"136",80331,"Phacochoerus africanus",0.51275,36.87031
"137",80331,"Phacochoerus africanus",0.64803,36.79974
"138",80331,"Phacochoerus africanus",1.22147,37.10423
"139",80331,"Phacochoerus africanus",0.53356,36.80839
"140",80331,"Phacochoerus africanus",0.49455,36.85112
"141",80331,"Phacochoerus africanus",0.71761,36.73594
"142",80331,"Phacochoerus africanus",0.68808,36.45797
"143",80331,"Phacochoerus africanus",1.11341,37.55265
"144",80331,"Phacochoerus africanus",0.62506,36.7359
"145",80331,"Phacochoerus africanus",0.65733,36.7372
"146",80331,"Phacochoerus africanus",0.71303,36.61896
"147",80331,"Phacochoerus africanus",0.60939,36.85234
"148",80331,"Phacochoerus africanus",1.04848,37.5447
"149",80331,"Phacochoerus africanus",0.51746,36.67284
"150",80331,"Phacochoerus africanus",0.70747,36.77271
"151",80331,"Phacochoerus africanus",1.05327,37.43736
"152",80331,"Phacochoerus africanus",0.66147,36.82576
"153",80331,"Phacochoerus africanus",0.77647,37.10477
"154",80331,"Phacochoerus africanus",0.75784,37.54081
"155",80331,"Phacochoerus africanus",0.63619,36.80833
"156",80331,"Phacochoerus africanus",0.76564,37.06315
"157",80331,"Phacochoerus africanus",0.22223,37.23949
"158",80331,"Phacochoerus africanus",0.93537,37.62521
"159",80331,"Phacochoerus africanus",0.98925,37.0196
"160",80331,"Phacochoerus africanus",0.56668,36.86253
"161",80331,"Phacochoerus africanus",0.62949,36.83523
"162",80331,"Phacochoerus africanus",0.30698,37.13162
"163",80331,"Phacochoerus africanus",0.82293,36.62135
"164",80331,"Phacochoerus africanus",0.51288,36.71769
"165",80331,"Phacochoerus africanus",1.17372,37.52621
"166",80331,"Phacochoerus africanus",0.84689,37.47973
"168",80331,"Phacochoerus africanus",-17.909916,25.830619
"169",80331,"Phacochoerus africanus",-11.135479,33.65015
"170",80331,"Phacochoerus africanus",-14.906864,26.280907
"171",80331,"Phacochoerus africanus",-17.823223,25.145988
"173",80331,"Phacochoerus africanus",-22.204889,17.5807
"174",80331,"Phacochoerus africanus",-19.316328,23.851318
"177",80331,"Phacochoerus africanus",-25.347129,31.86945
"178",80331,"Phacochoerus africanus",-24.201879,30.887203
"179",80331,"Phacochoerus africanus",-24.205108,30.888061
"180",80331,"Phacochoerus africanus",-24.2,30.89716
"181",80331,"Phacochoerus africanus",-24.201879,30.888577
"182",80331,"Phacochoerus africanus",-24.198748,30.894756
"183",80331,"Phacochoerus africanus",-24.199374,30.89304
"184",80331,"Phacochoerus africanus",-24.201879,30.88995
"185",80331,"Phacochoerus africanus",-24.202506,30.88686
"186",80331,"Phacochoerus africanus",-24.197182,30.893211
"187",80331,"Phacochoerus africanus",-24.756288,31.810708
"188",80331,"Phacochoerus africanus",0.261396,36.084638
"189",80331,"Phacochoerus africanus",-0.357053,36.056013
"190",80331,"Phacochoerus africanus",-0.171814,29.907049
"192",80331,"Phacochoerus africanus",-29.165977,24.322456
"193",80331,"Phacochoerus africanus",-27.87945,32.279109
"194",80331,"Phacochoerus africanus",-13.078366,31.788871
"195",80331,"Phacochoerus africanus",-13.143986,31.718258
"196",80331,"Phacochoerus africanus",-4.172549,36.039139
"197",80331,"Phacochoerus africanus",-18.790199,24.646299
"198",80331,"Phacochoerus africanus",-17.92835,25.863492
"199",80331,"Phacochoerus africanus",-28.261449,31.983948
"200",80331,"Phacochoerus africanus",-24.990206,27.900392
"201",80331,"Phacochoerus africanus",-1.390077,35.012294
"202",80331,"Phacochoerus africanus",0.05,29.683333
"204",80331,"Phacochoerus africanus",-0.683333,29.383333
"206",80331,"Phacochoerus africanus",-0.133333,29.6
"211",80331,"Phacochoerus africanus",-1,29.35
"212",80331,"Phacochoerus africanus",-0.683333,29.366667
"214",80331,"Phacochoerus africanus",-0.603115,30.935126
"215",80331,"Phacochoerus africanus",-0.626432,30.979566
"216",80331,"Phacochoerus africanus",-0.631669,30.982699
"217",80331,"Phacochoerus africanus",-0.534754,31.018274
"219",80331,"Phacochoerus africanus",-0.603026,30.937596
"221",80331,"Phacochoerus africanus",-0.625709,30.979198
"222",80331,"Phacochoerus africanus",-0.536753,31.021588
"231",80331,"Phacochoerus africanus",-0.536418,31.018516
"251",80331,"Phacochoerus africanus",-0.602066,30.932396
"1046",80331,"Phacochoerus africanus",10.7378,2.1265
"1047",80331,"Phacochoerus africanus",10.5423,1.2085
"1048",80331,"Phacochoerus africanus",10.8044,2.8904
"1049",80331,"Phacochoerus africanus",11.131734,1.498334
"1050",80331,"Phacochoerus africanus",7.903889,1.833611
"1051",80331,"Phacochoerus africanus",10.5221,1.2841
"1052",80331,"Phacochoerus africanus",9.6431,1.7356
"1053",80331,"Phacochoerus africanus",6.9211,2.4072
"1054",80331,"Phacochoerus africanus",11.39028,1.59905
"1055",80331,"Phacochoerus africanus",9.0072,1.7248
"1056",80331,"Phacochoerus africanus",-3.174003,35.563892
"1057",80331,"Phacochoerus africanus",-2.842795,37.044552
"1058",80331,"Phacochoerus africanus",-3.808761,36.0149
"1059",80331,"Phacochoerus africanus",-0.65315,30.914154
"1060",80331,"Phacochoerus africanus",0.28413,36.9102
"1067",80331,"Phacochoerus africanus",0.026607,36.966934
"1068",80331,"Phacochoerus africanus",-15.877892,34.724118
"1069",80331,"Phacochoerus africanus",-14.841319,35.35218
"1070",80331,"Phacochoerus africanus",-22.19,29.21
"1071",80331,"Phacochoerus africanus",-2.994671,38.461334
"1072",80331,"Phacochoerus africanus",-0.885566,36.30621
"1073",80331,"Phacochoerus africanus",-14.855287,35.299673
"1074",80331,"Phacochoerus africanus",-3.153679,35.595035
"1075",80331,"Phacochoerus africanus",11.567825,1.446371
"1076",80331,"Phacochoerus africanus",11.575323,1.455901
"1077",80331,"Phacochoerus africanus",-0.633911,30.964719
"1078",80331,"Phacochoerus africanus",-3.212219,35.578367
"1079",80331,"Phacochoerus africanus",-2.652016,37.260767
"1080",80331,"Phacochoerus africanus",0.002607,36.852306
"1081",80331,"Phacochoerus africanus",0.030494,36.923354
"1083",80331,"Phacochoerus africanus",-21.304681,32.333813
"1084",80331,"Phacochoerus africanus",3.793003,29.495544
"1085",80331,"Phacochoerus africanus",3.752921,29.520307
"1086",80331,"Phacochoerus africanus",-15.387526,28.322817
"1087",80331,"Phacochoerus africanus",-1.415853,34.920891
"1094",80331,"Phacochoerus africanus",3.830594,29.478842
"1095",80331,"Phacochoerus africanus",-0.348093,36.812781
"1096",80331,"Phacochoerus africanus",-1.533307,35.300958
"1097",80331,"Phacochoerus africanus",-19.027718,16.329117
"1098",80331,"Phacochoerus africanus",3.750052,29.518633
"1099",80331,"Phacochoerus africanus",3.753251,29.52018
"1100",80331,"Phacochoerus africanus",-17.914873,25.022461
"1101",80331,"Phacochoerus africanus",3.758267,29.527941
"1102",80331,"Phacochoerus africanus",-7.749117,38.201931
"1103",80331,"Phacochoerus africanus",-7.648189,38.104769
"1104",80331,"Phacochoerus africanus",-7.658736,38.017836
"1105",80331,"Phacochoerus africanus",-15.04616,25.927788
"1106",80331,"Phacochoerus africanus",-2.435828,34.8224
"1107",80331,"Phacochoerus africanus",0.438519,36.317899
"1108",80331,"Phacochoerus africanus",3.755,29.52
"1109",80331,"Phacochoerus africanus",-0.192503,29.902308
"1110",80331,"Phacochoerus africanus",-4.285884,39.39331
"1111",80331,"Phacochoerus africanus",11.53078,1.73403
"1112",80331,"Phacochoerus africanus",11.53966,1.45151
"1113",80331,"Phacochoerus africanus",11.72348,1.09246
"1114",80331,"Phacochoerus africanus",11.54925,1.27641
"1115",80331,"Phacochoerus africanus",11.43472,1.73042
"1116",80331,"Phacochoerus africanus",11.9039,2.48736
"1117",80331,"Phacochoerus africanus",11.80541,2.67029
"1118",80331,"Phacochoerus africanus",11.98692,2.56648
"1119",80331,"Phacochoerus africanus",12.05675,2.57346
"1120",80331,"Phacochoerus africanus",12.33216,2.39438
"1121",80331,"Phacochoerus africanus",12.06196,2.41626
"1122",80331,"Phacochoerus africanus",11.96334,2.40601
"1124",80331,"Phacochoerus africanus",11.80132,0.98491
"1125",80331,"Phacochoerus africanus",11.70973,0.98583
"1126",80331,"Phacochoerus africanus",12.145581,2.590411
"1127",80331,"Phacochoerus africanus",12.24587,0
"1128",80331,"Phacochoerus africanus",-24.96421,31.736755
"1129",80331,"Phacochoerus africanus",-22.404444,22.022862
"1130",80331,"Phacochoerus africanus",-13.031318,31.79718
"1131",80331,"Phacochoerus africanus",-7.704017,34.883995
"1132",80331,"Phacochoerus africanus",-3.193307,35.508327
"1133",80331,"Phacochoerus africanus",-3.809446,35.949326
"1134",80331,"Phacochoerus africanus",0.19139,37.46935
"1135",80331,"Phacochoerus africanus",-1.366667,36.733333
"1136",80331,"Phacochoerus africanus",-0.161883,30.020296
"1137",80331,"Phacochoerus africanus",-1.518771,35.05483
"1138",80331,"Phacochoerus africanus",-1.618963,35.352216
"1139",80331,"Phacochoerus africanus",-0.31834,36.070795
"1140",80331,"Phacochoerus africanus",-0.331285,36.06453
"1141",80331,"Phacochoerus africanus",2.267236,31.63166
"1142",80331,"Phacochoerus africanus",2.269551,31.66317
"1143",80331,"Phacochoerus africanus",-1.386012,36.894688
"1144",80331,"Phacochoerus africanus",-1.371708,36.84352
"1145",80331,"Phacochoerus africanus",2.239757,31.706139
"1146",80331,"Phacochoerus africanus",-3.892428,36.062021
"1147",80331,"Phacochoerus africanus",-7.011771,37.391235
"1148",80331,"Phacochoerus africanus",-3.217194,35.572818
"1149",80331,"Phacochoerus africanus",-3.214141,35.556588
"1150",80331,"Phacochoerus africanus",6.714869,39.725242
"1151",80331,"Phacochoerus africanus",7.105407,39.781995
"1152",80331,"Phacochoerus africanus",-19.42,22.27
"1153",80331,"Phacochoerus africanus",-3.172632,35.589298
"1154",80331,"Phacochoerus africanus",-3.177251,35.589523
"1155",80331,"Phacochoerus africanus",-2.91581,35.14801
"1156",80331,"Phacochoerus africanus",-3.492617,35.786265
"1158",80331,"Phacochoerus africanus",-21.780087,23.233001
"1159",80331,"Phacochoerus africanus",-3.192586,35.601435
"1160",80331,"Phacochoerus africanus",-7.343298,37.132925
"1161",80331,"Phacochoerus africanus",-7.351337,37.135293
"1162",80331,"Phacochoerus africanus",-7.330125,37.133483
"1163",80331,"Phacochoerus africanus",-7.311798,37.146145
"1164",80331,"Phacochoerus africanus",-7.34157,37.13
"1165",80331,"Phacochoerus africanus",11.234812,1.573963
"1166",80331,"Phacochoerus africanus",-3.973267,35.665226
"1167",80331,"Phacochoerus africanus",-1.160352,35.2565
"1168",80331,"Phacochoerus africanus",-1.186439,35.16861
"1169",80331,"Phacochoerus africanus",-26.477,31.191
"1170",80331,"Phacochoerus africanus",16.404326,-16.294708
"1171",80331,"Phacochoerus africanus",16.423172,-16.294021
"1172",80331,"Phacochoerus africanus",6.924126,39.702358
"1173",80331,"Phacochoerus africanus",-12.949967,31.944378
"1174",80331,"Phacochoerus africanus",-3.398473,35.825386
"1175",80331,"Phacochoerus africanus",-3.398393,35.855133
"1176",80331,"Phacochoerus africanus",-17.870773,25.810661
"1177",80331,"Phacochoerus africanus",-3.224549,36.880074
"1178",80331,"Phacochoerus africanus",-13.073735,31.790378
"1179",80331,"Phacochoerus africanus",2.2529,31.6542
"1180",80331,"Phacochoerus africanus",3.1181,31.6772
"1181",80331,"Phacochoerus africanus",1.5621,32.0383
"1182",80331,"Phacochoerus africanus",3.5771,31.1012
"1183",80331,"Phacochoerus africanus",2.3437,32.117
"1184",80331,"Phacochoerus africanus",2.419,31.9905
"1185",80331,"Phacochoerus africanus",2.2596,32.2463
"1186",80331,"Phacochoerus africanus",1.6079,32.0365
"1187",80331,"Phacochoerus africanus",2.2633,32.2512
"1188",80331,"Phacochoerus africanus",3.721,31.2002
"1189",80331,"Phacochoerus africanus",2.2722,31.6862
"1190",80331,"Phacochoerus africanus",3.5861,31.1102
"1192",80331,"Phacochoerus africanus",0.8103,30.0353
"1197",80331,"Phacochoerus africanus",3.0911,31.7042
"1198",80331,"Phacochoerus africanus",1.7611,32.0253
"1204",80331,"Phacochoerus africanus",-18.980159,34.352728
"1205",80331,"Phacochoerus africanus",-25.345745,28.380128
"1206",80331,"Phacochoerus africanus",-0.493397,31.022404
"1207",80331,"Phacochoerus africanus",-24.21597,30.603447
"1208",80331,"Phacochoerus africanus",-24.215814,30.604134
"1209",80331,"Phacochoerus africanus",-24.996047,31.594175
"1210",80331,"Phacochoerus africanus",-19.116625,23.827286
"1211",80331,"Phacochoerus africanus",-22.790901,17.334044
"1212",80331,"Phacochoerus africanus",-1.130204,35.021988
"1213",80331,"Phacochoerus africanus",-19.177792,15.918136
"1214",80331,"Phacochoerus africanus",-18.807842,16.937485
"1216",80331,"Phacochoerus africanus",-24.155525,30.537872
"1217",80331,"Phacochoerus africanus",-4.252948,39.405899
"1218",80331,"Phacochoerus africanus",-18.897625,16.826418
"1219",80331,"Phacochoerus africanus",-19.217072,15.713506
"1220",80331,"Phacochoerus africanus",-20.507545,17.243921
"1222",80331,"Phacochoerus africanus",-21.755325,16.50308
"1223",80331,"Phacochoerus africanus",-19.007269,14.473543
"1224",80331,"Phacochoerus africanus",2.416888,31.770405
"1225",80331,"Phacochoerus africanus",-25.239727,27.074432
"1227",80331,"Phacochoerus africanus",-21.513659,15.579782
"1228",80331,"Phacochoerus africanus",-19.169016,16.106644
"1231",80331,"Phacochoerus africanus",-20.589701,17.437672
"1233",80331,"Phacochoerus africanus",-17.859175,25.820225
"1238",80331,"Phacochoerus africanus",-19.031652,16.471746
"1240",80331,"Phacochoerus africanus",-19.331554,14.369431
"1241",80331,"Phacochoerus africanus",7.09459,39.76347
"1242",80331,"Phacochoerus africanus",-22.29418,17.940931
"1243",80331,"Phacochoerus africanus",-17.874897,19.83279
"1244",80331,"Phacochoerus africanus",-19.165276,15.935669
"1248",80331,"Phacochoerus africanus",-0.634447,30.969772
"1249",80331,"Phacochoerus africanus",-21.018326,16.425518
"1250",80331,"Phacochoerus africanus",-15.903886,34.741776
"1253",80331,"Phacochoerus africanus",-3.701874,35.867271
"1254",80331,"Phacochoerus africanus",-24.517139,31.245804
"1257",80331,"Phacochoerus africanus",9.371838,40.333557
"1262",80331,"Phacochoerus africanus",-22.302557,17.065331
"1264",80331,"Phacochoerus africanus",-19.315662,15.940983
"1265",80331,"Phacochoerus africanus",8.819816,39.682003
"1266",80331,"Phacochoerus africanus",-7.345612,37.135334
"1269",80331,"Phacochoerus africanus",-17.984121,23.295801
"1276",80331,"Phacochoerus africanus",-18.093094,23.382532
"1277",80331,"Phacochoerus africanus",-17.792498,25.21431
"1279",80331,"Phacochoerus africanus",-19.411041,15.923388
"1280",80331,"Phacochoerus africanus",7.120929,39.720211
"1281",80331,"Phacochoerus africanus",-21.463278,15.755228
"1283",80331,"Phacochoerus africanus",-28.166667,32
"1285",80331,"Phacochoerus africanus",-20.334942,17.073822
"1286",80331,"Phacochoerus africanus",-20.484369,17.031906
"1287",80331,"Phacochoerus africanus",-3.143892,35.592013
"1288",80331,"Phacochoerus africanus",-17.829112,25.120669
"1289",80331,"Phacochoerus africanus",11.34921,1.88125
"1290",80331,"Phacochoerus africanus",11.26315,1.2405
"1291",80331,"Phacochoerus africanus",11.25791,1.2405
"1292",80331,"Phacochoerus africanus",11.35977,1.58501
"1293",80331,"Phacochoerus africanus",11.3181,1.63094
"1294",80331,"Phacochoerus africanus",11.35438,1.58872
"1295",80331,"Phacochoerus africanus",11.37493,1.89906
"1296",80331,"Phacochoerus africanus",11.38241,1.74765
"1297",80331,"Phacochoerus africanus",11.34377,1.61201
"1298",80331,"Phacochoerus africanus",11.34317,1.61227
"1299",80331,"Phacochoerus africanus",11.0975,1.50215
"1300",80331,"Phacochoerus africanus",11.18518,1.52407
"1301",80331,"Phacochoerus africanus",11.37521,1.89994
"1302",80331,"Phacochoerus africanus",11.39338,1.60236
"1303",80331,"Phacochoerus africanus",11.34911,1.58613
"1304",80331,"Phacochoerus africanus",11.42947,1.40067
"1305",80331,"Phacochoerus africanus",11.38532,1.61029
"1306",80331,"Phacochoerus africanus",11.1869,1.52278
"1307",80331,"Phacochoerus africanus",11.20375,1.50574
"1308",80331,"Phacochoerus africanus",11.22752,1.243
"1309",80331,"Phacochoerus africanus",11.4207,1.40108
"1310",80331,"Phacochoerus africanus",11.37415,1.74819
"1311",80331,"Phacochoerus africanus",11.31719,1.62829
"1312",80331,"Phacochoerus africanus",11.09637,1.48642
"1313",80331,"Phacochoerus africanus",11.20005,1.50942
"1314",80331,"Phacochoerus africanus",11.42387,1.40155
"1315",80331,"Phacochoerus africanus",11.34395,1.60107
"1316",80331,"Phacochoerus africanus",11.37998,1.61582
"1317",80331,"Phacochoerus africanus",11.23116,1.24276
"1318",80331,"Phacochoerus africanus",11.1702,1.3133
"1319",80331,"Phacochoerus africanus",11.1721,1.199
"1320",80331,"Phacochoerus africanus",11.1709,1.2594
"1321",80331,"Phacochoerus africanus",11.1283,1.3535
"1322",80331,"Phacochoerus africanus",11.1669,1.2694
"1323",80331,"Phacochoerus africanus",11.3964,1.602
"1324",80331,"Phacochoerus africanus",11.1281,1.1357
"1325",80331,"Phacochoerus africanus",11.408,1.6897
"1326",80331,"Phacochoerus africanus",11.396,1.5937
"1327",80331,"Phacochoerus africanus",11.1694,1.3157
"1328",80331,"Phacochoerus africanus",11.1685,1.2822
"1329",80331,"Phacochoerus africanus",11.4544,1.5498
"1330",80331,"Phacochoerus africanus",11.3906,1.6157
"1331",80331,"Phacochoerus africanus",11.3914,1.5975
"1332",80331,"Phacochoerus africanus",11.4487,1.5296
"1333",80331,"Phacochoerus africanus",11.1683,1.3195
"1334",80331,"Phacochoerus africanus",11.3633,1.6058
"1335",80331,"Phacochoerus africanus",11.3883,1.6068
"1336",80331,"Phacochoerus africanus",11.4494,1.533
"1337",80331,"Phacochoerus africanus",11.3951,1.6616
"1338",80331,"Phacochoerus africanus",11.1377,1.1672
"1339",80331,"Phacochoerus africanus",11.3119,1.5874
"1340",80331,"Phacochoerus africanus",11.4482,1.4948
"1341",80331,"Phacochoerus africanus",11.409,1.7381
"1342",80331,"Phacochoerus africanus",11.2404,1.4091
"1343",80331,"Phacochoerus africanus",11.4163,1.7785
"1344",80331,"Phacochoerus africanus",11.2995,1.3737
"1345",80331,"Phacochoerus africanus",11.4206,1.7784
"1346",80331,"Phacochoerus africanus",11.455,1.4475
"1347",80331,"Phacochoerus africanus",11.4107,1.5867
"1348",80331,"Phacochoerus africanus",11.3982,1.5921
"1349",80331,"Phacochoerus africanus",11.4081,1.6894
"1350",80331,"Phacochoerus africanus",11.3954,1.6585
"1351",80331,"Phacochoerus africanus",11.3956,1.6159
"1352",80331,"Phacochoerus africanus",11.4258,1.7957
"1353",80331,"Phacochoerus africanus",11.2544,1.5537
"1354",80331,"Phacochoerus africanus",11.4088,1.7361
"1355",80331,"Phacochoerus africanus",11.4055,1.6847
"1356",80331,"Phacochoerus africanus",11.4406,1.8621
"1357",80331,"Phacochoerus africanus",11.3958,1.6553
"1358",80331,"Phacochoerus africanus",11.4163,1.7645
"1359",80331,"Phacochoerus africanus",11.4106,1.5877
"1360",80331,"Phacochoerus africanus",10.9716,1.5604
"1361",80331,"Phacochoerus africanus",11.3978,1.5923
"1362",80331,"Phacochoerus africanus",11.3609,1.3585
"1363",80331,"Phacochoerus africanus",11.4219,1.7911
"1364",80331,"Phacochoerus africanus",11.395,1.6665
"1365",80331,"Phacochoerus africanus",11.2216,1.5278
"1366",80331,"Phacochoerus africanus",11.2563,1.5552
"1367",80331,"Phacochoerus africanus",11.4506,1.4734
"1368",80331,"Phacochoerus africanus",11.3497,1.3518
"1369",80331,"Phacochoerus africanus",11.4066,1.6876
"1370",80331,"Phacochoerus africanus",11.4071,1.6927
"1371",80331,"Phacochoerus africanus",11.4158,1.5784
"1372",80331,"Phacochoerus africanus",11.4491,1.5323
"1373",80331,"Phacochoerus africanus",11.3769,1.3693
"1374",80331,"Phacochoerus africanus",11.3949,1.5944
"1375",80331,"Phacochoerus africanus",11.3455,1.351
"1376",80331,"Phacochoerus africanus",11.4534,1.4678
"1377",80331,"Phacochoerus africanus",11.4557,1.45
"1378",80331,"Phacochoerus africanus",11.3581,1.6064
"1379",80331,"Phacochoerus africanus",11.3029,1.3621
"1380",80331,"Phacochoerus africanus",11.4543,1.5496
"1381",80331,"Phacochoerus africanus",11.4121,1.7461
"1382",80331,"Phacochoerus africanus",11.3902,1.6017
"1383",80331,"Phacochoerus africanus",11.2039,1.5093
"1384",80331,"Phacochoerus africanus",11.405,1.6839
"1385",80331,"Phacochoerus africanus",11.4201,1.5771
"1386",80331,"Phacochoerus africanus",11.3915,1.5973
"1387",80331,"Phacochoerus africanus",11.4457,1.4906
"1388",80331,"Phacochoerus africanus",11.3913,1.3941
"1389",80331,"Phacochoerus africanus",11.3901,1.605
"1390",80331,"Phacochoerus africanus",11.4524,1.5067
"1391",80331,"Phacochoerus africanus",11.4097,1.7764
"1392",80331,"Phacochoerus africanus",11.2234,1.1697
"1393",80331,"Phacochoerus africanus",11.3726,1.3655
"1394",80331,"Phacochoerus africanus",11.4563,1.452
"1395",80331,"Phacochoerus africanus",11.4272,1.5784
"1396",80331,"Phacochoerus africanus",11.3973,1.6011
"1397",80331,"Phacochoerus africanus",11.4435,1.4246
"1398",80331,"Phacochoerus africanus",11.3953,1.6049
"1399",80331,"Phacochoerus africanus",11.4522,1.5368
"1400",80331,"Phacochoerus africanus",11.4455,1.4926
"1401",80331,"Phacochoerus africanus",11.4257,1.7982
"1402",80331,"Phacochoerus africanus",11.2034,1.495
"1403",80331,"Phacochoerus africanus",11.3696,1.3638
"1404",80331,"Phacochoerus africanus",11.2037,1.5032
"1405",80331,"Phacochoerus africanus",11.4558,1.4504
"1406",80331,"Phacochoerus africanus",11.4254,1.5873
"1407",80331,"Phacochoerus africanus",11.3878,1.608
"1408",80331,"Phacochoerus africanus",11.4546,1.4462
"1409",80331,"Phacochoerus africanus",11.4466,1.5694
"1410",80331,"Phacochoerus africanus",11.4086,1.3992
"1411",80331,"Phacochoerus africanus",11.2994,1.5797
"1412",80331,"Phacochoerus africanus",11.4186,1.7783
"1413",80331,"Phacochoerus africanus",11.3955,1.6028
"1414",80331,"Phacochoerus africanus",11.4532,1.5158
"1415",80331,"Phacochoerus africanus",11.2027,1.5085
"1416",80331,"Phacochoerus africanus",11.4521,1.5362
"1417",80331,"Phacochoerus africanus",11.4069,1.6949
"1418",80331,"Phacochoerus africanus",11.4478,1.4797
"1419",80331,"Phacochoerus africanus",11.4263,1.5816
"1420",80331,"Phacochoerus africanus",11.3939,1.5951
"1421",80331,"Phacochoerus africanus",11.3918,1.6164
"1422",80331,"Phacochoerus africanus",11.4248,1.7947
"1423",80331,"Phacochoerus africanus",11.1575,1.1585
"1424",80331,"Phacochoerus africanus",11.2562,1.5583
"1425",80331,"Phacochoerus africanus",11.449,1.5316
"1426",80331,"Phacochoerus africanus",11.3733,1.366
"1427",80331,"Phacochoerus africanus",11.4232,1.5884
"1428",80331,"Phacochoerus africanus",11.2038,1.5057
"1429",80331,"Phacochoerus africanus",11.12163,1.30513
"1430",80331,"Phacochoerus africanus",11.24043,1.35779
"1431",80331,"Phacochoerus africanus",11.2533,1.34652
"1432",80331,"Phacochoerus africanus",11.26809,1.28843
"1433",80331,"Phacochoerus africanus",11.26923,1.31803
"1434",80331,"Phacochoerus africanus",11.27003,1.32112
"1435",80331,"Phacochoerus africanus",11.26738,1.29308
"1436",80331,"Phacochoerus africanus",11.23767,1.39129
"1437",80331,"Phacochoerus africanus",11.26879,1.34132
"1438",80331,"Phacochoerus africanus",11.27787,1.28524
"1439",80331,"Phacochoerus africanus",11.23424,1.36909
"1440",80331,"Phacochoerus africanus",11.25137,1.34597
"1441",80331,"Phacochoerus africanus",11.23472,1.23625
"1442",80331,"Phacochoerus africanus",11.27153,1.32255
"1443",80331,"Phacochoerus africanus",11.23831,1.38557
"1444",80331,"Phacochoerus africanus",11.27145,1.30477
"1445",80331,"Phacochoerus africanus",11.25044,1.3462
"1446",80331,"Phacochoerus africanus",11.24646,1.35186
"1447",80331,"Phacochoerus africanus",11.23768,1.40104
"1448",80331,"Phacochoerus africanus",11.40799,1.68998
"1449",80331,"Phacochoerus africanus",11.43872,1.40428
"1450",80331,"Phacochoerus africanus",11.26014,1.24056
"1451",80331,"Phacochoerus africanus",11.26872,1.29016
"1452",80331,"Phacochoerus africanus",11.42297,1.5776
"1453",80331,"Phacochoerus africanus",11.24774,1.34908
"1454",80331,"Phacochoerus africanus",11.20662,1.51136
"1455",80331,"Phacochoerus africanus",11.25181,1.34613
"1456",80331,"Phacochoerus africanus",11.44288,1.57249
"1457",80331,"Phacochoerus africanus",11.27699,1.28649
"1458",80331,"Phacochoerus africanus",11.41461,1.57977
"1459",80331,"Phacochoerus africanus",11.34513,1.55652
"1460",80331,"Phacochoerus africanus",11.23722,1.36387
"1461",80331,"Phacochoerus africanus",11.20945,1.21085
"1462",80331,"Phacochoerus africanus",11.42807,1.58237
"1463",80331,"Phacochoerus africanus",11.41601,1.58451
"1464",80331,"Phacochoerus africanus",11.41978,1.57702
"1465",80331,"Phacochoerus africanus",11.41059,1.71074
"1466",80331,"Phacochoerus africanus",11.28827,1.38467
"1467",80331,"Phacochoerus africanus",11.23778,1.39034
"1468",80331,"Phacochoerus africanus",11.41949,1.57695
"1469",80331,"Phacochoerus africanus",11.2719,1.32582
"1470",80331,"Phacochoerus africanus",11.23763,1.39175
"1471",80331,"Phacochoerus africanus",11.42381,1.57764
"1472",80331,"Phacochoerus africanus",11.42004,1.57717
"1473",80331,"Phacochoerus africanus",11.42221,1.57753
"1474",80331,"Phacochoerus africanus",11.27182,1.27989
"1475",80331,"Phacochoerus africanus",11.45159,1.50261
"1476",80331,"Phacochoerus africanus",11.41595,1.58407
"1477",80331,"Phacochoerus africanus",11.39556,1.65727
"1478",80331,"Phacochoerus africanus",11.39579,1.65512
"1479",80331,"Phacochoerus africanus",11.24958,1.35076
"1480",80331,"Phacochoerus africanus",11.44377,1.57159
"1481",80331,"Phacochoerus africanus",11.20373,1.50575
"1482",80331,"Phacochoerus africanus",11.44499,1.42543
"1483",80331,"Phacochoerus africanus",11.27102,1.28206
"1484",80331,"Phacochoerus africanus",11.39521,1.6602
"1485",80331,"Phacochoerus africanus",11.45153,1.50245
"1486",80331,"Phacochoerus africanus",11.45219,1.50546
"1487",80331,"Phacochoerus africanus",11.40884,1.73754
"1488",80331,"Phacochoerus africanus",11.45453,1.57161
"1489",80331,"Phacochoerus africanus",11.4608,1.47817
"1490",80331,"Phacochoerus africanus",11.21425,1.61602
"1491",80331,"Phacochoerus africanus",11.20278,1.5084
"1492",80331,"Phacochoerus africanus",11.37092,1.36456
"1493",80331,"Phacochoerus africanus",11.40808,1.6901
"1494",80331,"Phacochoerus africanus",11.42791,1.58206
"1495",80331,"Phacochoerus africanus",11.39494,1.66356
"1496",80331,"Phacochoerus africanus",11.39614,1.6684
"1497",80331,"Phacochoerus africanus",11.4526,1.53787
"1498",80331,"Phacochoerus africanus",11.39606,1.65252
"1499",80331,"Phacochoerus africanus",11.3957,1.66767
"1500",80331,"Phacochoerus africanus",11.44893,1.5307
"1501",80331,"Phacochoerus africanus",11.44652,1.494
"1502",80331,"Phacochoerus africanus",11.39486,1.60895
"1503",80331,"Phacochoerus africanus",11.45197,1.46234
"1504",80331,"Phacochoerus africanus",11.38774,1.6139
"1505",80331,"Phacochoerus africanus",11.39016,1.59942
"1506",80331,"Phacochoerus africanus",11.3952,1.60373
"1507",80331,"Phacochoerus africanus",11.38967,1.62714
"1508",80331,"Phacochoerus africanus",11.45686,1.56107
"1509",80331,"Phacochoerus africanus",11.38118,1.38104
"1510",80331,"Phacochoerus africanus",11.45269,1.49445
"1511",80331,"Phacochoerus africanus",11.42764,1.58041
"1512",80331,"Phacochoerus africanus",11.23012,1.41511
"1513",80331,"Phacochoerus africanus",11.46143,1.44914
"1514",80331,"Phacochoerus africanus",11.42734,1.57889
"1515",80331,"Phacochoerus africanus",11.45211,1.52059
"1516",80331,"Phacochoerus africanus",11.39858,1.59943
"1517",80331,"Phacochoerus africanus",11.32565,1.34644
"1518",80331,"Phacochoerus africanus",11.46693,1.45196
"1519",80331,"Phacochoerus africanus",11.39776,1.60045
"1520",80331,"Phacochoerus africanus",11.40716,1.59184
"1521",80331,"Phacochoerus africanus",11.4211,1.58836
"1522",80331,"Phacochoerus africanus",11.40307,1.59355
"1523",80331,"Phacochoerus africanus",11.25426,1.5675
"1524",80331,"Phacochoerus africanus",11.39509,1.61419
"1525",80331,"Phacochoerus africanus",11.46261,1.44001
"1526",80331,"Phacochoerus africanus",11.4005,1.59464
"1527",80331,"Phacochoerus africanus",11.39418,1.6186
"1528",80331,"Phacochoerus africanus",11.39498,1.60787
"1529",80331,"Phacochoerus africanus",11.45302,1.53429
"1530",80331,"Phacochoerus africanus",11.41087,1.58581
"1531",80331,"Phacochoerus africanus",11.42477,1.58797
"1532",80331,"Phacochoerus africanus",11.46331,1.50245
"1533",80331,"Phacochoerus africanus",11.39502,1.61338
"1534",80331,"Phacochoerus africanus",11.3987,1.59907
"1535",80331,"Phacochoerus africanus",11.39997,1.59669
"1536",80331,"Phacochoerus africanus",11.39517,1.6097
"1537",80331,"Phacochoerus africanus",11.45333,1.54404
"1538",80331,"Phacochoerus africanus",11.39413,1.61855
"1539",80331,"Phacochoerus africanus",11.38673,1.61185
"1540",80331,"Phacochoerus africanus",11.42729,1.57891
"1541",80331,"Phacochoerus africanus",11.44772,1.48375
"1542",80331,"Phacochoerus africanus",11.40814,1.58879
"1543",80331,"Phacochoerus africanus",11.4649,1.46817
"1544",80331,"Phacochoerus africanus",11.41703,1.58628
"1545",80331,"Phacochoerus africanus",11.40521,1.59229
"1546",80331,"Phacochoerus africanus",11.46638,1.56561
"1547",80331,"Phacochoerus africanus",11.39581,1.60215
"1548",80331,"Phacochoerus africanus",11.39527,1.61541
"1549",80331,"Phacochoerus africanus",11.39918,1.59793
"1550",80331,"Phacochoerus africanus",11.3985,1.59951
"1551",80331,"Phacochoerus africanus",11.3256,1.3466
"1552",80331,"Phacochoerus africanus",11.39053,1.61568
"1553",80331,"Phacochoerus africanus",11.45693,1.56094
"1554",80331,"Phacochoerus africanus",11.39853,1.59945
"1556",80331,"Phacochoerus africanus",11.39681,1.61828
"1557",80331,"Phacochoerus africanus",11.40694,1.5902
"1558",80331,"Phacochoerus africanus",11.4615,1.47749
"1559",80331,"Phacochoerus africanus",11.38989,1.60056
"1560",80331,"Phacochoerus africanus",11.40241,1.59298
"1561",80331,"Phacochoerus africanus",11.3941,1.61858
"1562",80331,"Phacochoerus africanus",11.33467,1.60526
"1563",80331,"Phacochoerus africanus",11.42735,1.58574
"1564",80331,"Phacochoerus africanus",11.41724,1.58364
"1565",80331,"Phacochoerus africanus",11.44951,1.56821
"1566",80331,"Phacochoerus africanus",11.45266,1.53807
"1567",80331,"Phacochoerus africanus",11.38934,1.6056
"1568",80331,"Phacochoerus africanus",11.37695,1.4861
"1569",80331,"Phacochoerus africanus",11.29347,1.3866
"1570",80331,"Phacochoerus africanus",11.32765,1.59981
"1571",80331,"Phacochoerus africanus",11.26832,1.3831
"1572",80331,"Phacochoerus africanus",11.31162,1.58724
"1573",80331,"Phacochoerus africanus",11.37139,1.59616
"1574",80331,"Phacochoerus africanus",11.34253,1.61161
"1575",80331,"Phacochoerus africanus",11.42291,1.57759
"1576",80331,"Phacochoerus africanus",11.38723,1.60969
"1577",80331,"Phacochoerus africanus",11.37764,1.37139
"1578",80331,"Phacochoerus africanus",11.41471,1.57966
"1579",80331,"Phacochoerus africanus",11.44701,1.42822
"1580",80331,"Phacochoerus africanus",11.30682,1.48581
"1581",80331,"Phacochoerus africanus",11.29961,1.36744
"1582",80331,"Phacochoerus africanus",11.45553,1.55318
"1583",80331,"Phacochoerus africanus",11.4627,1.45996
"1584",80331,"Phacochoerus africanus",11.42666,1.57679
"1585",80331,"Phacochoerus africanus",11.44568,1.48992
"1586",80331,"Phacochoerus africanus",11.29825,1.37817
"1587",80331,"Phacochoerus africanus",11.36225,1.60576
"1588",80331,"Phacochoerus africanus",11.41567,1.39975
"1589",80331,"Phacochoerus africanus",11.45152,1.47115
"1590",80331,"Phacochoerus africanus",11.30564,1.3562
"1591",80331,"Phacochoerus africanus",11.38321,1.58696
"1592",80331,"Phacochoerus africanus",11.31996,1.59399
"1593",80331,"Phacochoerus africanus",11.35354,1.5881
"1594",80331,"Phacochoerus africanus",11.358,1.58603
"1595",80331,"Phacochoerus africanus",11.45443,1.48013
"1596",80331,"Phacochoerus africanus",11.34921,1.88135
"1597",80331,"Phacochoerus africanus",11.41898,1.40122
"1598",80331,"Phacochoerus africanus",11.19611,1.51337
"1599",80331,"Phacochoerus africanus",11.39591,1.74218
"1600",80331,"Phacochoerus africanus",11.37474,1.74903
"1601",80331,"Phacochoerus africanus",11.34315,1.61228
"1602",80331,"Phacochoerus africanus",11.343,1.612
"1603",80331,"Phacochoerus africanus",11.3392,1.56611
"1604",80331,"Phacochoerus africanus",11.37654,1.8985
"1605",80331,"Phacochoerus africanus",11.31725,1.62825
"1606",80331,"Phacochoerus africanus",11.37792,1.74817
"1607",80331,"Phacochoerus africanus",11.42396,1.47001
"1608",80331,"Phacochoerus africanus",11.09641,1.48622
"1609",80331,"Phacochoerus africanus",11.3731,1.89994
"1610",80331,"Phacochoerus africanus",12.1051,2.3889
"1611",80331,"Phacochoerus africanus",11.6487,2.8428
"1612",80331,"Phacochoerus africanus",11.8233,2.9163
"1613",80331,"Phacochoerus africanus",11.9216,2.5366
"1614",80331,"Phacochoerus africanus",11.8407,2.9985
"1615",80331,"Phacochoerus africanus",11.6883,2.6932
"1616",80331,"Phacochoerus africanus",12.0204,3.0516
"1617",80331,"Phacochoerus africanus",11.8564,2.5691
"1619",80331,"Phacochoerus africanus",11.8785,2.4089
"1620",80331,"Phacochoerus africanus",11.917,2.9246
"1621",80331,"Phacochoerus africanus",11.8422,2.8963
"1622",80331,"Phacochoerus africanus",11.9069,2.6822
"1623",80331,"Phacochoerus africanus",11.8863,2.4088
"1625",80331,"Phacochoerus africanus",11.9198,2.5413
"1626",80331,"Phacochoerus africanus",11.8077,2.4632
"1627",80331,"Phacochoerus africanus",11.9335,2.7893
"1628",80331,"Phacochoerus africanus",11.8427,2.876
"1629",80331,"Phacochoerus africanus",11.9207,2.5394
"1630",80331,"Phacochoerus africanus",11.8618,2.8826
"1631",80331,"Phacochoerus africanus",11.6784,2.908
"1632",80331,"Phacochoerus africanus",11.4313,2.1746
"1633",80331,"Phacochoerus africanus",11.9277,2.8739
"1634",80331,"Phacochoerus africanus",11.4523,3.0582
"1635",80331,"Phacochoerus africanus",11.4911,2.2244
"1636",80331,"Phacochoerus africanus",11.9619,2.4262
"1637",80331,"Phacochoerus africanus",11.8945,2.6728
"1638",80331,"Phacochoerus africanus",11.7487,2.562
"1639",80331,"Phacochoerus africanus",11.7388,2.8618
"1640",80331,"Phacochoerus africanus",11.9034,3.0168
"1641",80331,"Phacochoerus africanus",11.8349,2.6211
"1642",80331,"Phacochoerus africanus",11.8239,2.6295
"1643",80331,"Phacochoerus africanus",11.9338,3.1199
"1644",80331,"Phacochoerus africanus",11.863,2.9088
"1645",80331,"Phacochoerus africanus",11.7361,2.8603
"1646",80331,"Phacochoerus africanus",11.5537,3.0921
"1647",80331,"Phacochoerus africanus",11.6771,2.9096
"1648",80331,"Phacochoerus africanus",11.697,2.8824
"1649",80331,"Phacochoerus africanus",11.5916,2.9491
"1650",80331,"Phacochoerus africanus",11.8604,2.8727
"1651",80331,"Phacochoerus africanus",11.4949,2.3425
"1652",80331,"Phacochoerus africanus",11.6444,2.6322
"1653",80331,"Phacochoerus africanus",11.7997,2.7067
"1654",80331,"Phacochoerus africanus",11.6646,2.7063
"1655",80331,"Phacochoerus africanus",11.7193,2.7021
"1656",80331,"Phacochoerus africanus",11.4809,2.7672
"1657",80331,"Phacochoerus africanus",11.5812,3.1098
"1658",80331,"Phacochoerus africanus",11.7363,2.78
"1659",80331,"Phacochoerus africanus",11.593,2.7258
"1660",80331,"Phacochoerus africanus",11.8766,2.8834
"1661",80331,"Phacochoerus africanus",11.8384,2.8875
"1662",80331,"Phacochoerus africanus",11.8545,2.5908
"1663",80331,"Phacochoerus africanus",11.9192,2.5556
"1664",80331,"Phacochoerus africanus",11.7908,2.4856
"1665",80331,"Phacochoerus africanus",11.4482,2.4477
"1666",80331,"Phacochoerus africanus",11.4424,3.0322
"1667",80331,"Phacochoerus africanus",12.2732,2.7344
"1668",80331,"Phacochoerus africanus",12.1643,2.8276
"1669",80331,"Phacochoerus africanus",11.9042,2.9258
"1670",80331,"Phacochoerus africanus",11.5331,2.5668
"1671",80331,"Phacochoerus africanus",11.6616,2.9409
"1672",80331,"Phacochoerus africanus",12.0001,2.5533
"1673",80331,"Phacochoerus africanus",12.0094,2.7812
"1674",80331,"Phacochoerus africanus",11.5269,2.526
"1675",80331,"Phacochoerus africanus",11.6188,2.9914
"1676",80331,"Phacochoerus africanus",11.9172,2.9503
"1677",80331,"Phacochoerus africanus",11.7162,2.7182
"1678",80331,"Phacochoerus africanus",11.9512,2.5295
"1679",80331,"Phacochoerus africanus",11.9813,2.8173
"1680",80331,"Phacochoerus africanus",11.3768,2.2408
"1681",80331,"Phacochoerus africanus",12.1259,2.6814
"1682",80331,"Phacochoerus africanus",11.5177,2.5142
"1683",80331,"Phacochoerus africanus",11.7767,2.7899
"1684",80331,"Phacochoerus africanus",12.015,3.0466
"1685",80331,"Phacochoerus africanus",11.5867,2.8825
"1686",80331,"Phacochoerus africanus",11.5667,3.0903
"1687",80331,"Phacochoerus africanus",11.714,2.9002
"1688",80331,"Phacochoerus africanus",11.8115,2.7491
"1689",80331,"Phacochoerus africanus",11.7212,2.6079
"1690",80331,"Phacochoerus africanus",12.0958,2.9648
"1691",80331,"Phacochoerus africanus",11.013,1.7212
"1692",80331,"Phacochoerus africanus",11.9388,2.8293
"1693",80331,"Phacochoerus africanus",11.2604,2.1865
"1694",80331,"Phacochoerus africanus",11.6392,2.7973
"1695",80331,"Phacochoerus africanus",12.0793,2.7966
"1696",80331,"Phacochoerus africanus",11.5817,3.0904
"1697",80331,"Phacochoerus africanus",11.9003,2.9364
"1698",80331,"Phacochoerus africanus",11.7621,2.788
"1699",80331,"Phacochoerus africanus",11.8995,2.6156
"1700",80331,"Phacochoerus africanus",11.6994,2.894
"1701",80331,"Phacochoerus africanus",11.7095,2.868
"1702",80331,"Phacochoerus africanus",11.9117,2.4029
"1703",80331,"Phacochoerus africanus",11.7622,2.788
"1704",80331,"Phacochoerus africanus",11.9529,3.0195
"1705",80331,"Phacochoerus africanus",11.9643,2.8879
"1706",80331,"Phacochoerus africanus",11.8921,2.9287
"1707",80331,"Phacochoerus africanus",11.9069,2.431
"1708",80331,"Phacochoerus africanus",11.8279,2.4464
"1709",80331,"Phacochoerus africanus",11.3923,2.8189
"1710",80331,"Phacochoerus africanus",12.2192,2.6319
"1711",80331,"Phacochoerus africanus",11.913,3.014
"1712",80331,"Phacochoerus africanus",11.9458,2.4154
"1713",80331,"Phacochoerus africanus",11.8659,2.8796
"1714",80331,"Phacochoerus africanus",12.0816,2.8376
"1715",80331,"Phacochoerus africanus",12.0438,2.7924
"1716",80331,"Phacochoerus africanus",11.7355,2.7953
"1717",80331,"Phacochoerus africanus",11.9758,2.9866
"1718",80331,"Phacochoerus africanus",11.8129,2.8921
"1719",80331,"Phacochoerus africanus",11.8342,2.9001
"1720",80331,"Phacochoerus africanus",11.8098,2.9558
"1721",80331,"Phacochoerus africanus",11.6125,3.0926
"1722",80331,"Phacochoerus africanus",11.8109,2.6058
"1723",80331,"Phacochoerus africanus",11.8179,2.3775
"1724",80331,"Phacochoerus africanus",11.8168,2.377
"1725",80331,"Phacochoerus africanus",11.779,2.9399
"1726",80331,"Phacochoerus africanus",11.3412,2.8868
"1727",80331,"Phacochoerus africanus",11.9455,2.8707
"1728",80331,"Phacochoerus africanus",11.8568,2.3906
"1729",80331,"Phacochoerus africanus",11.9054,2.6033
"1730",80331,"Phacochoerus africanus",11.9556,2.77
"1731",80331,"Phacochoerus africanus",11.6985,2.8997
"1732",80331,"Phacochoerus africanus",11.7495,2.8786
"1733",80331,"Phacochoerus africanus",11.9256,2.6751
"1734",80331,"Phacochoerus africanus",11.7576,2.5801
"1735",80331,"Phacochoerus africanus",11.7873,2.8949
"1736",80331,"Phacochoerus africanus",11.8668,2.4404
"1737",80331,"Phacochoerus africanus",11.9069,2.7011
"1738",80331,"Phacochoerus africanus",11.7402,2.3342
"1739",80331,"Phacochoerus africanus",11.7119,2.9897
"1740",80331,"Phacochoerus africanus",11.8881,2.645
"1741",80331,"Phacochoerus africanus",11.5254,2.1848
"1742",80331,"Phacochoerus africanus",11.9274,2.8709
"1743",80331,"Phacochoerus africanus",11.8998,2.3908
"1744",80331,"Phacochoerus africanus",11.3848,2.9218
"1745",80331,"Phacochoerus africanus",11.8727,2.5563
"1746",80331,"Phacochoerus africanus",11.9977,2.5344
"1747",80331,"Phacochoerus africanus",11.943,2.7223
"1748",80331,"Phacochoerus africanus",11.4352,2.9614
"1749",80331,"Phacochoerus africanus",11.8751,2.9057
"1750",80331,"Phacochoerus africanus",11.8776,2.9112
"1751",80331,"Phacochoerus africanus",11.8926,2.6751
"1752",80331,"Phacochoerus africanus",11.8537,2.684
"1753",80331,"Phacochoerus africanus",11.8439,2.9001
"1754",80331,"Phacochoerus africanus",11.7403,2.5029
"1755",80331,"Phacochoerus africanus",11.5587,2.9639
"1756",80331,"Phacochoerus africanus",11.91529,2.48354
"1757",80331,"Phacochoerus africanus",11.92666,2.63556
"1758",80331,"Phacochoerus africanus",11.95697,2.7082
"1759",80331,"Phacochoerus africanus",11.79652,2.64805
"1760",80331,"Phacochoerus africanus",11.95473,2.95951
"1761",80331,"Phacochoerus africanus",11.46599,2.84639
"1762",80331,"Phacochoerus africanus",11.97306,2.61339
"1763",80331,"Phacochoerus africanus",11.88164,2.57518
"1764",80331,"Phacochoerus africanus",12.02319,2.69368
"1765",80331,"Phacochoerus africanus",11.69549,2.51388
"1766",80331,"Phacochoerus africanus",11.79864,2.48726
"1767",80331,"Phacochoerus africanus",11.87765,2.57815
"1768",80331,"Phacochoerus africanus",11.8131,2.52306
"1769",80331,"Phacochoerus africanus",11.38657,2.86466
"1770",80331,"Phacochoerus africanus",11.91646,2.40822
"1771",80331,"Phacochoerus africanus",11.84632,2.60502
"1772",80331,"Phacochoerus africanus",11.87601,2.4056
"1773",80331,"Phacochoerus africanus",11.93064,2.69739
"1774",80331,"Phacochoerus africanus",11.69728,2.68963
"1775",80331,"Phacochoerus africanus",11.94475,2.41025
"1776",80331,"Phacochoerus africanus",11.8971,2.93811
"1777",80331,"Phacochoerus africanus",11.83562,2.38945
"1778",80331,"Phacochoerus africanus",11.81729,2.38041
"1779",80331,"Phacochoerus africanus",12.1273,2.92729
"1780",80331,"Phacochoerus africanus",11.81243,2.53217
"1781",80331,"Phacochoerus africanus",11.89177,2.64074
"1782",80331,"Phacochoerus africanus",11.80645,2.37085
"1784",80331,"Phacochoerus africanus",11.89075,2.86956
"1785",80331,"Phacochoerus africanus",11.58691,2.93383
"1787",80331,"Phacochoerus africanus",11.85703,2.58746
"1788",80331,"Phacochoerus africanus",11.72748,2.47689
"1789",80331,"Phacochoerus africanus",11.80154,2.51279
"1790",80331,"Phacochoerus africanus",11.92646,2.67604
"1791",80331,"Phacochoerus africanus",11.77443,2.70713
"1792",80331,"Phacochoerus africanus",12.01252,2.70006
"1793",80331,"Phacochoerus africanus",11.92016,2.63019
"1794",80331,"Phacochoerus africanus",11.81352,2.83385
"1795",80331,"Phacochoerus africanus",12.39009,2.81484
"1796",80331,"Phacochoerus africanus",11.92014,2.95236
"1797",80331,"Phacochoerus africanus",11.63837,2.77614
"1798",80331,"Phacochoerus africanus",11.5005,2.76327
"1799",80331,"Phacochoerus africanus",11.56632,2.80695
"1800",80331,"Phacochoerus africanus",12.05777,3.03536
"1802",80331,"Phacochoerus africanus",11.72466,2.7628
"1803",80331,"Phacochoerus africanus",11.81352,2.82387
"1804",80331,"Phacochoerus africanus",11.76351,2.89242
"1805",80331,"Phacochoerus africanus",11.74372,2.80985
"1806",80331,"Phacochoerus africanus",11.75355,2.70068
"1807",80331,"Phacochoerus africanus",11.67055,2.7696
"1808",80331,"Phacochoerus africanus",11.76387,2.47058
"1809",80331,"Phacochoerus africanus",11.55581,2.74224
"1810",80331,"Phacochoerus africanus",11.7451,2.60184
"1811",80331,"Phacochoerus africanus",11.93994,2.63025
"1812",80331,"Phacochoerus africanus",11.8023,2.80184
"1813",80331,"Phacochoerus africanus",11.58799,2.78901
"1814",80331,"Phacochoerus africanus",11.64848,2.71884
"1815",80331,"Phacochoerus africanus",11.81508,2.37671
"1816",80331,"Phacochoerus africanus",11.92183,2.50461
"1817",80331,"Phacochoerus africanus",11.99966,2.96026
"1818",80331,"Phacochoerus africanus",11.98738,2.91708
"1820",80331,"Phacochoerus africanus",12.00934,2.56653
"1821",80331,"Phacochoerus africanus",11.62543,3.01343
"1822",80331,"Phacochoerus africanus",11.60971,3.01667
"1823",80331,"Phacochoerus africanus",12.09418,2.81065
"1824",80331,"Phacochoerus africanus",12.01664,2.68185
"1825",80331,"Phacochoerus africanus",11.900468,2.942448
"1826",80331,"Phacochoerus africanus",11.896138,2.691752
"1827",80331,"Phacochoerus africanus",11.871396,2.687135
"1828",80331,"Phacochoerus africanus",11.880936,2.758273
"1829",80331,"Phacochoerus africanus",11.882538,2.724458
"1830",80331,"Phacochoerus africanus",11.931686,2.765856
"1831",80331,"Phacochoerus africanus",11.87256,2.833271
"1832",80331,"Phacochoerus africanus",11.600675,2.902254
"1833",80331,"Phacochoerus africanus",11.86814,2.929009
"1834",80331,"Phacochoerus africanus",11.901253,2.952919
"1835",80331,"Phacochoerus africanus",11.901463,2.982594
"1836",80331,"Phacochoerus africanus",11.829423,2.943005
"1837",80331,"Phacochoerus africanus",11.79161,2.9796
"1838",80331,"Phacochoerus africanus",11.79185,2.970519
"1839",80331,"Phacochoerus africanus",11.792927,2.938237
"1840",80331,"Phacochoerus africanus",11.829938,2.937049
"1841",80331,"Phacochoerus africanus",11.936505,2.927342
"1842",80331,"Phacochoerus africanus",11.756793,2.942053
"1843",80331,"Phacochoerus africanus",11.913524,2.925653
"1844",80331,"Phacochoerus africanus",11.943197,2.88992
"1845",80331,"Phacochoerus africanus",11.852864,2.447543
"1846",80331,"Phacochoerus africanus",11.969949,2.889792
"1847",80331,"Phacochoerus africanus",11.391468,2.101148
"1848",80331,"Phacochoerus africanus",11.956787,2.852366
"1849",80331,"Phacochoerus africanus",11.915955,2.556465
"1850",80331,"Phacochoerus africanus",11.982854,2.855576
"1851",80331,"Phacochoerus africanus",11.952853,2.814903
"1852",80331,"Phacochoerus africanus",11.850533,2.649509
"1853",80331,"Phacochoerus africanus",11.872477,2.653394
"1854",80331,"Phacochoerus africanus",11.995901,2.819399
"1855",80331,"Phacochoerus africanus",11.878843,2.72408
"1856",80331,"Phacochoerus africanus",11.8792,2.758151
"1857",80331,"Phacochoerus africanus",11.941477,2.545548
"1858",80331,"Phacochoerus africanus",11.877667,2.796854
"1859",80331,"Phacochoerus africanus",11.927411,2.802391
"1860",80331,"Phacochoerus africanus",11.908152,2.76224
"1861",80331,"Phacochoerus africanus",11.947327,2.533946
"1862",80331,"Phacochoerus africanus",11.887291,2.836299
"1863",80331,"Phacochoerus africanus",11.892066,2.690987
"1864",80331,"Phacochoerus africanus",11.88261,2.835254
"1865",80331,"Phacochoerus africanus",11.645911,2.931276
"1866",80331,"Phacochoerus africanus",11.951195,2.576677
"1867",80331,"Phacochoerus africanus",11.552258,2.904435
"1868",80331,"Phacochoerus africanus",11.901074,2.957506
"1869",80331,"Phacochoerus africanus",11.9922,2.577279
"1870",80331,"Phacochoerus africanus",11.605924,2.888285
"1871",80331,"Phacochoerus africanus",11.757093,2.928763
"1872",80331,"Phacochoerus africanus",11.829602,2.949485
"1873",80331,"Phacochoerus africanus",11.900674,2.945663
"1874",80331,"Phacochoerus africanus",11.792328,2.945115
"1875",80331,"Phacochoerus africanus",11.870715,2.943327
"1876",80331,"Phacochoerus africanus",11.791909,2.962576
"1877",80331,"Phacochoerus africanus",11.869997,2.954637
"1878",80331,"Phacochoerus africanus",11.941798,2.889774
"1879",80331,"Phacochoerus africanus",11.916279,2.926075
"1880",80331,"Phacochoerus africanus",11.756614,2.954802
"1881",80331,"Phacochoerus africanus",11.757021,2.932287
"1882",80331,"Phacochoerus africanus",11.979198,2.817258
"1883",80331,"Phacochoerus africanus",11.949755,2.928491
"1884",80331,"Phacochoerus africanus",11.981803,2.889975
"1885",80331,"Phacochoerus africanus",11.993244,2.818794
"1886",80331,"Phacochoerus africanus",11.944603,2.85157
"1887",80331,"Phacochoerus africanus",11.962324,2.779818
"1888",80331,"Phacochoerus africanus",11.974235,2.85469
"1889",80331,"Phacochoerus africanus",11.836255,2.645987
"1890",80331,"Phacochoerus africanus",11.901044,2.950226
"1891",80331,"Phacochoerus africanus",11.957954,2.779402
"1892",80331,"Phacochoerus africanus",11.886432,2.725101
"1893",80331,"Phacochoerus africanus",11.957461,2.815362
"1894",80331,"Phacochoerus africanus",11.898865,2.727304
"1895",80331,"Phacochoerus africanus",11.877596,2.654525
"1896",80331,"Phacochoerus africanus",11.856464,2.684476
"1897",80331,"Phacochoerus africanus",11.829656,2.927081
"1898",80331,"Phacochoerus africanus",11.869578,2.965622
"1899",80331,"Phacochoerus africanus",11.791772,2.964814
"1900",80331,"Phacochoerus africanus",11.901104,2.99308
"1901",80331,"Phacochoerus africanus",11.397851,2.091374
"1902",80331,"Phacochoerus africanus",11.757033,2.949025
"1903",80331,"Phacochoerus africanus",11.829483,2.950951
"1904",80331,"Phacochoerus africanus",11.937078,2.888447
"1905",80331,"Phacochoerus africanus",11.947358,2.928155
"1906",80331,"Phacochoerus africanus",11.756428,2.971858
"1907",80331,"Phacochoerus africanus",11.96472,2.853389
"1908",80331,"Phacochoerus africanus",11.942898,2.814935
"1909",80331,"Phacochoerus africanus",11.94464,2.779121
"1910",80331,"Phacochoerus africanus",11.925158,2.539226
"1911",80331,"Phacochoerus africanus",11.87415,2.723411
"1912",80331,"Phacochoerus africanus",11.84395,2.648286
"1913",80331,"Phacochoerus africanus",11.866034,2.652762
"1914",80331,"Phacochoerus africanus",11.884733,2.689554
"1915",80331,"Phacochoerus africanus",11.507082,2.905405
"1916",80331,"Phacochoerus africanus",11.89162,2.75971
"1917",80331,"Phacochoerus africanus",11.847096,2.682825
"1918",80331,"Phacochoerus africanus",11.635912,2.955047
"1919",80331,"Phacochoerus africanus",11.874496,2.797835
"1920",80331,"Phacochoerus africanus",11.901651,2.941458
"1921",80331,"Phacochoerus africanus",11.909999,2.727559
"1922",80331,"Phacochoerus africanus",11.883783,2.835918
"1923",80331,"Phacochoerus africanus",11.923961,2.586917
"1924",80331,"Phacochoerus africanus",11.901224,2.969351
"1925",80331,"Phacochoerus africanus",11.866903,2.921536
"1926",80331,"Phacochoerus africanus",11.915054,2.838549
"1927",80331,"Phacochoerus africanus",11.829363,2.977424
"1928",80331,"Phacochoerus africanus",11.884643,2.798781
"1929",80331,"Phacochoerus africanus",11.791614,2.969086
"1930",80331,"Phacochoerus africanus",11.756635,2.94418
"1931",80331,"Phacochoerus africanus",11.939425,2.927726
"1932",80331,"Phacochoerus africanus",11.756883,2.930496
"1933",80331,"Phacochoerus africanus",11.943275,2.890037
"1934",80331,"Phacochoerus africanus",11.79271,2.938606
"1935",80331,"Phacochoerus africanus",11.973315,2.889772
"1936",80331,"Phacochoerus africanus",11.940469,2.851492
"1937",80331,"Phacochoerus africanus",11.978361,2.817167
"1938",80331,"Phacochoerus africanus",11.938261,2.927023
"1939",80331,"Phacochoerus africanus",11.561288,2.892225
"1940",80331,"Phacochoerus africanus",11.996858,2.819246
"1941",80331,"Phacochoerus africanus",11.96014,2.780073
"1942",80331,"Phacochoerus africanus",11.919409,2.54818
"1943",80331,"Phacochoerus africanus",11.869505,2.653129
"1944",80331,"Phacochoerus africanus",11.598705,2.906785
"1945",80331,"Phacochoerus africanus",11.849879,2.683069
"1946",80331,"Phacochoerus africanus",11.89546,2.691729
"1947",80331,"Phacochoerus africanus",11.300619,2.011642
"1948",80331,"Phacochoerus africanus",11.99606,2.782682
"1949",80331,"Phacochoerus africanus",11.97459,2.890251
"1950",80331,"Phacochoerus africanus",11.913371,2.763011
"1951",80331,"Phacochoerus africanus",11.882316,2.725174
"1952",80331,"Phacochoerus africanus",11.85247,2.40401
"1953",80331,"Phacochoerus africanus",11.855378,2.650928
"1954",80331,"Phacochoerus africanus",11.902216,2.799811
"1955",80331,"Phacochoerus africanus",11.913037,2.838442
"1956",80331,"Phacochoerus africanus",11.833885,2.645411
"1957",80331,"Phacochoerus africanus",11.991379,2.85634
"1958",80331,"Phacochoerus africanus",11.962102,2.816127
"1959",80331,"Phacochoerus africanus",11.952145,2.852274
"1960",80331,"Phacochoerus africanus",11.846161,2.64801
"1961",80331,"Phacochoerus africanus",11.948914,2.779157
"1962",80331,"Phacochoerus africanus",11.853047,2.649692
"1963",80331,"Phacochoerus africanus",-24.060258,31.661224
"1964",80331,"Phacochoerus africanus",-24.847188,31.804047
"1965",80331,"Phacochoerus africanus",5.948178,37.596767
"1966",80331,"Phacochoerus africanus",7.098669,39.791281
"1967",80331,"Phacochoerus africanus",8.842019,40.01305
"1968",80331,"Phacochoerus africanus",-19.080831,27.437453
"1969",80331,"Phacochoerus africanus",-14.417036,26.093314
"1970",80331,"Phacochoerus africanus",-14.194394,25.814586
"1971",80331,"Phacochoerus africanus",-14.84955,35.295803
"1972",80331,"Phacochoerus africanus",-6.140556,29.732778
"1973",80331,"Phacochoerus africanus",-7.703439,37.994586
"1974",80331,"Phacochoerus africanus",-7.670383,37.946403
"1975",80331,"Phacochoerus africanus",-7.635619,34.904444
"1976",80331,"Phacochoerus africanus",-7.776444,34.607569
"1977",80331,"Phacochoerus africanus",-6.137303,29.733978
"1978",80331,"Phacochoerus africanus",3.76228,29.528053
"1979",80331,"Phacochoerus africanus",9.754212,10.510279
"1980",80331,"Phacochoerus africanus",-1.251776,35.002581
"1981",80331,"Phacochoerus africanus",-1.344984,35.127625
"1982",80331,"Phacochoerus africanus",0.01555,36.852841
"1983",80331,"Phacochoerus africanus",0.024109,36.822246
"1984",80331,"Phacochoerus africanus",0.024133,36.831687
"1985",80331,"Phacochoerus africanus",0.070183,36.872934
"1987",80331,"Phacochoerus africanus",0.070849,36.873183
"1988",80331,"Phacochoerus africanus",0.063578,36.923222
"1989",80331,"Phacochoerus africanus",0.080328,36.878504
"1990",80331,"Phacochoerus africanus",12.399077,2.573128
"1991",80331,"Phacochoerus africanus",12.530013,2.591522
"1992",80331,"Phacochoerus africanus",12.499761,2.555345
"1993",80331,"Phacochoerus africanus",12.396865,2.645224
"1994",80331,"Phacochoerus africanus",12.517205,2.627209
"1995",80331,"Phacochoerus africanus",12.564731,2.627209
"1996",80331,"Phacochoerus africanus",12.392624,2.663229
"1997",80331,"Phacochoerus africanus",12.388794,2.681252
"1998",80331,"Phacochoerus africanus",12.383433,2.699262
"1999",80331,"Phacochoerus africanus",12.387224,2.717242
"2000",80331,"Phacochoerus africanus",12.364954,2.735285
"2001",80331,"Phacochoerus africanus",12.47509,2.699259
"2002",80331,"Phacochoerus africanus",12.39954,2.575889
"2003",80331,"Phacochoerus africanus",12.39984,2.630173
"2004",80331,"Phacochoerus africanus",12.396073,2.648065
"2005",80331,"Phacochoerus africanus",12.389965,2.436992
"2006",80331,"Phacochoerus africanus",12.418699,2.175138
"2007",80331,"Phacochoerus africanus",12.428817,2.300777
"2008",80331,"Phacochoerus africanus",12.130207,2.234302
"2009",80331,"Phacochoerus africanus",12.220544,2.166357
"2010",80331,"Phacochoerus africanus",12.148278,2.220808
"2011",80331,"Phacochoerus africanus",12.166789,2.272698
"2012",80331,"Phacochoerus africanus",12.315196,2.37317
"2013",80331,"Phacochoerus africanus",12.09473,2.259979
"2014",80331,"Phacochoerus africanus",12.081107,2.300378
"2015",80331,"Phacochoerus africanus",3.72964,33.72956
"2016",80331,"Phacochoerus africanus",-6.121948,29.757551
"2017",80331,"Phacochoerus africanus",0.049975,36.903189
"2018",80331,"Phacochoerus africanus",-0.778632,36.262301
"2019",80331,"Phacochoerus africanus",-0.391454,36.221409
"2020",80331,"Phacochoerus africanus",-0.820582,36.316509
"2021",80331,"Phacochoerus africanus",-0.347978,36.812012
"2022",80331,"Phacochoerus africanus",0.273667,36.930282
"2023",80331,"Phacochoerus africanus",0.33667,37.10825
"2025",80331,"Phacochoerus africanus",6.312979,23.857641
"2026",80331,"Phacochoerus africanus",-0.82732,36.273199
"2027",80331,"Phacochoerus africanus",-19,23
"2028",80331,"Phacochoerus africanus",-17.81666,25.15
"2029",80331,"Phacochoerus africanus",7.570799,38.82843
"2030",80331,"Phacochoerus africanus",-3.187366,35.572349
"2031",80331,"Phacochoerus africanus",2.291571,31.459549
"2032",80331,"Phacochoerus africanus",-3.007488,36.986
"2033",80331,"Phacochoerus africanus",-22.21208,29.107348
"2034",80331,"Phacochoerus africanus",-28.075918,32.126255
"2035",80331,"Phacochoerus africanus",-26.620234,31.740532
"2036",80331,"Phacochoerus africanus",-4.032872,35.860632
"2038",80331,"Phacochoerus africanus",-2.080835,34.855306
"2039",80331,"Phacochoerus africanus",-27.651905,32.2435
"2040",80331,"Phacochoerus africanus",-18.649017,24.083633
"2041",80331,"Phacochoerus africanus",-25.428237,31.493511
"2042",80331,"Phacochoerus africanus",-27.847581,32.333461
"2043",80331,"Phacochoerus africanus",-17.820845,25.149637
"2044",80331,"Phacochoerus africanus",-17.827767,25.137583
"2045",80331,"Phacochoerus africanus",-1.423998,35.074757
"2046",80331,"Phacochoerus africanus",11.109,-13.957
"2047",80331,"Phacochoerus africanus",7.604,-8.212
"2048",80331,"Phacochoerus africanus",7.533,-8.933
"2049",80331,"Phacochoerus africanus",8.139,-8.573
"2050",80331,"Phacochoerus africanus",8.525,-8.937
"2051",80331,"Phacochoerus africanus",-19.422369,23.611903
"2052",80331,"Phacochoerus africanus",-19.17795,23.696761
"2053",80331,"Phacochoerus africanus",-24.985305,25.735105
"2054",80331,"Phacochoerus africanus",-7.411005,34.39305
"2055",80331,"Phacochoerus africanus",-7.685833,34.650555
"2056",80331,"Phacochoerus africanus",-17.90077,25.82271
"2063",80331,"Phacochoerus africanus",-3.169312,35.585403
"2070",80331,"Phacochoerus africanus",-21.410244,15.947342
"2072",80331,"Phacochoerus africanus",-24.483711,31.030884
"2074",80331,"Phacochoerus africanus",-23.892117,31.616707
"2075",80331,"Phacochoerus africanus",-24.417767,31.514282
"2078",80331,"Phacochoerus africanus",-17.833029,25.379105
"2079",80331,"Phacochoerus africanus",-21.194336,15.810013
"2081",80331,"Phacochoerus africanus",16.400518,-16.24054
"2084",80331,"Phacochoerus africanus",-26.283218,31.878698
"2085",80331,"Phacochoerus africanus",-0.42709,36.765747
"2088",80331,"Phacochoerus africanus",-3.455849,35.799637
"2089",80331,"Phacochoerus africanus",-0.205993,37.236786
"2090",80331,"Phacochoerus africanus",-2.034361,35.022861
"2091",80331,"Phacochoerus africanus",-0.741556,36.384659
"2092",80331,"Phacochoerus africanus",8.842881,40.011433
"2094",80331,"Phacochoerus africanus",-1.369727,36.823425
"2095",80331,"Phacochoerus africanus",-3.946461,35.956879
"2096",80331,"Phacochoerus africanus",-2.639818,37.206917
"2097",80331,"Phacochoerus africanus",-1.286322,35.002441
"2098",80331,"Phacochoerus africanus",-20.072934,24.779162
"2099",80331,"Phacochoerus africanus",2.41,37.49
"2100",80331,"Phacochoerus africanus",-7.307683,37.142089
"2101",80331,"Phacochoerus africanus",-26.492619,31.185753
"2103",80331,"Phacochoerus africanus",-1.327788,35.03243
"2104",80331,"Phacochoerus africanus",13.43333,-15.81667
"2105",80331,"Phacochoerus africanus",-1.272708,34.988769
"2106",80331,"Phacochoerus africanus",0.02525,36.964878
"2107",80331,"Phacochoerus africanus",-1.477648,35.126997
"2108",80331,"Phacochoerus africanus",-24.670889,31.628326
"2109",80331,"Phacochoerus africanus",-33.603468,25.809803
"2110",80331,"Phacochoerus africanus",-33.620051,25.821476
"2112",80331,"Phacochoerus africanus",-28.259389,32.473397
"2113",80331,"Phacochoerus africanus",-3.285648,36.824158
"2116",80331,"Phacochoerus africanus",-11.926477,32.25174
"2117",80331,"Phacochoerus africanus",-12.596114,30.252228
"2122",80331,"Phacochoerus africanus",-12.929615,32.016907
"2124",80331,"Phacochoerus africanus",-12.781335,32.05098
"2125",80331,"Phacochoerus africanus",14.609242,-16.954548
"2126",80331,"Phacochoerus africanus",-1.375444,36.775339
"2127",80331,"Phacochoerus africanus",3.757222,29.527798
"2128",80331,"Phacochoerus africanus",3.751129,29.518473
"2129",80331,"Phacochoerus africanus",-1.33681,36.769095
"2133",80331,"Phacochoerus africanus",-21.518061,15.58277
"2134",80331,"Phacochoerus africanus",-18.573036,24.071732
"2137",80331,"Phacochoerus africanus",-25.085604,31.760471
"2139",80331,"Phacochoerus africanus",-18.791918,24.730225
"2141",80331,"Phacochoerus africanus",-18.190216,25.397644
"2142",80331,"Phacochoerus africanus",-3.225015,36.901531
"2143",80331,"Phacochoerus africanus",-17.489662,24.313173
"2144",80331,"Phacochoerus africanus",-2.486436,35.023487
"2145",80331,"Phacochoerus africanus",-24.005465,31.739975
"2148",80331,"Phacochoerus africanus",-23.114075,31.432829
"2151",80331,"Phacochoerus africanus",-17.925087,25.852074
"2152",80331,"Phacochoerus africanus",-3.931947,37.925232
"2153",80331,"Phacochoerus africanus",-21.39555,16.843105
"2155",80331,"Phacochoerus africanus",-22.548225,17.290115
"2156",80331,"Phacochoerus africanus",-22.537689,16.950188
"2157",80331,"Phacochoerus africanus",-19.485205,23.039703
"2158",80331,"Phacochoerus africanus",-18.872503,16.798096
"2161",80331,"Phacochoerus africanus",-17.878109,23.303995
"2163",80331,"Phacochoerus africanus",-3.231013,36.862221
"2164",80331,"Phacochoerus africanus",-22.483368,17.41045
"2165",80331,"Phacochoerus africanus",-19.053488,16.19301
"2166",80331,"Phacochoerus africanus",-33.263954,25.414124
"2170",80331,"Phacochoerus africanus",-0.753915,36.348267
"2173",80331,"Phacochoerus africanus",-18.858063,16.924696
"2176",80331,"Phacochoerus africanus",-18.765366,17.029303
"2177",80331,"Phacochoerus africanus",-19.054979,20.716352
"2181",80331,"Phacochoerus africanus",1.44946,30.931976
"2183",80331,"Phacochoerus africanus",-18.366196,24.816055
"2189",80331,"Phacochoerus africanus",-18.599396,16.916199
"2190",80331,"Phacochoerus africanus",-18.825188,17.138113
"2194",80331,"Phacochoerus africanus",-25.325407,31.69693
"2196",80331,"Phacochoerus africanus",-22.117966,16.966925
"2197",80331,"Phacochoerus africanus",-23.027924,29.509277
"2200",80331,"Phacochoerus africanus",-1.399759,34.906483
"2203",80331,"Phacochoerus africanus",6.856213,39.862003
"2207",80331,"Phacochoerus africanus",-19.101473,15.618902
"2208",80331,"Phacochoerus africanus",-19.394413,14.636297
"2209",80331,"Phacochoerus africanus",-18.804878,17.099749
"2210",80331,"Phacochoerus africanus",-19.800737,15.352181
"2211",80331,"Phacochoerus africanus",-20.303076,15.174383
"2217",80331,"Phacochoerus africanus",-18.505737,20.761328
"2224",80331,"Phacochoerus africanus",-22.269505,16.900808
"2225",80331,"Phacochoerus africanus",5.939119,37.593498
"2228",80331,"Phacochoerus africanus",-20.634972,17.168137
"2230",80331,"Phacochoerus africanus",-17.9237,24.862919
"2232",80331,"Phacochoerus africanus",-20.105347,18.187265
"2238",80331,"Phacochoerus africanus",-22.295013,17.068871
"2240",80331,"Phacochoerus africanus",-24.171541,30.785275
"2251",80331,"Phacochoerus africanus",-25.417231,31.198425
"2252",80331,"Phacochoerus africanus",-17.861786,23.282089
"2258",80331,"Phacochoerus africanus",-22.293306,17.974749
"2260",80331,"Phacochoerus africanus",-1.092859,35.20612
"2262",80331,"Phacochoerus africanus",-0.876126,36.306725
"2263",80331,"Phacochoerus africanus",-18.791471,16.907894
"2264",80331,"Phacochoerus africanus",-21.459219,18.488531
"2265",80331,"Phacochoerus africanus",-1.582283,35.022362
"2266",80331,"Phacochoerus africanus",0.259551,36.099701
"2267",80331,"Phacochoerus africanus",-18.126242,21.681618
"2268",80331,"Phacochoerus africanus",-18.827154,16.951185
"2269",80331,"Phacochoerus africanus",-16.088041,25.65033
"2271",80331,"Phacochoerus africanus",-20.653988,17.032928
"2283",80331,"Phacochoerus africanus",-0.42503,36.119614
"2284",80331,"Phacochoerus africanus",-0.410842,36.111062
"2285",80331,"Phacochoerus africanus",2.146111,31.811111
"2286",80331,"Phacochoerus africanus",-17.15,33.57
"2287",80331,"Phacochoerus africanus",-2.440198,34.513373
"2288",80331,"Phacochoerus africanus",-14.849777,35.31092
"2289",80331,"Phacochoerus africanus",-0.020541,37.900296
"2290",80331,"Phacochoerus africanus",6.01948,37.599667
"2291",80331,"Phacochoerus africanus",-1.387253,36.813276
"2293",80331,"Phacochoerus africanus",-13.16125,31.715286
"2294",80331,"Phacochoerus africanus",-24.046464,31.453857
"2295",80331,"Phacochoerus africanus",-33.618089,25.828994
"2296",80331,"Phacochoerus africanus",3.768188,29.525017
"2297",80331,"Phacochoerus africanus",3.910231,29.267122
"2298",80331,"Phacochoerus africanus",-2.2348,34.918897
"2299",80331,"Phacochoerus africanus",-7.5,35
"2301",80331,"Phacochoerus africanus",11.21028,1.5761
"2302",80331,"Phacochoerus africanus",11.08219,1.52159
"2303",80331,"Phacochoerus africanus",11.17287,1.18581
"2304",80331,"Phacochoerus africanus",11.11118,1.31137
"2305",80331,"Phacochoerus africanus",11.10501,1.52387
"2306",80331,"Phacochoerus africanus",11.05651,1.53622
"2307",80331,"Phacochoerus africanus",11.08638,1.51112
"2308",80331,"Phacochoerus africanus",11.11226,1.39557
"2309",80331,"Phacochoerus africanus",11.17171,1.56251
"2310",80331,"Phacochoerus africanus",11.15112,1.37021
"2311",80331,"Phacochoerus africanus",11.3005,1.9321
"2312",80331,"Phacochoerus africanus",11.15552,1.53667
"2313",80331,"Phacochoerus africanus",11.11703,1.1202
"2314",80331,"Phacochoerus africanus",11.29732,1.93667
"2315",80331,"Phacochoerus africanus",11.09328,1.18186
"2316",80331,"Phacochoerus africanus",11.20036,1.19838
"2317",80331,"Phacochoerus africanus",11.17109,1.53677
"2318",80331,"Phacochoerus africanus",11.22262,1.16006
"2319",80331,"Phacochoerus africanus",11.18901,1.82183
"2320",80331,"Phacochoerus africanus",11.18257,1.19828
"2321",80331,"Phacochoerus africanus",11.15188,1.15971
"2322",80331,"Phacochoerus africanus",11.21006,1.6268
"2323",80331,"Phacochoerus africanus",11.32825,1.35552
"2324",80331,"Phacochoerus africanus",11.11711,1.56208
"2325",80331,"Phacochoerus africanus",11.06158,1.57675
"2326",80331,"Phacochoerus africanus",11.21012,1.60103
"2327",80331,"Phacochoerus africanus",11.1523,1.53666
"2328",80331,"Phacochoerus africanus",11.09383,1.5236
"2329",80331,"Phacochoerus africanus",11.19282,1.11712
"2330",80331,"Phacochoerus africanus",10.97891,1.51352
"2331",80331,"Phacochoerus africanus",11.12692,1.10817
"2332",80331,"Phacochoerus africanus",11.19125,1.11712
"2333",80331,"Phacochoerus africanus",11.18911,1.18555
"2334",80331,"Phacochoerus africanus",11.10592,1.52362
"2335",80331,"Phacochoerus africanus",11.11711,1.33118
"2336",80331,"Phacochoerus africanus",11.11106,1.51207
"2337",80331,"Phacochoerus africanus",11.06796,1.60159
"2338",80331,"Phacochoerus africanus",11.35512,1.62003
"2339",80331,"Phacochoerus africanus",11.06516,1.57591
"2340",80331,"Phacochoerus africanus",11.1664,1.13116
"2341",80331,"Phacochoerus africanus",11.32835,1.90535
"2342",80331,"Phacochoerus africanus",11.31122,1.36289
"2343",80331,"Phacochoerus africanus",11.09017,1.51911
"2344",80331,"Phacochoerus africanus",11.11331,1.53633
"2345",80331,"Phacochoerus africanus",11.10102,1.53625
"2346",80331,"Phacochoerus africanus",11.32834,1.90534
"2347",80331,"Phacochoerus africanus",11.06555,1.51062
"2348",80331,"Phacochoerus africanus",11.11691,1.33153
"2349",80331,"Phacochoerus africanus",11.10822,1.51019
"2350",80331,"Phacochoerus africanus",11.11383,1.52377
"2351",80331,"Phacochoerus africanus",11.18621,1.5623
"2352",80331,"Phacochoerus africanus",11.1601,1.53671
"2353",80331,"Phacochoerus africanus",11.06093,1.67717
"2354",80331,"Phacochoerus africanus",11.37775,1.79389
"2355",80331,"Phacochoerus africanus",11.10812,1.39512
"2356",80331,"Phacochoerus africanus",11.11612,1.10773
"2357",80331,"Phacochoerus africanus",11.15516,1.12136
"2358",80331,"Phacochoerus africanus",11.1562,1.39583
"2359",80331,"Phacochoerus africanus",11.15372,1.53661
"2361",80331,"Phacochoerus africanus",11.19697,1.5196
"2362",80331,"Phacochoerus africanus",11.16059,1.16028
"2363",80331,"Phacochoerus africanus",11.1872,1.56226
"2364",80331,"Phacochoerus africanus",11.18168,1.60086
"2365",80331,"Phacochoerus africanus",11.06114,1.53624
"2366",80331,"Phacochoerus africanus",11.107,1.1338
"2367",80331,"Phacochoerus africanus",11.17568,1.16012
"2368",80331,"Phacochoerus africanus",11.11382,1.52312
"2370",80331,"Phacochoerus africanus",11.16606,1.1728
"2371",80331,"Phacochoerus africanus",11.31233,1.37825
"2372",80331,"Phacochoerus africanus",11.13302,1.36999
"2373",80331,"Phacochoerus africanus",11.32833,1.90533
"2374",80331,"Phacochoerus africanus",11.17202,1.19851
"2375",80331,"Phacochoerus africanus",11.18322,1.65236
"2376",80331,"Phacochoerus africanus",11.0653,1.72819
"2377",80331,"Phacochoerus africanus",11.10026,1.11661
"2378",80331,"Phacochoerus africanus",11.15239,1.53664
"2379",80331,"Phacochoerus africanus",11.18296,1.18511
"2380",80331,"Phacochoerus africanus",11.17982,1.67779
"2381",80331,"Phacochoerus africanus",11.16101,1.51951
"2382",80331,"Phacochoerus africanus",11.16018,1.6521
"2383",80331,"Phacochoerus africanus",11.32831,1.90531
"2384",80331,"Phacochoerus africanus",11.11109,1.52376
"2385",80331,"Phacochoerus africanus",11.11911,1.36978
"2387",80331,"Phacochoerus africanus",11.08319,1.5619
"2388",80331,"Phacochoerus africanus",11.16937,1.19175
"2389",80331,"Phacochoerus africanus",11.13036,1.11658
"2390",80331,"Phacochoerus africanus",11.36537,1.60959
"2391",80331,"Phacochoerus africanus",11.13191,1.12061
"2392",80331,"Phacochoerus africanus",11.10817,1.53611
"2393",80331,"Phacochoerus africanus",11.36113,1.63851
"2394",80331,"Phacochoerus africanus",11.36658,1.3652
"2395",80331,"Phacochoerus africanus",11.09558,1.51107
"2396",80331,"Phacochoerus africanus",11.19751,1.56263
"2397",80331,"Phacochoerus africanus",11.16527,1.39584
"2398",80331,"Phacochoerus africanus",11.08201,1.18163
"2399",80331,"Phacochoerus africanus",11.19737,1.57533
"2400",80331,"Phacochoerus africanus",11.11516,1.75825
"2401",80331,"Phacochoerus africanus",11.11258,1.81507
"2402",80331,"Phacochoerus africanus",11.32118,1.361
"2403",80331,"Phacochoerus africanus",11.21391,1.26639
"2404",80331,"Phacochoerus africanus",11.36267,1.37917
"2405",80331,"Phacochoerus africanus",11.13027,1.11112
"2406",80331,"Phacochoerus africanus",11.36662,1.60612
"2407",80331,"Phacochoerus africanus",11.25702,1.85597
"2408",80331,"Phacochoerus africanus",11.11771,1.75692
"2409",80331,"Phacochoerus africanus",11.27181,1.61857
"2410",80331,"Phacochoerus africanus",11.1299,1.53116
"2411",80331,"Phacochoerus africanus",11.27903,1.91172
"2412",80331,"Phacochoerus africanus",11.30129,1.37113
"2413",80331,"Phacochoerus africanus",11.32952,1.35885
"2414",80331,"Phacochoerus africanus",11.07378,1.17511
"2415",80331,"Phacochoerus africanus",11.31387,1.12025
"2416",80331,"Phacochoerus africanus",11.00708,1.10856
"2417",80331,"Phacochoerus africanus",11.12223,1.16386
"2418",80331,"Phacochoerus africanus",11.05118,1.61072
"2419",80331,"Phacochoerus africanus",11.32963,1.60639
"2420",80331,"Phacochoerus africanus",11.18822,1.53689
"2421",80331,"Phacochoerus africanus",10.99597,1.53831
"2422",80331,"Phacochoerus africanus",11.27511,1.88571
"2423",80331,"Phacochoerus africanus",11.21138,1.10838
"2424",80331,"Phacochoerus africanus",11.09282,1.63933
"2425",80331,"Phacochoerus africanus",11.30796,1.58615
"2426",80331,"Phacochoerus africanus",11.27904,1.91173
"2427",80331,"Phacochoerus africanus",11.13731,1.11056
"2428",80331,"Phacochoerus africanus",11.06031,1.38694
"2429",80331,"Phacochoerus africanus",11.27507,1.88567
"2430",80331,"Phacochoerus africanus",11.20118,1.51293
"2431",80331,"Phacochoerus africanus",11.11329,1.51859
"2432",80331,"Phacochoerus africanus",11.11185,1.17222
"2433",80331,"Phacochoerus africanus",11.166,1.13882
"2434",80331,"Phacochoerus africanus",11.19062,1.5362
"2435",80331,"Phacochoerus africanus",11.31806,1.63521
"2436",80331,"Phacochoerus africanus",11.21116,1.17196
"2437",80331,"Phacochoerus africanus",11.23555,1.66927
"2438",80331,"Phacochoerus africanus",11.35777,1.60152
"2439",80331,"Phacochoerus africanus",11.31522,1.37819
"2440",80331,"Phacochoerus africanus",11.11628,1.78231
"2441",80331,"Phacochoerus africanus",11.39303,1.38967
"2442",80331,"Phacochoerus africanus",11.03953,1.21211
"2443",80331,"Phacochoerus africanus",11.10785,1.7392
"2444",80331,"Phacochoerus africanus",11.21331,1.85329
"2445",80331,"Phacochoerus africanus",11.31836,1.36916
"2446",80331,"Phacochoerus africanus",11.16701,1.19823
"2447",80331,"Phacochoerus africanus",11.21736,1.51111
"2448",80331,"Phacochoerus africanus",11.09968,1.62387
"2449",80331,"Phacochoerus africanus",11.10611,1.62536
"2451",80331,"Phacochoerus africanus",11.32711,1.55652
"2452",80331,"Phacochoerus africanus",11.26972,1.87653
"2453",80331,"Phacochoerus africanus",11.15998,1.19828
"2454",80331,"Phacochoerus africanus",11.15131,1.79625
"2455",80331,"Phacochoerus africanus",11.16963,1.52378
"2456",80331,"Phacochoerus africanus",11.01381,1.51098
"2457",80331,"Phacochoerus africanus",11.36352,1.81158
"2458",80331,"Phacochoerus africanus",11.36167,1.58326
"2459",80331,"Phacochoerus africanus",11.11557,1.11038
"2460",80331,"Phacochoerus africanus",11.08327,1.10962
"2461",80331,"Phacochoerus africanus",11.31651,1.66956
"2462",80331,"Phacochoerus africanus",11.15292,1.75157
"2463",80331,"Phacochoerus africanus",11.21791,1.53711
"2464",80331,"Phacochoerus africanus",11.18521,1.51161
"2465",80331,"Phacochoerus africanus",11.2099,1.52111
"2466",80331,"Phacochoerus africanus",11.11169,1.77852
"2467",80331,"Phacochoerus africanus",11.36036,1.59796
"2468",80331,"Phacochoerus africanus",11.07636,1.12337
"2469",80331,"Phacochoerus africanus",11.32811,1.65801
"2470",80331,"Phacochoerus africanus",11.17172,1.51126
"2471",80331,"Phacochoerus africanus",11.01163,1.08663
"2472",80331,"Phacochoerus africanus",11.36861,1.8153
"2473",80331,"Phacochoerus africanus",11.11171,1.75856
"2474",80331,"Phacochoerus africanus",11.11131,1.52896
"2475",80331,"Phacochoerus africanus",11.32903,1.58555
"2476",80331,"Phacochoerus africanus",11.11702,1.53995
"2477",80331,"Phacochoerus africanus",11.3673,1.68111
"2478",80331,"Phacochoerus africanus",11.11991,1.51599
"2479",80331,"Phacochoerus africanus",11.30838,1.36337
"2480",80331,"Phacochoerus africanus",11.26813,1.87351
"2481",80331,"Phacochoerus africanus",11.23173,1.28221
"2482",80331,"Phacochoerus africanus",11.15097,1.75111
"2483",80331,"Phacochoerus africanus",11.09512,1.61765
"2484",80331,"Phacochoerus africanus",11.27509,1.88569
"2485",80331,"Phacochoerus africanus",10.88873,1.27337
"2486",80331,"Phacochoerus africanus",11.10676,1.56311
"2487",80331,"Phacochoerus africanus",11.10256,1.11518
"2488",80331,"Phacochoerus africanus",11.23115,1.83251
"2489",80331,"Phacochoerus africanus",11.06817,1.20708
"2490",80331,"Phacochoerus africanus",11.03226,1.18681
"2491",80331,"Phacochoerus africanus",11.11238,1.12311
"2492",80331,"Phacochoerus africanus",11.11766,1.51592
"2493",80331,"Phacochoerus africanus",11.36802,1.55372
"2494",80331,"Phacochoerus africanus",11.16333,1.1258
"2495",80331,"Phacochoerus africanus",11.21529,1.81982
"2496",80331,"Phacochoerus africanus",11.27512,1.88572
"2497",80331,"Phacochoerus africanus",11.22122,1.86771
"2499",80331,"Phacochoerus africanus",11.350066,2.257018
"2500",80331,"Phacochoerus africanus",11.305767,2.371673
"2501",80331,"Phacochoerus africanus",11.294031,2.383803
"2502",80331,"Phacochoerus africanus",11.279563,2.292509
"2503",80331,"Phacochoerus africanus",11.04971,2.217237
"2504",80331,"Phacochoerus africanus",11.295241,2.313015
"2505",80331,"Phacochoerus africanus",11.376113,2.977753
"2506",80331,"Phacochoerus africanus",11.232004,2.259602
"2507",80331,"Phacochoerus africanus",11.334884,2.292225
"2508",80331,"Phacochoerus africanus",11.360606,2.312261
"2509",80331,"Phacochoerus africanus",11.235899,2.151317
"2510",80331,"Phacochoerus africanus",11.117111,2.213295
"2511",80331,"Phacochoerus africanus",11.232588,2.222628
"2512",80331,"Phacochoerus africanus",11.775073,2.55127
"2513",80331,"Phacochoerus africanus",11.117841,2.223528
"2514",80331,"Phacochoerus africanus",11.113818,2.253898
"2515",80331,"Phacochoerus africanus",11.435645,2.998562
"2516",80331,"Phacochoerus africanus",11.329468,2.328611
"2517",80331,"Phacochoerus africanus",11.438976,2.018136
"2518",80331,"Phacochoerus africanus",11.184403,2.339221
"2519",80331,"Phacochoerus africanus",11.303162,2.017111
"2520",80331,"Phacochoerus africanus",11.249725,2.92093
"2521",80331,"Phacochoerus africanus",11.267518,2.895021
"2522",80331,"Phacochoerus africanus",11.376858,2.322123
"2523",80331,"Phacochoerus africanus",11.266468,2.902729
"2524",80331,"Phacochoerus africanus",11.074433,2.276951
"2525",80331,"Phacochoerus africanus",11.332268,2.107961
"2526",80331,"Phacochoerus africanus",11.094467,2.377222
"2527",80331,"Phacochoerus africanus",11.205765,2.233952
"2528",80331,"Phacochoerus africanus",11.321523,2.955629
"2529",80331,"Phacochoerus africanus",11.074751,2.28229
"2530",80331,"Phacochoerus africanus",11.206587,2.021986
"2531",80331,"Phacochoerus africanus",11.267734,2.887983
"2532",80331,"Phacochoerus africanus",11.316678,2.323217
"2533",80331,"Phacochoerus africanus",11.344378,2.198293
"2534",80331,"Phacochoerus africanus",11.278115,2.365122
"2535",80331,"Phacochoerus africanus",11.774847,2.521226
"2536",80331,"Phacochoerus africanus",11.093902,2.332551
"2537",80331,"Phacochoerus africanus",11.568383,2.101337
"2538",80331,"Phacochoerus africanus",11.40401,2.210522
"2540",80331,"Phacochoerus africanus",11.024231,2.39173
"2541",80331,"Phacochoerus africanus",11.279067,2.322522
"2542",80331,"Phacochoerus africanus",11.568721,2.111531
"2543",80331,"Phacochoerus africanus",11.277205,2.372652
"2544",80331,"Phacochoerus africanus",11.299025,2.229208
"2545",80331,"Phacochoerus africanus",11.408725,2.210181
"2546",80331,"Phacochoerus africanus",11.273575,2.225522
"2547",80331,"Phacochoerus africanus",11.724046,2.277522
"2549",80331,"Phacochoerus africanus",11.711927,2.278237
"2550",80331,"Phacochoerus africanus",11.019869,2.233721
"2551",80331,"Phacochoerus africanus",11.409766,2.200302
"2552",80331,"Phacochoerus africanus",11.113711,2.215839
"2553",80331,"Phacochoerus africanus",11.074955,2.285098
"2555",80331,"Phacochoerus africanus",11.112115,2.210681
"2556",80331,"Phacochoerus africanus",11.438085,2.023819
"2558",80331,"Phacochoerus africanus",11.074943,2.286652
"2561",80331,"Phacochoerus africanus",11.112247,2.23515
"2562",80331,"Phacochoerus africanus",11.427659,2.012208
"2563",80331,"Phacochoerus africanus",11.250443,2.151252
"2564",80331,"Phacochoerus africanus",11.093334,2.210123
"2566",80331,"Phacochoerus africanus",11.111167,2.812186
"2569",80331,"Phacochoerus africanus",11.301461,2.958212
"2570",80331,"Phacochoerus africanus",11.111104,2.791257
"2574",80331,"Phacochoerus africanus",11.20475,2.016233
"2575",80331,"Phacochoerus africanus",11.376023,2.977752
"2576",80331,"Phacochoerus africanus",11.115478,2.282337
"2577",80331,"Phacochoerus africanus",11.26955,2.928681
"2578",80331,"Phacochoerus africanus",11.266886,2.899295
"2579",80331,"Phacochoerus africanus",11.322349,2.020327
"2580",80331,"Phacochoerus africanus",11.288815,2.227397
"2584",80331,"Phacochoerus africanus",11.321441,2.955261
"2587",80331,"Phacochoerus africanus",11.184417,2.37263
"2588",80331,"Phacochoerus africanus",11.656115,2.572109
"2589",80331,"Phacochoerus africanus",11.65459,2.282026
"2592",80331,"Phacochoerus africanus",11.185866,2.370802
"2593",80331,"Phacochoerus africanus",11.279778,2.335618
"2598",80331,"Phacochoerus africanus",11.399111,2.210372
"2599",80331,"Phacochoerus africanus",11.366198,2.198062
"2602",80331,"Phacochoerus africanus",11.297492,2.22126
"2605",80331,"Phacochoerus africanus",11.379004,2.321361
"2606",80331,"Phacochoerus africanus",11.218033,2.00985
"2607",80331,"Phacochoerus africanus",11.127983,1.93735
"2608",80331,"Phacochoerus africanus",11.11049,2.0524
"2609",80331,"Phacochoerus africanus",11.253867,1.997667
"2610",80331,"Phacochoerus africanus",11.80005,2.44302
"2611",80331,"Phacochoerus africanus",11.199833,1.97565
"2612",80331,"Phacochoerus africanus",11.854517,2.454883
"2613",80331,"Phacochoerus africanus",11.880083,2.414806
"2614",80331,"Phacochoerus africanus",11.70325,2.419583
"2615",80331,"Phacochoerus africanus",11.67894,2.56446
"2616",80331,"Phacochoerus africanus",11.872583,2.407767
"2617",80331,"Phacochoerus africanus",11.72853,2.31845
"2618",80331,"Phacochoerus africanus",11.8095,2.74354
"2619",80331,"Phacochoerus africanus",11.72848,2.74378
"2620",80331,"Phacochoerus africanus",11.704017,2.474467
"2621",80331,"Phacochoerus africanus",12.03489,2.52294
"2622",80331,"Phacochoerus africanus",11.493367,2.752383
"2623",80331,"Phacochoerus africanus",11.747167,2.513139
"2624",80331,"Phacochoerus africanus",11.93462,2.85162
"2625",80331,"Phacochoerus africanus",11.7377,2.62021
"2626",80331,"Phacochoerus africanus",11.69268,2.87084
"2627",80331,"Phacochoerus africanus",11.482433,2.323967
"2628",80331,"Phacochoerus africanus",11.218033,1.999983
"2629",80331,"Phacochoerus africanus",11.891183,2.563183
"2630",80331,"Phacochoerus africanus",11.39115,2.28005
"2631",80331,"Phacochoerus africanus",12.01516,2.77949
"2632",80331,"Phacochoerus africanus",11.69271,2.9498
"2633",80331,"Phacochoerus africanus",12.10717,2.46428
"2634",80331,"Phacochoerus africanus",11.90881,2.55246
"2635",80331,"Phacochoerus africanus",11.39037,2.25217
"2636",80331,"Phacochoerus africanus",12.16688,2.72522
"2637",80331,"Phacochoerus africanus",12.10725,2.45131
"2638",80331,"Phacochoerus africanus",12.15669,2.5081
"2639",80331,"Phacochoerus africanus",11.446417,2.32525
"2640",80331,"Phacochoerus africanus",11.99195,2.96146
"2641",80331,"Phacochoerus africanus",12.10714,2.46764
"2642",80331,"Phacochoerus africanus",12.17901,2.3949
"2643",80331,"Phacochoerus africanus",11.61986,2.74446
"2644",80331,"Phacochoerus africanus",11.90864,2.96435
"2645",80331,"Phacochoerus africanus",12.18607,2.61828
"2646",80331,"Phacochoerus africanus",12.12228,2.54484
"2647",80331,"Phacochoerus africanus",12.21177,2.45286
"2648",80331,"Phacochoerus africanus",12.10724,2.45517
"2649",80331,"Phacochoerus africanus",12.12523,2.4699
"2650",80331,"Phacochoerus africanus",11.127983,1.988417
"2651",80331,"Phacochoerus africanus",11.23281,2.10066
"2652",80331,"Phacochoerus africanus",12.1072,2.46008
"2653",80331,"Phacochoerus africanus",12.02776,2.61856
"2654",80331,"Phacochoerus africanus",11.1131,2.01393
"2655",80331,"Phacochoerus africanus",11.90883,2.54692
"2656",80331,"Phacochoerus africanus",12.19594,2.72531
"2657",80331,"Phacochoerus africanus",11.32615,2.09854
"2658",80331,"Phacochoerus africanus",11.608067,2.343367
"2659",80331,"Phacochoerus africanus",11.842472,2.522972
"2660",80331,"Phacochoerus africanus",11.95236,2.63655
"2661",80331,"Phacochoerus africanus",11.4159,2.12884
"2662",80331,"Phacochoerus africanus",11.361767,2.112267
"2663",80331,"Phacochoerus africanus",11.127967,2.0691
"2664",80331,"Phacochoerus africanus",11.76492,2.81652
"2665",80331,"Phacochoerus africanus",11.410217,2.262483
"2666",80331,"Phacochoerus africanus",12.07148,2.53647
"2667",80331,"Phacochoerus africanus",11.51835,2.173817
"2668",80331,"Phacochoerus africanus",11.5599,2.253883
"2669",80331,"Phacochoerus africanus",12.01363,2.65532
"2670",80331,"Phacochoerus africanus",11.4649,2.30405
"2671",80331,"Phacochoerus africanus",11.66241,2.96635
"2672",80331,"Phacochoerus africanus",11.71023,2.71905
"2673",80331,"Phacochoerus africanus",11.41623,2.05981
"2674",80331,"Phacochoerus africanus",11.3442,2.136033
"2675",80331,"Phacochoerus africanus",11.86505,2.67252
"2676",80331,"Phacochoerus africanus",11.41683,2.13504
"2677",80331,"Phacochoerus africanus",11.270639,2.017972
"2678",80331,"Phacochoerus africanus",12.23028,2.43441
"2679",80331,"Phacochoerus africanus",11.96297,2.4731
"2680",80331,"Phacochoerus africanus",11.90965,2.43975
"2681",80331,"Phacochoerus africanus",11.7308,2.456767
"2682",80331,"Phacochoerus africanus",11.235917,1.993183
"2683",80331,"Phacochoerus africanus",11.23605,1.994867
"2684",80331,"Phacochoerus africanus",11.482233,2.252633
"2685",80331,"Phacochoerus africanus",12.28588,2.72531
"2686",80331,"Phacochoerus africanus",11.71025,2.70813
"2687",80331,"Phacochoerus africanus",11.66285,2.31954
"2688",80331,"Phacochoerus africanus",11.518417,2.159217
"2689",80331,"Phacochoerus africanus",11.71113,2.92693
"2690",80331,"Phacochoerus africanus",11.464267,2.23085
"2691",80331,"Phacochoerus africanus",12.17899,2.38998
"2692",80331,"Phacochoerus africanus",11.80858,2.58159
"2693",80331,"Phacochoerus africanus",11.181983,1.981867
"2694",80331,"Phacochoerus africanus",12.23077,2.41602
"2695",80331,"Phacochoerus africanus",11.96297,2.45312
"2696",80331,"Phacochoerus africanus",11.9674,2.74368
"2697",80331,"Phacochoerus africanus",11.637983,2.791083
"2698",80331,"Phacochoerus africanus",11.74669,2.80081
"2699",80331,"Phacochoerus africanus",11.89002,2.67251
"2700",80331,"Phacochoerus africanus",11.81452,2.38619
"2701",80331,"Phacochoerus africanus",11.46448,2.11105
"2702",80331,"Phacochoerus africanus",11.235983,1.992667
"2703",80331,"Phacochoerus africanus",11.80252,2.58155
"2704",80331,"Phacochoerus africanus",11.429694,2.109725
"2705",80331,"Phacochoerus africanus",11.99899,2.50824
"2706",80331,"Phacochoerus africanus",11.92646,2.99682
"2707",80331,"Phacochoerus africanus",11.65398,2.68924
"2708",80331,"Phacochoerus africanus",11.88802,2.65408
"2709",80331,"Phacochoerus africanus",-0.883186,36.364059
"2710",80331,"Phacochoerus africanus",-1.521942,35.336838
"2711",80331,"Phacochoerus africanus",-0.366667,36.083333
"2712",80331,"Phacochoerus africanus",3.753,29.518
"2713",80331,"Phacochoerus africanus",3.742,29.51
"2714",80331,"Phacochoerus africanus",3.694,29.153
"2715",80331,"Phacochoerus africanus",11.245819,1.594426
"2716",80331,"Phacochoerus africanus",-33.622154,25.834745
"2717",80331,"Phacochoerus africanus",-7.665233,38.142388
"2718",80331,"Phacochoerus africanus",-17.927456,25.851173
"2719",80331,"Phacochoerus africanus",-14.905444,35.290483
"2720",80331,"Phacochoerus africanus",-0.631112,30.948143
"2722",80331,"Phacochoerus africanus",-7.751023,38.203197
"2723",80331,"Phacochoerus africanus",-7.693893,38.116464
"2724",80331,"Phacochoerus africanus",-7.720942,38.189507
"2725",80331,"Phacochoerus africanus",-7.747733,38.199742
"2726",80331,"Phacochoerus africanus",-7.692446,38.110714
"2727",80331,"Phacochoerus africanus",-22.543019,17.196281
"2728",80331,"Phacochoerus africanus",-27.030947,18.036632
"2729",80331,"Phacochoerus africanus",-22.542791,17.272621
"2730",80331,"Phacochoerus africanus",-1.308386,35.037835
"2731",80331,"Phacochoerus africanus",13.162977,-12.930417
"2732",80331,"Phacochoerus africanus",-10.568933,33.825264
"2733",80331,"Phacochoerus africanus",-22.911389,16.584167
"2734",80331,"Phacochoerus africanus",9.42,-7.52
"2736",80331,"Phacochoerus africanus",-2.461279,34.683838
"2737",80331,"Phacochoerus africanus",-14.849197,35.297522
"2738",80331,"Phacochoerus africanus",-14.857786,35.313036
"2739",80331,"Phacochoerus africanus",-14.857108,35.295317
"2740",80331,"Phacochoerus africanus",-14.876033,35.305897
"2741",80331,"Phacochoerus africanus",-14.866219,35.304719
"2742",80331,"Phacochoerus africanus",-3.167237,35.568993
"2743",80331,"Phacochoerus africanus",-1.26281,34.968656
