"","taxon_id","taxon_name","decimal_latitude","decimal_longitude"
"1",80344,"Potamochoerus porcus",3.9,16.98333
"2",80344,"Potamochoerus porcus",-0.2333,36.8167
"4",80344,"Potamochoerus porcus",6.91266,2.40178
"5",80344,"Potamochoerus porcus",6.91188,2.4004
"6",80344,"Potamochoerus porcus",5.272115,-8.558003
"7",80344,"Potamochoerus porcus",5.274395,-8.521101
"8",80344,"Potamochoerus porcus",5.280235,-8.528135
"9",80344,"Potamochoerus porcus",5.289616,-8.767988
"10",80344,"Potamochoerus porcus",5.307779,-8.784353
"11",80344,"Potamochoerus porcus",5.311015,-8.71132
"12",80344,"Potamochoerus porcus",5.309009,-8.784451
"13",80344,"Potamochoerus porcus",5.308991,-8.784406
"14",80344,"Potamochoerus porcus",5.315847,-8.757789
"15",80344,"Potamochoerus porcus",5.314618,-8.785388
"16",80344,"Potamochoerus porcus",5.343615,-8.705348
"17",80344,"Potamochoerus porcus",5.322525,-8.786369
"18",80344,"Potamochoerus porcus",5.336458,-8.74361
"19",80344,"Potamochoerus porcus",5.321403,-8.786324
"20",80344,"Potamochoerus porcus",5.39868,-8.543678
"21",80344,"Potamochoerus porcus",5.439335,-8.687455
"22",80344,"Potamochoerus porcus",5.402182,-8.688621
"23",80344,"Potamochoerus porcus",5.397421,-8.540881
"24",80344,"Potamochoerus porcus",5.462009,-8.251121
"25",80344,"Potamochoerus porcus",5.466911,-8.295888
"26",80344,"Potamochoerus porcus",5.47693,-8.226576
"27",80344,"Potamochoerus porcus",5.472391,-8.22113
"28",80344,"Potamochoerus porcus",5.469213,-8.299126
"29",80344,"Potamochoerus porcus",5.473523,-8.222211
"30",80344,"Potamochoerus porcus",5.494157,-8.319101
"31",80344,"Potamochoerus porcus",5.493238,-8.204529
"32",80344,"Potamochoerus porcus",5.506526,-8.564243
"33",80344,"Potamochoerus porcus",5.491944,-8.204585
"34",80344,"Potamochoerus porcus",5.494112,-8.319074
"35",80344,"Potamochoerus porcus",5.504072,-8.481686
"36",80344,"Potamochoerus porcus",5.504272,-8.561347
"37",80344,"Potamochoerus porcus",5.51425,-8.224488
"38",80344,"Potamochoerus porcus",5.505161,-8.50727
"39",80344,"Potamochoerus porcus",5.501649,-8.252588
"40",80344,"Potamochoerus porcus",5.534362,-8.36452
"41",80344,"Potamochoerus porcus",5.518801,-8.306371
"42",80344,"Potamochoerus porcus",5.540474,-8.40542
"43",80344,"Potamochoerus porcus",5.517223,-8.421088
"44",80344,"Potamochoerus porcus",5.516437,-8.53485
"45",80344,"Potamochoerus porcus",5.526465,-8.507026
"46",80344,"Potamochoerus porcus",5.543945,-8.449267
"47",80344,"Potamochoerus porcus",5.539009,-8.443177
"48",80344,"Potamochoerus porcus",5.526028,-8.353569
"49",80344,"Potamochoerus porcus",5.540465,-8.396392
"50",80344,"Potamochoerus porcus",5.54073,-8.44518
"51",80344,"Potamochoerus porcus",5.546326,-8.260143
"52",80344,"Potamochoerus porcus",5.570846,-8.44731
"53",80344,"Potamochoerus porcus",5.266701,-8.551031
"54",80344,"Potamochoerus porcus",5.270322,-8.555459
"55",80344,"Potamochoerus porcus",5.295854,-8.735189
"56",80344,"Potamochoerus porcus",5.286292,-8.613801
"57",80344,"Potamochoerus porcus",5.293276,-8.733981
"58",80344,"Potamochoerus porcus",5.321358,-8.786279
"59",80344,"Potamochoerus porcus",5.338593,-8.743907
"60",80344,"Potamochoerus porcus",5.35748,-8.375599
"61",80344,"Potamochoerus porcus",5.367124,-8.386014
"62",80344,"Potamochoerus porcus",5.388914,-8.292287
"63",80344,"Potamochoerus porcus",5.370613,-8.502054
"64",80344,"Potamochoerus porcus",5.404445,-8.691138
"65",80344,"Potamochoerus porcus",5.40699,-8.271768
"66",80344,"Potamochoerus porcus",5.395867,-8.337796
"67",80344,"Potamochoerus porcus",5.396398,-8.681962
"68",80344,"Potamochoerus porcus",5.410043,-8.27495
"70",80344,"Potamochoerus porcus",5.424255,-8.364916
"71",80344,"Potamochoerus porcus",5.42767,-8.369399
"72",80344,"Potamochoerus porcus",5.439623,-8.580784
"73",80344,"Potamochoerus porcus",5.450925,-8.358389
"74",80344,"Potamochoerus porcus",5.47718,-8.378997
"75",80344,"Potamochoerus porcus",5.461454,-8.597108
"76",80344,"Potamochoerus porcus",5.460941,-8.288439
"77",80344,"Potamochoerus porcus",5.496495,-8.475707
"78",80344,"Potamochoerus porcus",5.493078,-8.510159
"79",80344,"Potamochoerus porcus",5.511146,-8.412969
"80",80344,"Potamochoerus porcus",5.498487,-8.324323
"81",80344,"Potamochoerus porcus",5.496369,-8.475725
"82",80344,"Potamochoerus porcus",5.528348,-8.509697
"83",80344,"Potamochoerus porcus",5.51582,-8.419519
"84",80344,"Potamochoerus porcus",5.517079,-8.421305
"85",80344,"Potamochoerus porcus",5.512903,-8.415143
"86",80344,"Potamochoerus porcus",5.527026,-8.507974
"87",80344,"Potamochoerus porcus",5.538285,-8.442058
"88",80344,"Potamochoerus porcus",-2.034904,9.424195
"89",80344,"Potamochoerus porcus",-22.965661,18.486166
"90",80344,"Potamochoerus porcus",16.55,-15.77
"91",80344,"Potamochoerus porcus",-8.65,26.516667
"93",80344,"Potamochoerus porcus",0.5,25.2
"101",80344,"Potamochoerus porcus",7.2068,2.4048
"102",80344,"Potamochoerus porcus",7.203,2.3856
"103",80344,"Potamochoerus porcus",6.9211,2.4072
"104",80344,"Potamochoerus porcus",9.333489,2.526029
"105",80344,"Potamochoerus porcus",7.1063,2.1347
"107",80344,"Potamochoerus porcus",7.4431,2.559
"108",80344,"Potamochoerus porcus",-17.81774,31.166907
"109",80344,"Potamochoerus porcus",-17.355143,31.067181
"110",80344,"Potamochoerus porcus",10.666667,37.950001
"111",80344,"Potamochoerus porcus",10.666667,37.916668
"112",80344,"Potamochoerus porcus",-3.46444,29.502781
"113",80344,"Potamochoerus porcus",-18.16667,24.466669
"114",80344,"Potamochoerus porcus",8.955147,2.184746
"115",80344,"Potamochoerus porcus",7.065248,2.130028
"116",80344,"Potamochoerus porcus",8.756808,2.03212
"117",80344,"Potamochoerus porcus",7.629793,2.600421
"118",80344,"Potamochoerus porcus",6.916667,2.166667
"120",80344,"Potamochoerus porcus",8.158478,13.651199
"121",80344,"Potamochoerus porcus",3.994102,29.443997
"122",80344,"Potamochoerus porcus",6.53333,9.26667
"123",80344,"Potamochoerus porcus",-0.13333,29.86667
"124",80344,"Potamochoerus porcus",-0.9327,29.7294
"125",80344,"Potamochoerus porcus",3.1181,31.6772
"126",80344,"Potamochoerus porcus",1.8956,31.7208
"127",80344,"Potamochoerus porcus",0.5534,30.3633
"128",80344,"Potamochoerus porcus",0.8414,30.0934
"129",80344,"Potamochoerus porcus",-1.0443,29.769
"130",80344,"Potamochoerus porcus",-0.1395,30.2913
"131",80344,"Potamochoerus porcus",-0.1777,30.2576
"132",80344,"Potamochoerus porcus",0.4544,30.3903
"133",80344,"Potamochoerus porcus",0.7694,30.4353
"134",80344,"Potamochoerus porcus",-0.8594,29.8279
"135",80344,"Potamochoerus porcus",0.8594,30.0754
"136",80344,"Potamochoerus porcus",-0.3871,30.2325
"137",80344,"Potamochoerus porcus",-1.074,29.822
"138",80344,"Potamochoerus porcus",-0.4528,30.0471
"139",80344,"Potamochoerus porcus",-0.3915,30.0394
"140",80344,"Potamochoerus porcus",3.0911,31.7042
"142",80344,"Potamochoerus porcus",-0.3555,30.2193
"144",80344,"Potamochoerus porcus",-0.3662,30.099
"146",80344,"Potamochoerus porcus",-0.345,30.1554
"147",80344,"Potamochoerus porcus",-0.3538,30.1429
"148",80344,"Potamochoerus porcus",-0.4527,30.0476
"149",80344,"Potamochoerus porcus",0.2565,30.8493
"150",80344,"Potamochoerus porcus",-0.3769,30.0749
"151",80344,"Potamochoerus porcus",0.8103,30.0353
"152",80344,"Potamochoerus porcus",0.7784,30.4353
"153",80344,"Potamochoerus porcus",2.2583,31.566
"155",80344,"Potamochoerus porcus",-0.3505,30.1533
"157",80344,"Potamochoerus porcus",-0.9939,29.6169
"158",80344,"Potamochoerus porcus",-0.3564,30.0966
"160",80344,"Potamochoerus porcus",-0.3651,30.0977
"161",80344,"Potamochoerus porcus",-0.3597,30.0968
"164",80344,"Potamochoerus porcus",-0.1545,30.2975
"167",80344,"Potamochoerus porcus",-0.3575,30.0968
"169",80344,"Potamochoerus porcus",-0.3124,30.0519
"171",80344,"Potamochoerus porcus",2.421,31.9965
"172",80344,"Potamochoerus porcus",-0.4523,30.0479
"179",80344,"Potamochoerus porcus",-0.4825,29.9395
"181",80344,"Potamochoerus porcus",-0.3546,30.2153
"182",80344,"Potamochoerus porcus",2.2596,32.2463
"189",80344,"Potamochoerus porcus",2.419,31.9904
"190",80344,"Potamochoerus porcus",2.2608,32.2414
"192",80344,"Potamochoerus porcus",2.2633,32.2512
"193",80344,"Potamochoerus porcus",2.2606,32.2533
"194",80344,"Potamochoerus porcus",1.6079,32.0365
"195",80344,"Potamochoerus porcus",2.419,31.9905
"196",80344,"Potamochoerus porcus",1.5621,32.0383
"198",80344,"Potamochoerus porcus",1.8138,32.0174
"199",80344,"Potamochoerus porcus",2.2881,32.2153
"205",80344,"Potamochoerus porcus",2.2592,32.2421
"207",80344,"Potamochoerus porcus",2.4212,31.9986
"218",80344,"Potamochoerus porcus",11.6882,2.4066
"219",80344,"Potamochoerus porcus",6.913361,2.402583
"226",80344,"Potamochoerus porcus",6.91296,2.40107
"228",80344,"Potamochoerus porcus",8.525,-8.937
"229",80344,"Potamochoerus porcus",8.531,-8.906
"230",80344,"Potamochoerus porcus",11.109,-13.957
"231",80344,"Potamochoerus porcus",7.604,-8.212
"232",80344,"Potamochoerus porcus",7.533,-8.933
"233",80344,"Potamochoerus porcus",8.139,-8.573
"234",80344,"Potamochoerus porcus",5.403,-7.732
"235",80344,"Potamochoerus porcus",4.9,-7.316
"236",80344,"Potamochoerus porcus",6.174,-7.788
"237",80344,"Potamochoerus porcus",5.2,-2.4
"238",80344,"Potamochoerus porcus",1.294,23.431
"239",80344,"Potamochoerus porcus",-4.94167,38.73333
"240",80344,"Potamochoerus porcus",3.08333,10.41667
"241",80344,"Potamochoerus porcus",-17.66667,31.049999
"243",80344,"Potamochoerus porcus",-8.31667,15.18333
"244",80344,"Potamochoerus porcus",6.91418,2.40125
"248",80344,"Potamochoerus porcus",-23.027924,29.509277
"249",80344,"Potamochoerus porcus",5.016667,6.05
"251",80344,"Potamochoerus porcus",6.22,-8.13
"252",80344,"Potamochoerus porcus",3.743,29.51
