"","taxon_id","taxon_name","decimal_latitude","decimal_longitude"
"1",81168,"Rupicapra rupicapra",47.674628,13.020709
"3",81168,"Rupicapra rupicapra",45.642356,11.084472
"5",81168,"Rupicapra rupicapra",47.674628,13.02088
"7",81168,"Rupicapra rupicapra",46.336306,6.996853
"8",81168,"Rupicapra rupicapra",46.616838,7.938865
"9",81168,"Rupicapra rupicapra",45.929488,9.804633
"10",81168,"Rupicapra rupicapra",48.080595,7.058596
"11",81168,"Rupicapra rupicapra",44.743441,7.069214
"12",81168,"Rupicapra rupicapra",44.900097,6.073352
"13",81168,"Rupicapra rupicapra",47.42524,10.361326
"14",81168,"Rupicapra rupicapra",46.316227,13.778768
"15",81168,"Rupicapra rupicapra",47.383705,11.279612
"16",81168,"Rupicapra rupicapra",44.791298,5.370385
"17",81168,"Rupicapra rupicapra",45.817372,11.177457
"18",81168,"Rupicapra rupicapra",44.937058,6.871899
"19",81168,"Rupicapra rupicapra",45.811786,9.623687
"20",81168,"Rupicapra rupicapra",47.92338,6.81739
"21",81168,"Rupicapra rupicapra",48.09871,6.96455
"22",81168,"Rupicapra rupicapra",47.11418,6.76003
"24",81168,"Rupicapra rupicapra",48.00883,6.95782
"27",81168,"Rupicapra rupicapra",48.18398,7.10569
"33",81168,"Rupicapra rupicapra",48.38907,6.31035
"34",81168,"Rupicapra rupicapra",48.56883,6.32171
"38",81168,"Rupicapra rupicapra",48.09412,7.09871
"44",81168,"Rupicapra rupicapra",48.93558,6.07192
"47",81168,"Rupicapra rupicapra",48.29918,6.3047
"52",81168,"Rupicapra rupicapra",48.59154,5.37334
"57",81168,"Rupicapra rupicapra",44.67718,6.84994
"58",81168,"Rupicapra rupicapra",44.76264,6.98232
"66",81168,"Rupicapra rupicapra",44.67272,6.97596
"67",81168,"Rupicapra rupicapra",44.85255,6.9887
"71",81168,"Rupicapra rupicapra",44.7671,6.8561
"86",81168,"Rupicapra rupicapra",44.85703,6.86228
"89",81168,"Rupicapra rupicapra",44.6815,6.7239
"91",81168,"Rupicapra rupicapra",44.77143,6.72986
"120",81168,"Rupicapra rupicapra",44.58726,6.8438
"137",81168,"Rupicapra rupicapra",44.68567,6.59784
"148",81168,"Rupicapra rupicapra",44.59157,6.71796
"243",81168,"Rupicapra rupicapra",44.86554,6.60938
"249",81168,"Rupicapra rupicapra",44.69358,6.34568
"256",81168,"Rupicapra rupicapra",44.86136,6.73584
"269",81168,"Rupicapra rupicapra",44.66812,7.10195
"355",81168,"Rupicapra rupicapra",44.77964,6.47733
"405",81168,"Rupicapra rupicapra",44.7756,6.6036
"461",81168,"Rupicapra rupicapra",44.16464,5.93911
"462",81168,"Rupicapra rupicapra",44.07797,5.80971
"463",81168,"Rupicapra rupicapra",44.23189,6.69439
"464",81168,"Rupicapra rupicapra",44.22761,6.81943
"465",81168,"Rupicapra rupicapra",44.78353,6.35103
"468",81168,"Rupicapra rupicapra",44.86958,6.4829
"470",81168,"Rupicapra rupicapra",44.87348,6.3564
"512",81168,"Rupicapra rupicapra",44.69732,6.21957
"585",81168,"Rupicapra rupicapra",44.78728,6.22472
"693",81168,"Rupicapra rupicapra",45.999629,11.020507
"694",81168,"Rupicapra rupicapra",46.441608,6.928182
"695",81168,"Rupicapra rupicapra",45.572308,7.210708
"696",81168,"Rupicapra rupicapra",45.772519,9.514599
"697",81168,"Rupicapra rupicapra",45.104203,7.34648
"698",81168,"Rupicapra rupicapra",44.888745,7.108973
"699",81168,"Rupicapra rupicapra",45,7.422103
"700",81168,"Rupicapra rupicapra",44.03885,7.0566
"701",81168,"Rupicapra rupicapra",43.94429,7.1746
"702",81168,"Rupicapra rupicapra",44.0434,6.932
"703",81168,"Rupicapra rupicapra",44.12874,7.06302
"706",81168,"Rupicapra rupicapra",43.94897,7.05021
"710",81168,"Rupicapra rupicapra",44.13329,6.93822
"721",81168,"Rupicapra rupicapra",43.87228,6.67112
"722",81168,"Rupicapra rupicapra",43.68388,6.90731
"723",81168,"Rupicapra rupicapra",43.77375,6.91345
"725",81168,"Rupicapra rupicapra",46.04298,6.42784
"726",81168,"Rupicapra rupicapra",46.21477,6.69829
"727",81168,"Rupicapra rupicapra",45.87746,5.90144
"728",81168,"Rupicapra rupicapra",45.96745,5.90618
"729",81168,"Rupicapra rupicapra",45.96406,6.03522
"731",81168,"Rupicapra rupicapra",45.95685,6.29325
"734",81168,"Rupicapra rupicapra",46.05744,5.91094
"736",81168,"Rupicapra rupicapra",45.78747,5.89671
"741",81168,"Rupicapra rupicapra",45.86688,6.28787
"743",81168,"Rupicapra rupicapra",46.039,6.55702
"744",81168,"Rupicapra rupicapra",46.30472,6.70437
"746",81168,"Rupicapra rupicapra",45.94904,6.55121
"748",81168,"Rupicapra rupicapra",45.05716,6.24028
"749",81168,"Rupicapra rupicapra",44.6897,6.47177
"754",81168,"Rupicapra rupicapra",44.34454,5.94845
"755",81168,"Rupicapra rupicapra",44.34111,6.07379
"758",81168,"Rupicapra rupicapra",44.11919,7.31257
"759",81168,"Rupicapra rupicapra",44.71676,5.46259
"760",81168,"Rupicapra rupicapra",44.80386,5.59293
"761",81168,"Rupicapra rupicapra",44.81208,5.21369
"763",81168,"Rupicapra rupicapra",45.706944,10.793612
"764",81168,"Rupicapra rupicapra",44.43758,6.961384
"765",81168,"Rupicapra rupicapra",47.263168,9.888771
"766",81168,"Rupicapra rupicapra",47.25573,9.944218
"767",81168,"Rupicapra rupicapra",46.121147,7.940123
"768",81168,"Rupicapra rupicapra",48.103363,9.144444
"769",81168,"Rupicapra rupicapra",47.035572,8.43727
"770",81168,"Rupicapra rupicapra",45.898567,11.118082
"771",81168,"Rupicapra rupicapra",45.044812,7.114368
"772",81168,"Rupicapra rupicapra",45.046648,7.103988
"773",81168,"Rupicapra rupicapra",46.331569,7.002035
"774",81168,"Rupicapra rupicapra",46.322794,6.997669
"775",81168,"Rupicapra rupicapra",45.042041,7.235796
"776",81168,"Rupicapra rupicapra",44.926233,6.409267
"777",81168,"Rupicapra rupicapra",45.043332,7.105583
"778",81168,"Rupicapra rupicapra",45.198588,7.152637
"779",81168,"Rupicapra rupicapra",45.164049,7.325659
"780",81168,"Rupicapra rupicapra",45.134717,7.02804
"781",81168,"Rupicapra rupicapra",45.915317,11.340108
"782",81168,"Rupicapra rupicapra",45.308082,5.855498
"783",81168,"Rupicapra rupicapra",46.020939,10.027902
"784",81168,"Rupicapra rupicapra",45.131241,7.029224
"785",81168,"Rupicapra rupicapra",45.109845,7.052117
"786",81168,"Rupicapra rupicapra",45.05915,7.112982
"787",81168,"Rupicapra rupicapra",45.059551,7.110994
"788",81168,"Rupicapra rupicapra",47.147934,11.687136
"789",81168,"Rupicapra rupicapra",47.669201,11.939049
"790",81168,"Rupicapra rupicapra",47.665272,11.922226
"791",81168,"Rupicapra rupicapra",44.423851,6.989536
"792",81168,"Rupicapra rupicapra",47.466228,11.613203
"793",81168,"Rupicapra rupicapra",47.543999,11.191579
"794",81168,"Rupicapra rupicapra",48.007603,6.98198
"795",81168,"Rupicapra rupicapra",47.724133,12.290185
"796",81168,"Rupicapra rupicapra",45.334375,6.820192
"797",81168,"Rupicapra rupicapra",47.330598,11.516105
"798",81168,"Rupicapra rupicapra",45.04948,6.4941
"799",81168,"Rupicapra rupicapra",44.95548,6.61517
"801",81168,"Rupicapra rupicapra",45.04543,6.62098
"826",81168,"Rupicapra rupicapra",45.13537,6.62682
"835",81168,"Rupicapra rupicapra",45.04123,6.74785
"860",81168,"Rupicapra rupicapra",44.95129,6.74183
"871",81168,"Rupicapra rupicapra",45.14335,6.37262
"891",81168,"Rupicapra rupicapra",45.13943,6.49973
"899",81168,"Rupicapra rupicapra",45.05339,6.3672
"940",81168,"Rupicapra rupicapra",44.07128,6.05922
"941",81168,"Rupicapra rupicapra",47.8245,7.07791
"942",81168,"Rupicapra rupicapra",44.80674,5.46653
"954",81168,"Rupicapra rupicapra",44.89673,5.47049
"961",81168,"Rupicapra rupicapra",45.16671,5.48243
"972",81168,"Rupicapra rupicapra",44.98672,5.47446
"977",81168,"Rupicapra rupicapra",44.98383,5.60126
"994",81168,"Rupicapra rupicapra",45.07672,5.47844
"1023",81168,"Rupicapra rupicapra",45.25671,5.48644
"1044",81168,"Rupicapra rupicapra",45.16947,5.35521
"1047",81168,"Rupicapra rupicapra",44.80948,5.34012
"1073",81168,"Rupicapra rupicapra",44.90208,5.21725
"1099",81168,"Rupicapra rupicapra",44.71388,5.58879
"1120",81168,"Rupicapra rupicapra",44.89948,5.34387
"1130",81168,"Rupicapra rupicapra",45.07382,5.60545
"1183",81168,"Rupicapra rupicapra",45.33754,5.87329
"1185",81168,"Rupicapra rupicapra",46.76655,6.34242
"1186",81168,"Rupicapra rupicapra",45.55433,2.80774
"1188",81168,"Rupicapra rupicapra",45.76913,6.53964
"1189",81168,"Rupicapra rupicapra",45.60413,6.0155
"1191",81168,"Rupicapra rupicapra",45.34074,5.7457
"1193",81168,"Rupicapra rupicapra",44.32996,6.44972
"1194",81168,"Rupicapra rupicapra",46.77028,6.21149
"1204",81168,"Rupicapra rupicapra",45.85497,6.67415
"1205",81168,"Rupicapra rupicapra",45.94492,6.68016
"1206",81168,"Rupicapra rupicapra",45.93624,6.938
"1207",81168,"Rupicapra rupicapra",45.94065,6.80909
"1211",81168,"Rupicapra rupicapra",46.0306,6.81532
"1214",81168,"Rupicapra rupicapra",45.87055,6.15908
"1215",81168,"Rupicapra rupicapra",46.02617,6.94444
"1233",81168,"Rupicapra rupicapra",45.76076,6.79668
"1245",81168,"Rupicapra rupicapra",46.12054,6.82158
"1247",81168,"Rupicapra rupicapra",46.03487,6.68618
"1275",81168,"Rupicapra rupicapra",45.76502,6.66817
"1334",81168,"Rupicapra rupicapra",46.15068,5.78624
"1347",81168,"Rupicapra rupicapra",45.77551,11.199402
"1348",81168,"Rupicapra rupicapra",44.952182,6.99271
"1349",81168,"Rupicapra rupicapra",47.195446,15.463569
"1350",81168,"Rupicapra rupicapra",45.760109,10.852851
"1351",81168,"Rupicapra rupicapra",47.421001,10.412292
"1352",81168,"Rupicapra rupicapra",47.865814,7.855021
"1355",81168,"Rupicapra rupicapra",47.674965,13.028859
"1356",81168,"Rupicapra rupicapra",44.1487,7.41407
"1357",81168,"Rupicapra rupicapra",44.1632,7.25205
"1358",81168,"Rupicapra rupicapra",44.1688,7.34395
"1359",81168,"Rupicapra rupicapra",47.13346,14.861459
"1360",81168,"Rupicapra rupicapra",46.394591,6.029069
"1361",81168,"Rupicapra rupicapra",45.783333,11.166667
"1362",81168,"Rupicapra rupicapra",46.398603,6.034362
"1363",81168,"Rupicapra rupicapra",46.661506,5.811225
"1364",81168,"Rupicapra rupicapra",45.012657,7.318762
"1365",81168,"Rupicapra rupicapra",45.883855,7.705169
"1366",81168,"Rupicapra rupicapra",46.403345,6.041335
"1367",81168,"Rupicapra rupicapra",46.401131,6.037238
"1368",81168,"Rupicapra rupicapra",47.432471,9.438601
"1369",81168,"Rupicapra rupicapra",44.31002,15.477735
"1370",81168,"Rupicapra rupicapra",46.190994,11.375113
"1371",81168,"Rupicapra rupicapra",46.241131,10.88415
"1372",81168,"Rupicapra rupicapra",45.19621,7.094213
"1373",81168,"Rupicapra rupicapra",46.028394,11.19042
"1374",81168,"Rupicapra rupicapra",47.396352,11.127241
"1375",81168,"Rupicapra rupicapra",47.39413,11.135051
"1376",81168,"Rupicapra rupicapra",47.394159,11.149728
"1377",81168,"Rupicapra rupicapra",47.392161,11.139235
"1378",81168,"Rupicapra rupicapra",47.396885,11.128635
"1379",81168,"Rupicapra rupicapra",47.394006,11.135244
"1380",81168,"Rupicapra rupicapra",47.395802,11.129987
"1381",81168,"Rupicapra rupicapra",44.098744,7.358639
"1382",81168,"Rupicapra rupicapra",44.105947,7.373421
"1383",81168,"Rupicapra rupicapra",44.06028,7.44299
"1384",81168,"Rupicapra rupicapra",44.090053,7.468712
"1385",81168,"Rupicapra rupicapra",44.057993,7.443881
"1386",81168,"Rupicapra rupicapra",45.098964,6.649003
"1387",81168,"Rupicapra rupicapra",45.106931,6.668444
"1388",81168,"Rupicapra rupicapra",47.429714,11.296005
"1389",81168,"Rupicapra rupicapra",47.588943,11.00903
"1391",81168,"Rupicapra rupicapra",47.024048,10.702164
"1392",81168,"Rupicapra rupicapra",47.192394,11.684111
"1393",81168,"Rupicapra rupicapra",44.242249,6.707153
"1394",81168,"Rupicapra rupicapra",47.16444,11.71027
"1395",81168,"Rupicapra rupicapra",48.674301,10.13772
"1396",81168,"Rupicapra rupicapra",46.647359,6.281477
"1397",81168,"Rupicapra rupicapra",46.563369,22.701173
"1398",81168,"Rupicapra rupicapra",45.607417,24.68741
"1399",81168,"Rupicapra rupicapra",44.50982,6.46071
"1400",81168,"Rupicapra rupicapra",44.59976,6.46623
"1403",81168,"Rupicapra rupicapra",44.59573,6.59211
"1404",81168,"Rupicapra rupicapra",44.60737,6.21443
"1424",81168,"Rupicapra rupicapra",44.88085,6.10336
"1435",81168,"Rupicapra rupicapra",44.70438,5.9673
"1506",81168,"Rupicapra rupicapra",44.87724,6.22989
"1557",81168,"Rupicapra rupicapra",44.70092,6.09344
"1572",81168,"Rupicapra rupicapra",44.60364,6.34034
"1620",81168,"Rupicapra rupicapra",44.96344,6.36179
"1627",81168,"Rupicapra rupicapra",44.79088,6.09839
"1840",81168,"Rupicapra rupicapra",44.79434,5.97205
"1946",81168,"Rupicapra rupicapra",44.95953,6.48849
"2162",81168,"Rupicapra rupicapra",44.61096,6.08851
"2163",81168,"Rupicapra rupicapra",44.41989,6.45521
"2381",81168,"Rupicapra rupicapra",44.51369,6.33502
"3418",81168,"Rupicapra rupicapra",43.27749,5.40116
"4954",81168,"Rupicapra rupicapra",44.61441,5.96257
"5182",81168,"Rupicapra rupicapra",44.51742,6.20931
"6711",81168,"Rupicapra rupicapra",44.5058,6.58638
"8818",81168,"Rupicapra rupicapra",44.88431,5.97682
"11422",81168,"Rupicapra rupicapra",45.14712,6.2455
"13658",81168,"Rupicapra rupicapra",45.1943,3.06367
"13660",81168,"Rupicapra rupicapra",47.74359,6.80449
"13662",81168,"Rupicapra rupicapra",46.95725,5.9594
"13665",81168,"Rupicapra rupicapra",47.13719,5.96929
"13667",81168,"Rupicapra rupicapra",47.22716,5.97426
"13668",81168,"Rupicapra rupicapra",47.31712,5.97925
"13672",81168,"Rupicapra rupicapra",47.20411,6.76632
"13673",81168,"Rupicapra rupicapra",47.38395,6.77896
"13675",81168,"Rupicapra rupicapra",47.02846,6.62224
"13678",81168,"Rupicapra rupicapra",46.51376,5.67429
"13679",81168,"Rupicapra rupicapra",46.93852,-6.61621
"13682",81168,"Rupicapra rupicapra",46.33377,5.66549
"13684",81168,"Rupicapra rupicapra",46.60375,5.67872
"13685",81168,"Rupicapra rupicapra",46.69374,5.68316
"13686",81168,"Rupicapra rupicapra",46.78373,5.68761
"13689",81168,"Rupicapra rupicapra",47.14366,5.70557
"13690",81168,"Rupicapra rupicapra",47.32361,5.71464
"13691",81168,"Rupicapra rupicapra",46.50038,-6.19558
"13692",81168,"Rupicapra rupicapra",46.59035,6.20087
"13693",81168,"Rupicapra rupicapra",47.20833,6.63436
"13696",81168,"Rupicapra rupicapra",47.29826,6.64045
"13697",81168,"Rupicapra rupicapra",47.11839,6.62829
"13699",81168,"Rupicapra rupicapra",46.68032,6.20617
"13705",81168,"Rupicapra rupicapra",46.86025,6.21683
"13706",81168,"Rupicapra rupicapra",47.04017,6.22755
"13708",81168,"Rupicapra rupicapra",47.13012,6.23295
"13709",81168,"Rupicapra rupicapra",47.22008,6.23835
"13710",81168,"Rupicapra rupicapra",47.31002,6.24378
"13713",81168,"Rupicapra rupicapra",47.39997,6.24923
"13715",81168,"Rupicapra rupicapra",46.67659,6.33688
"13717",81168,"Rupicapra rupicapra",46.8565,6.34797
"13720",81168,"Rupicapra rupicapra",47.21631,6.37037
"13721",81168,"Rupicapra rupicapra",47.12636,6.36475
"13724",81168,"Rupicapra rupicapra",46.94646,6.35354
"13725",81168,"Rupicapra rupicapra",47.30625,6.37602
"13727",81168,"Rupicapra rupicapra",47.03641,6.35914
"13731",81168,"Rupicapra rupicapra",46.33066,5.79541
"13732",81168,"Rupicapra rupicapra",46.51064,5.80464
"13733",81168,"Rupicapra rupicapra",46.85261,6.4791
"13739",81168,"Rupicapra rupicapra",46.24067,5.79081
"13740",81168,"Rupicapra rupicapra",46.94256,6.48489
"13741",81168,"Rupicapra rupicapra",47.03251,6.4907
"13747",81168,"Rupicapra rupicapra",47.21239,6.50238
"13749",81168,"Rupicapra rupicapra",47.39226,6.51413
"13750",81168,"Rupicapra rupicapra",47.31365,6.11152
"13753",81168,"Rupicapra rupicapra",47.49355,6.12199
"13754",81168,"Rupicapra rupicapra",46.42956,5.40958
"13755",81168,"Rupicapra rupicapra",46.51956,5.41356
"13757",81168,"Rupicapra rupicapra",46.3274,5.92531
"13758",81168,"Rupicapra rupicapra",47.37504,7.0437
"13760",81168,"Rupicapra rupicapra",46.41738,5.93013
"13762",81168,"Rupicapra rupicapra",46.50737,5.93497
"13764",81168,"Rupicapra rupicapra",46.59735,5.93983
"13767",81168,"Rupicapra rupicapra",46.77731,5.94958
"13768",81168,"Rupicapra rupicapra",46.42674,5.53974
"13771",81168,"Rupicapra rupicapra",46.51674,5.54393
"13772",81168,"Rupicapra rupicapra",46.33674,5.53556
"13773",81168,"Rupicapra rupicapra",46.60062,5.80928
"13774",81168,"Rupicapra rupicapra",47.05053,5.83271
"13776",81168,"Rupicapra rupicapra",47.1405,5.83744
"13777",81168,"Rupicapra rupicapra",46.42065,5.80002
"13780",81168,"Rupicapra rupicapra",46.68733,5.9447
"13781",81168,"Rupicapra rupicapra",47.04722,5.96434
"13784",81168,"Rupicapra rupicapra",47.13373,6.10113
"13785",81168,"Rupicapra rupicapra",46.76266,6.47333
"13786",81168,"Rupicapra rupicapra",47.47387,6.78531
"13788",81168,"Rupicapra rupicapra",47.83349,6.81093
"13790",81168,"Rupicapra rupicapra",46.87057,5.82329
"13794",81168,"Rupicapra rupicapra",46.41397,6.06023
"13795",81168,"Rupicapra rupicapra",46.6839,6.07544
"13796",81168,"Rupicapra rupicapra",46.86384,6.08566
"13799",81168,"Rupicapra rupicapra",46.95381,6.0908
"13801",81168,"Rupicapra rupicapra",47.04377,6.09596
"13803",81168,"Rupicapra rupicapra",47.19974,6.89826
"13804",81168,"Rupicapra rupicapra",47.28966,6.90479
"13806",81168,"Rupicapra rupicapra",47.22369,6.10632
"13824",81168,"Rupicapra rupicapra",46.42377,5.66988
"13838",81168,"Rupicapra rupicapra",46.87372,5.69208
"13866",81168,"Rupicapra rupicapra",46.95021,6.22218
"13880",81168,"Rupicapra rupicapra",47.39619,6.38169
"13892",81168,"Rupicapra rupicapra",47.30233,6.50824
"13904",81168,"Rupicapra rupicapra",47.12245,6.49653
"13913",81168,"Rupicapra rupicapra",47.67343,6.13252
"13914",81168,"Rupicapra rupicapra",47.05954,5.43772
"13916",81168,"Rupicapra rupicapra",46.23741,5.9205
"13927",81168,"Rupicapra rupicapra",47.14953,5.44179
"13935",81168,"Rupicapra rupicapra",47.14667,5.57369
"13937",81168,"Rupicapra rupicapra",46.69061,5.81393
"13942",81168,"Rupicapra rupicapra",46.96055,5.82799
"13955",81168,"Rupicapra rupicapra",46.60956,5.41755
"13958",81168,"Rupicapra rupicapra",46.59392,6.07036
"13961",81168,"Rupicapra rupicapra",46.77387,6.08054
"13965",81168,"Rupicapra rupicapra",46.50395,6.06529
"13971",81168,"Rupicapra rupicapra",47.23364,5.7101
"13976",81168,"Rupicapra rupicapra",47.10982,-6.89175
"13980",81168,"Rupicapra rupicapra",47.37957,6.91134
"13984",81168,"Rupicapra rupicapra",47.46948,6.91791
"13989",81168,"Rupicapra rupicapra",46.86728,5.95449
"14000",81168,"Rupicapra rupicapra",47.49703,5.98927
"14003",81168,"Rupicapra rupicapra",47.29403,6.77263
"14034",81168,"Rupicapra rupicapra",47.83775,6.67741
"14035",81168,"Rupicapra rupicapra",47.38818,6.64656
"14089",81168,"Rupicapra rupicapra",47.48219,6.52004
"14094",81168,"Rupicapra rupicapra",47.4036,6.11675
"14096",81168,"Rupicapra rupicapra",46.33955,5.40561
"14112",81168,"Rupicapra rupicapra",46.60673,5.54814
"14114",81168,"Rupicapra rupicapra",46.69673,5.55236
"14115",81168,"Rupicapra rupicapra",46.78672,5.5566
"14120",81168,"Rupicapra rupicapra",46.78059,5.8186
"14125",81168,"Rupicapra rupicapra",47.32044,5.84695
"14160",81168,"Rupicapra rupicapra",47.64928,6.93113
"14166",81168,"Rupicapra rupicapra",47.65369,6.79808
"14178",81168,"Rupicapra rupicapra",47.56378,6.79168
"14185",81168,"Rupicapra rupicapra",47.58698,5.9943
"14211",81168,"Rupicapra rupicapra",47.74785,6.6712
"14246",81168,"Rupicapra rupicapra",47.66978,6.26567
"14287",81168,"Rupicapra rupicapra",47.23047,5.84219
"14293",81168,"Rupicapra rupicapra",47.67692,5.99935
"14416",81168,"Rupicapra rupicapra",47.48613,6.38737
"14444",81168,"Rupicapra rupicapra",47.58349,6.12725
"14468",81168,"Rupicapra rupicapra",47.23665,5.578
"14478",81168,"Rupicapra rupicapra",47.57985,6.26017
"14528",81168,"Rupicapra rupicapra",47.02425,-6.75376
"14650",81168,"Rupicapra rupicapra",47.05669,5.56939
"14698",81168,"Rupicapra rupicapra",47.77021,5.87101
"14726",81168,"Rupicapra rupicapra",46.9637,5.69656
"14807",81168,"Rupicapra rupicapra",47.84187,6.54387
"14824",81168,"Rupicapra rupicapra",46.24674,5.53139
"14826",81168,"Rupicapra rupicapra",47.84964,6.27673
"14914",81168,"Rupicapra rupicapra",47.28513,7.03693
"14967",81168,"Rupicapra rupicapra",46.69956,5.42156
"14977",81168,"Rupicapra rupicapra",47.93956,6.28228
"15009",81168,"Rupicapra rupicapra",47.73918,6.93777
"15015",81168,"Rupicapra rupicapra",46.32399,6.0552
"15169",81168,"Rupicapra rupicapra",44.9672,6.23508
"15544",81168,"Rupicapra rupicapra",44.97081,6.10835
"15588",81168,"Rupicapra rupicapra",44.97428,5.9816
"15589",81168,"Rupicapra rupicapra",45.06759,5.85943
"15662",81168,"Rupicapra rupicapra",45.06426,5.98639
"16213",81168,"Rupicapra rupicapra",43.28682,17.08457
"16214",81168,"Rupicapra rupicapra",43.28749,17.08433
"16215",81168,"Rupicapra rupicapra",43.28545,17.08495
"16216",81168,"Rupicapra rupicapra",43.28473,17.08628
"16217",81168,"Rupicapra rupicapra",43.30155,17.06909
"16218",81168,"Rupicapra rupicapra",43.29103,17.08475
"16219",81168,"Rupicapra rupicapra",45.050686,7.10043
"16220",81168,"Rupicapra rupicapra",44.971101,6.731057
"16221",81168,"Rupicapra rupicapra",46.142104,8.53567
"16225",81168,"Rupicapra rupicapra",44.1101,7.36229
"16226",81168,"Rupicapra rupicapra",45.468738,7.145492
"16227",81168,"Rupicapra rupicapra",44.753426,7.00713
"16228",81168,"Rupicapra rupicapra",49.201841,19.817727
"16229",81168,"Rupicapra rupicapra",45.469913,7.148151
"16230",81168,"Rupicapra rupicapra",47.293056,13.164722
"16231",81168,"Rupicapra rupicapra",44.748237,7.196864
"16232",81168,"Rupicapra rupicapra",47.786535,15.809305
"16233",81168,"Rupicapra rupicapra",47.777781,15.804305
"16234",81168,"Rupicapra rupicapra",45.06606,7.18597
"16235",81168,"Rupicapra rupicapra",45.07922,7.170752
"16236",81168,"Rupicapra rupicapra",44.875501,6.867614
"16237",81168,"Rupicapra rupicapra",45.072505,7.090452
"16238",81168,"Rupicapra rupicapra",47.777889,15.819648
"16239",81168,"Rupicapra rupicapra",47.735802,12.285976
"16240",81168,"Rupicapra rupicapra",46.564999,11.774855
"16241",81168,"Rupicapra rupicapra",43.05,-6.1
"16242",81168,"Rupicapra rupicapra",42.29,2.01
"16244",81168,"Rupicapra rupicapra",43.02,-6.22
"16245",81168,"Rupicapra rupicapra",85.04,179.98
"16246",81168,"Rupicapra rupicapra",47.269668,11.413511
"16247",81168,"Rupicapra rupicapra",47.498148,11.089763
"16248",81168,"Rupicapra rupicapra",44.373569,7.266662
"16249",81168,"Rupicapra rupicapra",45.117093,7.120561
"16250",81168,"Rupicapra rupicapra",45.109482,7.189608
"16251",81168,"Rupicapra rupicapra",44.90868,6.85277
"16252",81168,"Rupicapra rupicapra",45.114445,7.21637
"16253",81168,"Rupicapra rupicapra",45.043488,7.147839
"16254",81168,"Rupicapra rupicapra",45.066962,7.031538
"16255",81168,"Rupicapra rupicapra",45.025392,7.04949
"16256",81168,"Rupicapra rupicapra",45.115225,7.004846
"16257",81168,"Rupicapra rupicapra",45.173406,7.16703
"16258",81168,"Rupicapra rupicapra",45.121067,7.184122
"16259",81168,"Rupicapra rupicapra",44.848196,7.039974
"16260",81168,"Rupicapra rupicapra",45.633871,7.346799
"16261",81168,"Rupicapra rupicapra",47.539624,12.861136
"16262",81168,"Rupicapra rupicapra",42.710653,20.223355
"16263",81168,"Rupicapra rupicapra",47.767085,15.80557
"16264",81168,"Rupicapra rupicapra",46.566028,7.230515
"16265",81168,"Rupicapra rupicapra",46.547742,7.156085
"16266",81168,"Rupicapra rupicapra",45.883108,11.830237
"16267",81168,"Rupicapra rupicapra",44.229149,6.692734
"16268",81168,"Rupicapra rupicapra",45.977162,11.162109
"16269",81168,"Rupicapra rupicapra",45.808284,11.057896
"16270",81168,"Rupicapra rupicapra",46.409576,10.698452
"16271",81168,"Rupicapra rupicapra",45.97913,11.296134
"16272",81168,"Rupicapra rupicapra",46.005726,11.33737
"16273",81168,"Rupicapra rupicapra",46.008051,11.154744
"16274",81168,"Rupicapra rupicapra",46.538636,10.135732
"16276",81168,"Rupicapra rupicapra",45.966647,11.112653
"16277",81168,"Rupicapra rupicapra",45.031141,7.241592
"16278",81168,"Rupicapra rupicapra",46.369259,6.925886
"16279",81168,"Rupicapra rupicapra",48.03747,7.01625
"16280",81168,"Rupicapra rupicapra",42.599999,-2.5833
"16281",81168,"Rupicapra rupicapra",-41.9014,172.062378
"16282",81168,"Rupicapra rupicapra",47.590355,14.655418
"16283",81168,"Rupicapra rupicapra",48.940436,19.585798
"16284",81168,"Rupicapra rupicapra",46.227689,11.920732
"16285",81168,"Rupicapra rupicapra",46.30488,11.825885
"16286",81168,"Rupicapra rupicapra",45.518599,7.153912
"16287",81168,"Rupicapra rupicapra",46.440223,10.509453
"16288",81168,"Rupicapra rupicapra",45.096307,7.070714
"16289",81168,"Rupicapra rupicapra",45.116028,7.105367
"16290",81168,"Rupicapra rupicapra",46.311587,11.792494
"16291",81168,"Rupicapra rupicapra",45.996485,11.335144
"16292",81168,"Rupicapra rupicapra",44.893482,6.842036
"16293",81168,"Rupicapra rupicapra",47.542979,13.035032
"16294",81168,"Rupicapra rupicapra",46.30887,6.57457
"16299",81168,"Rupicapra rupicapra",46.39467,6.71047
"16301",81168,"Rupicapra rupicapra",45.2211,6.75994
"16304",81168,"Rupicapra rupicapra",45.86305,6.41665
"16305",81168,"Rupicapra rupicapra",45.69748,5.89199
"16306",81168,"Rupicapra rupicapra",45.01378,2.68266
"16308",81168,"Rupicapra rupicapra",47.66204,6.53191
"16309",81168,"Rupicapra rupicapra",45.10382,2.68215
"16312",81168,"Rupicapra rupicapra",45.15075,6.11836
"16313",81168,"Rupicapra rupicapra",45.41702,6.26126
"16314",81168,"Rupicapra rupicapra",45.30217,7.02091
"16316",81168,"Rupicapra rupicapra",46.13295,6.43346
"16317",81168,"Rupicapra rupicapra",45.96053,6.16424
"16341",81168,"Rupicapra rupicapra",45.16381,5.60965
"16342",81168,"Rupicapra rupicapra",45.3438,5.61809
"16346",81168,"Rupicapra rupicapra",45.67507,6.6622
"16349",81168,"Rupicapra rupicapra",44.33382,6.32443
"16352",81168,"Rupicapra rupicapra",45.67917,6.53388
"16354",81168,"Rupicapra rupicapra",45.23331,6.37806
"16356",81168,"Rupicapra rupicapra",45.77309,6.41108
"16357",81168,"Rupicapra rupicapra",45.59696,6.27185
"16358",81168,"Rupicapra rupicapra",45.07947,5.35142
"16361",81168,"Rupicapra rupicapra",44.62088,5.71064
"16364",81168,"Rupicapra rupicapra",48.17922,7.24005
"16365",81168,"Rupicapra rupicapra",45.33069,6.12844
"16370",81168,"Rupicapra rupicapra",44.88763,5.85026
"16372",81168,"Rupicapra rupicapra",44.61772,5.83661
"16376",81168,"Rupicapra rupicapra",45.01407,2.8096
"16378",81168,"Rupicapra rupicapra",46.30043,6.83415
"16383",81168,"Rupicapra rupicapra",47.25534,4.52071
"16385",81168,"Rupicapra rupicapra",44.53392,5.58054
"16387",81168,"Rupicapra rupicapra",44.06019,6.43337
"16388",81168,"Rupicapra rupicapra",43.86363,6.91961
"16392",81168,"Rupicapra rupicapra",43.97411,6.30345
"16393",81168,"Rupicapra rupicapra",43.85442,7.16803
"16395",81168,"Rupicapra rupicapra",45.58512,6.65626
"16399",81168,"Rupicapra rupicapra",45.22939,6.50537
"16400",81168,"Rupicapra rupicapra",44.31752,6.8255
"16402",81168,"Rupicapra rupicapra",45.24072,6.12339
"16405",81168,"Rupicapra rupicapra",45.88672,5.51486
"16408",81168,"Rupicapra rupicapra",45.78057,6.15393
"16409",81168,"Rupicapra rupicapra",45.70071,5.76357
"16411",81168,"Rupicapra rupicapra",45.24755,5.86866
"16412",81168,"Rupicapra rupicapra",44.16792,5.81415
"16413",81168,"Rupicapra rupicapra",45.07078,5.73244
"16415",81168,"Rupicapra rupicapra",45.38743,7.15504
"16417",81168,"Rupicapra rupicapra",45.40099,6.77211
"16418",81168,"Rupicapra rupicapra",44.20257,3.56306
"16419",81168,"Rupicapra rupicapra",45.15423,5.99121
"16421",81168,"Rupicapra rupicapra",46.21048,6.82785
"16422",81168,"Rupicapra rupicapra",44.56263,2.43335
"16423",81168,"Rupicapra rupicapra",45.58921,6.52814
"16424",81168,"Rupicapra rupicapra",44.14198,6.68855
"16426",81168,"Rupicapra rupicapra",45.19343,2.55429
"16430",81168,"Rupicapra rupicapra",43.78239,6.66535
"16432",81168,"Rupicapra rupicapra",44.81453,5.08726
"16435",81168,"Rupicapra rupicapra",46.06378,5.65239
"16439",81168,"Rupicapra rupicapra",44.41588,6.58068
"16440",81168,"Rupicapra rupicapra",44.24759,6.19405
"16441",81168,"Rupicapra rupicapra",44.26958,5.31785
"16442",81168,"Rupicapra rupicapra",42.84945,9.30054
"16443",81168,"Rupicapra rupicapra",44.44953,5.32522
"16448",81168,"Rupicapra rupicapra",45.6906,6.1488
"16449",81168,"Rupicapra rupicapra",44.44681,5.45083
"16457",81168,"Rupicapra rupicapra",47.91438,7.08482
"16460",81168,"Rupicapra rupicapra",45.88952,5.38597
"16462",81168,"Rupicapra rupicapra",47.4554,7.31559
"16463",81168,"Rupicapra rupicapra",45.42752,5.87795
"16469",81168,"Rupicapra rupicapra",47.07156,4.77914
"16470",81168,"Rupicapra rupicapra",47.91895,6.95111
"16473",81168,"Rupicapra rupicapra",45.10411,2.80929
"16475",81168,"Rupicapra rupicapra",45.28419,3.19133
"16481",81168,"Rupicapra rupicapra",45.88378,5.64373
"16485",81168,"Rupicapra rupicapra",43.9778,6.17893
"16486",81168,"Rupicapra rupicapra",43.96629,6.55244
"16487",81168,"Rupicapra rupicapra",44.15395,6.3139
"16488",81168,"Rupicapra rupicapra",45.59316,6.40001
"16495",81168,"Rupicapra rupicapra",45.85909,6.54541
"16497",81168,"Rupicapra rupicapra",45.23709,6.25074
"16498",81168,"Rupicapra rupicapra",48.26907,7.24728
"16501",81168,"Rupicapra rupicapra",44.6295,5.33265
"16506",81168,"Rupicapra rupicapra",45.8807,5.77259
"16507",81168,"Rupicapra rupicapra",44.98079,5.72806
"16509",81168,"Rupicapra rupicapra",45.7769,6.28252
"16512",81168,"Rupicapra rupicapra",46.22291,6.4391
"16514",81168,"Rupicapra rupicapra",44.71085,5.71497
"16515",81168,"Rupicapra rupicapra",46.15673,5.52724
"16516",81168,"Rupicapra rupicapra",47.54529,7.32285
"16517",81168,"Rupicapra rupicapra",44.50165,6.71204
"16523",81168,"Rupicapra rupicapra",45.87408,6.03026
"16524",81168,"Rupicapra rupicapra",44.32181,6.70026
"16528",81168,"Rupicapra rupicapra",43.71158,6.04
"16529",81168,"Rupicapra rupicapra",44.33753,6.19912
"16533",81168,"Rupicapra rupicapra",44.42375,6.32972
"16537",81168,"Rupicapra rupicapra",43.88788,6.17392
"16538",81168,"Rupicapra rupicapra",45.95302,6.42224
"16539",81168,"Rupicapra rupicapra",44.11421,7.43731
"16540",81168,"Rupicapra rupicapra",45.60062,6.14368
"16544",81168,"Rupicapra rupicapra",45.06078,6.11335
"16545",81168,"Rupicapra rupicapra",44.53952,5.32893
"16546",81168,"Rupicapra rupicapra",44.49734,6.83768
"16548",81168,"Rupicapra rupicapra",44.26687,5.44306
"16553",81168,"Rupicapra rupicapra",45.6075,5.8873
"16555",81168,"Rupicapra rupicapra",44.97761,5.85483
"16557",81168,"Rupicapra rupicapra",44.70769,5.84114
"16560",81168,"Rupicapra rupicapra",45.37395,3.31939
"16562",81168,"Rupicapra rupicapra",45.31105,6.76601
"16564",81168,"Rupicapra rupicapra",45.49093,6.77822
"16565",81168,"Rupicapra rupicapra",44.72453,5.08392
"16566",81168,"Rupicapra rupicapra",44.41172,6.70614
"16568",81168,"Rupicapra rupicapra",44.53679,5.45474
"16569",81168,"Rupicapra rupicapra",43.91227,5.1788
"16583",81168,"Rupicapra rupicapra",45.48203,7.03394
"16584",81168,"Rupicapra rupicapra",45.8092,1.13274
"16588",81168,"Rupicapra rupicapra",44.52101,6.08359
"16589",81168,"Rupicapra rupicapra",46.14048,6.17462
"16593",81168,"Rupicapra rupicapra",46.0505,6.16942
"16594",81168,"Rupicapra rupicapra",45.49925,6.52242
"16605",81168,"Rupicapra rupicapra",43.6314,5.66387
"16611",81168,"Rupicapra rupicapra",46.06673,5.5231
"16614",81168,"Rupicapra rupicapra",44.21862,7.06946
"16615",81168,"Rupicapra rupicapra",45.64438,2.80743
"16616",81168,"Rupicapra rupicapra",44.36213,5.19611
"16621",81168,"Rupicapra rupicapra",47.16157,4.78211
"16622",81168,"Rupicapra rupicapra",43.6925,6.65959
"16623",81168,"Rupicapra rupicapra",45.37351,2.55285
"16625",81168,"Rupicapra rupicapra",45.10339,2.55501
"16628",81168,"Rupicapra rupicapra",47.82907,6.94443
"16631",81168,"Rupicapra rupicapra",45.2538,5.61386
"16634",81168,"Rupicapra rupicapra",43.97027,6.42795
"16635",81168,"Rupicapra rupicapra",43.88419,6.29824
"16636",81168,"Rupicapra rupicapra",44.24388,6.31916
"16637",81168,"Rupicapra rupicapra",45.68312,6.40554
"16639",81168,"Rupicapra rupicapra",47.81978,7.21136
"16640",81168,"Rupicapra rupicapra",45.49516,6.65033
"16641",81168,"Rupicapra rupicapra",44.98947,5.34764
"16643",81168,"Rupicapra rupicapra",44.17961,5.31418
"16649",81168,"Rupicapra rupicapra",46.12896,6.56285
"16656",81168,"Rupicapra rupicapra",44.02932,7.30576
"16659",81168,"Rupicapra rupicapra",46.15954,5.39772
"16661",81168,"Rupicapra rupicapra",44.10908,7.56203
"16663",81168,"Rupicapra rupicapra",45.61071,5.75908
"16671",81168,"Rupicapra rupicapra",45.13116,6.75388
"16672",81168,"Rupicapra rupicapra",44.06403,6.30867
"16679",81168,"Rupicapra rupicapra",46.05404,6.04019
"16680",81168,"Rupicapra rupicapra",48.18858,6.97131
"16683",81168,"Rupicapra rupicapra",43.71497,5.91603
"16685",81168,"Rupicapra rupicapra",44.0562,6.55805
"16692",81168,"Rupicapra rupicapra",45.31934,6.51104
"16698",81168,"Rupicapra rupicapra",44.04781,6.80737
"16700",81168,"Rupicapra rupicapra",45.68693,6.27718
"16704",81168,"Rupicapra rupicapra",45.43073,5.75014
"16709",81168,"Rupicapra rupicapra",45.25075,5.74127
"16715",81168,"Rupicapra rupicapra",44.29258,3.56395
"16718",81168,"Rupicapra rupicapra",44.0922,5.18569
"16720",81168,"Rupicapra rupicapra",45.42067,6.13351
"16723",81168,"Rupicapra rupicapra",43.8049,5.92062
"16724",81168,"Rupicapra rupicapra",44.38359,3.31381
"16726",81168,"Rupicapra rupicapra",45.19386,2.68164
"16727",81168,"Rupicapra rupicapra",45.64438,3.19257
"16729",81168,"Rupicapra rupicapra",45.69411,6.0204
"16732",81168,"Rupicapra rupicapra",44.89384,5.59709
"16733",81168,"Rupicapra rupicapra",45.79378,5.63942
"16734",81168,"Rupicapra rupicapra",43.61066,6.40646
"16736",81168,"Rupicapra rupicapra",46.12482,6.69222
"16737",81168,"Rupicapra rupicapra",43.75479,7.40942
"16743",81168,"Rupicapra rupicapra",44.12404,7.18781
"16747",81168,"Rupicapra rupicapra",45.97673,5.51897
"16748",81168,"Rupicapra rupicapra",44.62677,5.45866
"16749",81168,"Rupicapra rupicapra",45.30668,6.89347
"16755",81168,"Rupicapra rupicapra",45.97069,5.77712
"16762",81168,"Rupicapra rupicapra",45.82462,2.9356
"16765",81168,"Rupicapra rupicapra",45.85071,6.80287
"16777",81168,"Rupicapra rupicapra",45.42417,6.00573
"16778",81168,"Rupicapra rupicapra",45.7841,6.02533
"16781",81168,"Rupicapra rupicapra",44.06773,6.18395
"16782",81168,"Rupicapra rupicapra",46.15378,5.65674
"16783",81168,"Rupicapra rupicapra",44.32595,6.575
"16784",81168,"Rupicapra rupicapra",44.08964,5.31052
"16796",81168,"Rupicapra rupicapra",46.1622,5.26818
"16797",81168,"Rupicapra rupicapra",45.48655,6.90609
"16799",81168,"Rupicapra rupicapra",44.40743,6.83158
"16802",81168,"Rupicapra rupicapra",44.80083,5.71932
"16803",81168,"Rupicapra rupicapra",45.79672,5.51076
"16805",81168,"Rupicapra rupicapra",43.54148,5.6597
"16807",81168,"Rupicapra rupicapra",44.79766,5.84569
"16812",81168,"Rupicapra rupicapra",47.674472,13.020666
"16813",81168,"Rupicapra rupicapra",46.528748,10.721828
"16814",81168,"Rupicapra rupicapra",45.546,7.213
"16815",81168,"Rupicapra rupicapra",47.723,13.008665
"16816",81168,"Rupicapra rupicapra",45.023245,7.212855
"16817",81168,"Rupicapra rupicapra",45.022582,7.214803
"16818",81168,"Rupicapra rupicapra",45.078571,7.249608
"16819",81168,"Rupicapra rupicapra",45.168213,7.237694
"16820",81168,"Rupicapra rupicapra",45.585457,7.338418
"16821",81168,"Rupicapra rupicapra",45.527,7.199
"16822",81168,"Rupicapra rupicapra",44.913023,6.812772
"16823",81168,"Rupicapra rupicapra",45.75054,6.585506
"16824",81168,"Rupicapra rupicapra",45.127061,6.755219
"16825",81168,"Rupicapra rupicapra",47.762291,15.836535
"16826",81168,"Rupicapra rupicapra",45.066736,7.000761
"16827",81168,"Rupicapra rupicapra",45.113775,7.044032
"16828",81168,"Rupicapra rupicapra",45.006386,7.046191
"16829",81168,"Rupicapra rupicapra",45.981973,11.026713
"16830",81168,"Rupicapra rupicapra",45.513088,7.223365
"16831",81168,"Rupicapra rupicapra",46.408023,13.839968
"16832",81168,"Rupicapra rupicapra",46.0076,7.24592
"16833",81168,"Rupicapra rupicapra",45.91734,7.11734
"16834",81168,"Rupicapra rupicapra",46.198391,10.564541
"16835",81168,"Rupicapra rupicapra",49.184965,19.847778
"16836",81168,"Rupicapra rupicapra",46.114,10.8597
"16837",81168,"Rupicapra rupicapra",47.737303,15.800571
"16838",81168,"Rupicapra rupicapra",45.854152,11.817169
"16839",81168,"Rupicapra rupicapra",45.85463,11.821976
"16840",81168,"Rupicapra rupicapra",45.858456,11.811676
"16841",81168,"Rupicapra rupicapra",45.856065,11.815109
"16842",81168,"Rupicapra rupicapra",47.277626,11.255107
"16843",81168,"Rupicapra rupicapra",47.459557,10.402117
"16845",81168,"Rupicapra rupicapra",42.664512,20.207979
"16846",81168,"Rupicapra rupicapra",47.429665,11.29711
"16847",81168,"Rupicapra rupicapra",44.1219,7.28717
"16848",81168,"Rupicapra rupicapra",45.843843,11.784697
"16849",81168,"Rupicapra rupicapra",46.021322,11.182336
"16850",81168,"Rupicapra rupicapra",45.96198,11.19254
"16851",81168,"Rupicapra rupicapra",46.033012,11.185813
"16852",81168,"Rupicapra rupicapra",45.759116,10.863776
"16853",81168,"Rupicapra rupicapra",46.189472,11.355274
"16854",81168,"Rupicapra rupicapra",45.996399,11.042964
"16855",81168,"Rupicapra rupicapra",46.277904,11.770794
"16856",81168,"Rupicapra rupicapra",46.4385,10.8651
"16857",81168,"Rupicapra rupicapra",45.997006,11.03733
"16858",81168,"Rupicapra rupicapra",45.992523,11.040218
"16859",81168,"Rupicapra rupicapra",44.902383,6.84681
"16860",81168,"Rupicapra rupicapra",47.708492,12.328548
"16861",81168,"Rupicapra rupicapra",48.03138,7.008805
"16862",81168,"Rupicapra rupicapra",47.417824,10.348134
"16865",81168,"Rupicapra rupicapra",-43.5,170.5
"16866",81168,"Rupicapra rupicapra",-41,175
"16867",81168,"Rupicapra rupicapra",-47,167.833
"16868",81168,"Rupicapra rupicapra",47.55,12.96667
"16869",81168,"Rupicapra rupicapra",45.039156,6.927629
"16870",81168,"Rupicapra rupicapra",46.054062,11.178504
"16871",81168,"Rupicapra rupicapra",45.179392,7.141206
"16872",81168,"Rupicapra rupicapra",45.029321,7.136325
"16873",81168,"Rupicapra rupicapra",45.099046,7.095308
"16874",81168,"Rupicapra rupicapra",45.117055,7.182082
"16875",81168,"Rupicapra rupicapra",46.329473,13.862445
"16876",81168,"Rupicapra rupicapra",46.360996,14.08374
"16877",81168,"Rupicapra rupicapra",49.252872,20.227123
"16878",81168,"Rupicapra rupicapra",46.197652,8.867978
"16879",81168,"Rupicapra rupicapra",45.757856,11.197696
"16880",81168,"Rupicapra rupicapra",45.636916,11.143157
"16881",81168,"Rupicapra rupicapra",44.490674,7.244772
"16882",81168,"Rupicapra rupicapra",-42.930877,171.655637
"16883",81168,"Rupicapra rupicapra",42.177878,23.371618
"16884",81168,"Rupicapra rupicapra",47.334633,11.489983
"16885",81168,"Rupicapra rupicapra",47.325558,11.553497
"16886",81168,"Rupicapra rupicapra",47.442543,11.655722
"16888",81168,"Rupicapra rupicapra",46.604462,13.671134
"16889",81168,"Rupicapra rupicapra",46.796417,8.081818
"16890",81168,"Rupicapra rupicapra",47.512707,12.165491
"16891",81168,"Rupicapra rupicapra",47.503056,10.599747
"16892",81168,"Rupicapra rupicapra",47.309032,11.492386
"16893",81168,"Rupicapra rupicapra",46.644192,10.216448
"16895",81168,"Rupicapra rupicapra",47.309326,11.520367
"16897",81168,"Rupicapra rupicapra",47.548264,12.934685
"16899",81168,"Rupicapra rupicapra",47.255234,10.883954
"16900",81168,"Rupicapra rupicapra",46.934265,6.727581
"16901",81168,"Rupicapra rupicapra",47.346848,10.192823
"16902",81168,"Rupicapra rupicapra",47.412525,11.506462
"16905",81168,"Rupicapra rupicapra",47.306297,11.297293
"16906",81168,"Rupicapra rupicapra",47.290855,9.165318
"16907",81168,"Rupicapra rupicapra",45.580284,7.336466
"16909",81168,"Rupicapra rupicapra",47.402531,11.563797
"16912",81168,"Rupicapra rupicapra",47.298847,11.367138
"16913",81168,"Rupicapra rupicapra",47.327946,9.925632
"16914",81168,"Rupicapra rupicapra",45.737579,10.8078
"16916",81168,"Rupicapra rupicapra",47.509201,11.664691
"16917",81168,"Rupicapra rupicapra",48.063663,9.003972
"16919",81168,"Rupicapra rupicapra",46.221191,12.204394
"16921",81168,"Rupicapra rupicapra",44.409077,7.063093
"16922",81168,"Rupicapra rupicapra",46.977047,9.994136
"16925",81168,"Rupicapra rupicapra",47.337311,11.582165
"16926",81168,"Rupicapra rupicapra",47.319569,11.530666
"16929",81168,"Rupicapra rupicapra",47.377663,11.657661
"16930",81168,"Rupicapra rupicapra",47.425301,11.34201
"16936",81168,"Rupicapra rupicapra",47.54945,10.310497
"16937",81168,"Rupicapra rupicapra",47.512924,14.169929
"16938",81168,"Rupicapra rupicapra",46.664421,10.115453
"16939",81168,"Rupicapra rupicapra",46.879173,9.264544
"16940",81168,"Rupicapra rupicapra",47.42416,11.290329
"16941",81168,"Rupicapra rupicapra",47.338123,11.260986
"16942",81168,"Rupicapra rupicapra",46.426144,9.992903
"16943",81168,"Rupicapra rupicapra",47.430149,11.295962
"16945",81168,"Rupicapra rupicapra",47.730377,13.937659
"16946",81168,"Rupicapra rupicapra",40.083572,22.406702
"16948",81168,"Rupicapra rupicapra",47.429482,11.297224
"16949",81168,"Rupicapra rupicapra",46.84763,14.650912
"16950",81168,"Rupicapra rupicapra",47.662941,13.792191
"16951",81168,"Rupicapra rupicapra",47.497524,11.288272
"16952",81168,"Rupicapra rupicapra",47.424156,11.207006
"16953",81168,"Rupicapra rupicapra",46.673088,13.936028
"16956",81168,"Rupicapra rupicapra",47.424152,10.37379
"16957",81168,"Rupicapra rupicapra",47.124664,12.947946
"16958",81168,"Rupicapra rupicapra",48.675072,10.135971
"16960",81168,"Rupicapra rupicapra",46.613152,8.183779
"16961",81168,"Rupicapra rupicapra",47.48737,11.538623
"16965",81168,"Rupicapra rupicapra",44.500423,6.91967
"16969",81168,"Rupicapra rupicapra",47.522648,10.514259
"16973",81168,"Rupicapra rupicapra",47.271076,11.270256
"16974",81168,"Rupicapra rupicapra",47.132755,12.193451
"16976",81168,"Rupicapra rupicapra",47.400208,11.613321
"16977",81168,"Rupicapra rupicapra",47.737846,14.16636
"16983",81168,"Rupicapra rupicapra",44.50686,6.906296
"16984",81168,"Rupicapra rupicapra",46.231798,11.293393
"16985",81168,"Rupicapra rupicapra",45.558486,7.527861
"16986",81168,"Rupicapra rupicapra",46.070212,8.796793
"16987",81168,"Rupicapra rupicapra",46.066933,8.858328
"16988",81168,"Rupicapra rupicapra",46.304764,10.550061
"16989",81168,"Rupicapra rupicapra",46.33066,13.819141
"16992",81168,"Rupicapra rupicapra",44.63209,5.20663
"16993",81168,"Rupicapra rupicapra",44.29358,3.31331
"16994",81168,"Rupicapra rupicapra",43.91469,5.05435
"16996",81168,"Rupicapra rupicapra",45.28289,2.42603
"16999",81168,"Rupicapra rupicapra",44.05208,6.68272
"17004",81168,"Rupicapra rupicapra",44.44395,5.57643
"17005",81168,"Rupicapra rupicapra",44.99454,5.09397
"17007",81168,"Rupicapra rupicapra",44.92404,2.8099
"17013",81168,"Rupicapra rupicapra",44.35956,5.32153
"17017",81168,"Rupicapra rupicapra",43.79428,6.29306
"17018",81168,"Rupicapra rupicapra",45.5032,6.39449
"17022",81168,"Rupicapra rupicapra",45.57649,6.91243
"17028",81168,"Rupicapra rupicapra",45.41323,6.389
"17033",81168,"Rupicapra rupicapra",44.89081,5.72368
"17042",81168,"Rupicapra rupicapra",43.78649,6.54127
"17045",81168,"Rupicapra rupicapra",46.14742,5.91571
"17050",81168,"Rupicapra rupicapra",44.45211,5.1996
"17053",81168,"Rupicapra rupicapra",44.63453,5.08059
"17055",81168,"Rupicapra rupicapra",45.37395,2.68061
"17059",81168,"Rupicapra rupicapra",45.19284,2.42695
"17061",81168,"Rupicapra rupicapra",45.19415,2.80898
"17062",81168,"Rupicapra rupicapra",43.35533,5.89782
"17066",81168,"Rupicapra rupicapra",44.43106,6.07868
"17072",81168,"Rupicapra rupicapra",45.4093,6.51672
"17075",81168,"Rupicapra rupicapra",45.31527,6.63853
"17080",81168,"Rupicapra rupicapra",47.56802,6.65884
"17092",81168,"Rupicapra rupicapra",46.06953,5.39379
"17093",81168,"Rupicapra rupicapra",46.22676,6.30948
"17097",81168,"Rupicapra rupicapra",44.18218,5.18915
"17098",81168,"Rupicapra rupicapra",44.72208,5.21016
"17102",81168,"Rupicapra rupicapra",44.21392,7.19444
"17109",81168,"Rupicapra rupicapra",45.24421,5.99603
"17118",81168,"Rupicapra rupicapra",43.70055,6.4118
"17121",81168,"Rupicapra rupicapra",44.15766,6.18899
"17123",81168,"Rupicapra rupicapra",44.22319,6.94446
"17124",81168,"Rupicapra rupicapra",45.70379,5.63513
"17129",81168,"Rupicapra rupicapra",46.21892,6.5687
"17133",81168,"Rupicapra rupicapra",44.71949,5.33638
"17139",81168,"Rupicapra rupicapra",45.32706,6.25599
"17147",81168,"Rupicapra rupicapra",48.00425,7.09175
"17149",81168,"Rupicapra rupicapra",45.97953,5.38987
"17156",81168,"Rupicapra rupicapra",43.98135,6.05439
"17159",81168,"Rupicapra rupicapra",47.34354,4.65568
"17163",81168,"Rupicapra rupicapra",44.52445,5.95785
"17169",81168,"Rupicapra rupicapra",43.79796,6.16893
"17171",81168,"Rupicapra rupicapra",45.22532,6.63267
"17178",81168,"Rupicapra rupicapra",44.02435,7.43031
"17184",81168,"Rupicapra rupicapra",45.52072,5.7546
"17197",81168,"Rupicapra rupicapra",45.15757,5.86403
"17214",81168,"Rupicapra rupicapra",44.90453,5.09061
"17215",81168,"Rupicapra rupicapra",43.89483,5.92522
"17216",81168,"Rupicapra rupicapra",47.61702,4.39786
"17217",81168,"Rupicapra rupicapra",44.01397,7.67933
"17218",81168,"Rupicapra rupicapra",43.87639,6.54684
"17219",81168,"Rupicapra rupicapra",44.25116,6.06892
"17223",81168,"Rupicapra rupicapra",45.40521,6.64442
"17225",81168,"Rupicapra rupicapra",43.70805,6.16395
"17251",81168,"Rupicapra rupicapra",44.20357,3.31281
"17252",81168,"Rupicapra rupicapra",45.67082,6.79051
"17253",81168,"Rupicapra rupicapra",44.52775,5.83209
"17255",81168,"Rupicapra rupicapra",44.43449,5.95314
"17260",81168,"Rupicapra rupicapra",44.24003,6.44425
"17261",81168,"Rupicapra rupicapra",44.10382,7.68673
"17263",81168,"Rupicapra rupicapra",44.42748,6.20421
"17281",81168,"Rupicapra rupicapra",44.01923,7.55483
"17296",81168,"Rupicapra rupicapra",43.79046,6.41717
"17300",81168,"Rupicapra rupicapra",47.61535,4.53096
"17469",81168,"Rupicapra rupicapra",45.55448,2.93591
"17470",81168,"Rupicapra rupicapra",45.37438,2.93612
"17471",81168,"Rupicapra rupicapra",45.73457,2.9357
"17473",81168,"Rupicapra rupicapra",46.36447,2.67482
"17474",81168,"Rupicapra rupicapra",45.64145,3.83445
"17475",81168,"Rupicapra rupicapra",45.46399,3.31991
"17498",81168,"Rupicapra rupicapra",45.82315,2.42041
"17537",81168,"Rupicapra rupicapra",45.37438,3.06388
"17539",81168,"Rupicapra rupicapra",45.91467,3.06451
"17542",81168,"Rupicapra rupicapra",45.46428,2.80805
"17699",81168,"Rupicapra rupicapra",46.00457,2.80617
"17713",81168,"Rupicapra rupicapra",45.73369,3.45006
"17716",81168,"Rupicapra rupicapra",45.28216,2.29848
"17717",81168,"Rupicapra rupicapra",45.3722,2.29735
"17722",81168,"Rupicapra rupicapra",45.19415,3.19102
"17762",81168,"Rupicapra rupicapra",45.91423,2.67747
"17777",81168,"Rupicapra rupicapra",45.64452,3.06419
"17931",81168,"Rupicapra rupicapra",45.64452,2.93581
"17933",81168,"Rupicapra rupicapra",45.64233,3.70608
"17934",81168,"Rupicapra rupicapra",45.27779,4.21165
"18168",81168,"Rupicapra rupicapra",45.10426,2.93643
"18178",81168,"Rupicapra rupicapra",45.37424,3.19164
"18180",81168,"Rupicapra rupicapra",45.73443,3.19289
"18489",81168,"Rupicapra rupicapra",45.91452,2.80648
"18575",81168,"Rupicapra rupicapra",45.73413,3.32147
"18788",81168,"Rupicapra rupicapra",45.46443,2.93602
"18797",81168,"Rupicapra rupicapra",45.91467,2.93549
"18809",81168,"Rupicapra rupicapra",45.28434,2.93622
"18812",81168,"Rupicapra rupicapra",45.46355,2.55213
"19006",81168,"Rupicapra rupicapra",44.91898,4.07716
"19057",81168,"Rupicapra rupicapra",42.98531,6.24709
"19058",81168,"Rupicapra rupicapra",43.37261,5.15839
"19082",81168,"Rupicapra rupicapra",43.96218,6.67691
"19088",81168,"Rupicapra rupicapra",43.95792,6.80136
"19094",81168,"Rupicapra rupicapra",44.31309,6.95072
"19117",81168,"Rupicapra rupicapra",43.86803,6.79538
"19118",81168,"Rupicapra rupicapra",43.8591,7.04383
"19153",81168,"Rupicapra rupicapra",47.24223,5.31375
"19154",81168,"Rupicapra rupicapra",47.15224,5.30988
"19155",81168,"Rupicapra rupicapra",46.70225,5.29074
"19156",81168,"Rupicapra rupicapra",47.23951,5.44588
"19157",81168,"Rupicapra rupicapra",47.15946,4.91407
"19158",81168,"Rupicapra rupicapra",47.33946,4.92049
"19159",81168,"Rupicapra rupicapra",47.42945,4.92372
"19160",81168,"Rupicapra rupicapra",46.44144,4.7586
"19163",81168,"Rupicapra rupicapra",46.7115,4.76734
"19164",81168,"Rupicapra rupicapra",46.89154,4.77322
"19168",81168,"Rupicapra rupicapra",46.70941,4.89821
"19169",81168,"Rupicapra rupicapra",46.89348,4.64191
"19170",81168,"Rupicapra rupicapra",47.52535,4.52839
"19171",81168,"Rupicapra rupicapra",46.52938,4.89194
"19173",81168,"Rupicapra rupicapra",47.70701,4.40023
"19175",81168,"Rupicapra rupicapra",46.6194,4.89507
"19176",81168,"Rupicapra rupicapra",47.60473,5.19631
"19177",81168,"Rupicapra rupicapra",46.79479,5.16349
"19178",81168,"Rupicapra rupicapra",47.32949,5.44998
"19179",81168,"Rupicapra rupicapra",47.2472,5.04944
"19187",81168,"Rupicapra rupicapra",46.26139,4.75281
"19189",81168,"Rupicapra rupicapra",47.33719,5.05288
"19190",81168,"Rupicapra rupicapra",46.35142,4.7557
"19196",81168,"Rupicapra rupicapra",46.80526,4.50808
"19197",81168,"Rupicapra rupicapra",46.71524,4.50558
"19198",81168,"Rupicapra rupicapra",47.24479,5.1816
"19203",81168,"Rupicapra rupicapra",47.1572,5.04602
"19207",81168,"Rupicapra rupicapra",47.33478,5.18526
"19216",81168,"Rupicapra rupicapra",46.98155,4.77617
"19218",81168,"Rupicapra rupicapra",47.34157,4.78809
"19223",81168,"Rupicapra rupicapra",46.9835,4.64465
"19225",81168,"Rupicapra rupicapra",47.43354,4.65846
"19228",81168,"Rupicapra rupicapra",46.8848,5.16709
"19252",81168,"Rupicapra rupicapra",47.07847,4.25209
"19260",81168,"Rupicapra rupicapra",47.51217,5.32542
"19278",81168,"Rupicapra rupicapra",46.61225,5.28695
"19282",81168,"Rupicapra rupicapra",47.1548,5.17795
"19288",81168,"Rupicapra rupicapra",46.79943,4.90136
"19291",81168,"Rupicapra rupicapra",46.88944,4.90452
"19294",81168,"Rupicapra rupicapra",47.88348,4.67251
"19299",81168,"Rupicapra rupicapra",46.62342,4.63376
"19302",81168,"Rupicapra rupicapra",46.61478,5.15633
"19310",81168,"Rupicapra rupicapra",46.52715,5.02236
"19316",81168,"Rupicapra rupicapra",47.0648,5.17432
"19330",81168,"Rupicapra rupicapra",46.79225,5.29454
"19348",81168,"Rupicapra rupicapra",47.25353,4.65291
"19353",81168,"Rupicapra rupicapra",47.34535,4.52326
"19357",81168,"Rupicapra rupicapra",46.2682,4.23356
"19359",81168,"Rupicapra rupicapra",46.43936,4.88881
"19361",81168,"Rupicapra rupicapra",42.75536,1.59677
"19362",81168,"Rupicapra rupicapra",43.88036,6.42255
"19377",81168,"Rupicapra rupicapra",43.70437,6.28788
"19658",81168,"Rupicapra rupicapra",43.84385,2.81349
"19659",81168,"Rupicapra rupicapra",44.56406,3.06296
"19660",81168,"Rupicapra rupicapra",44.56191,2.30743
"19661",81168,"Rupicapra rupicapra",44.65409,2.93694
"19662",81168,"Rupicapra rupicapra",45.01016,2.04802
"19663",81168,"Rupicapra rupicapra",44.29186,2.31073
"19665",81168,"Rupicapra rupicapra",44.65322,2.55856
"19666",81168,"Rupicapra rupicapra",44.56406,2.93704
"19667",81168,"Rupicapra rupicapra",45.80215,5.25339
"19678",81168,"Rupicapra rupicapra",43.54444,5.53608
"19688",81168,"Rupicapra rupicapra",43.63437,5.54006
"19692",81168,"Rupicapra rupicapra",43.72133,5.66806
"26573",81168,"Rupicapra rupicapra",44.19366,7.69415
"26641",81168,"Rupicapra rupicapra",44.23603,6.56933
"26674",81168,"Rupicapra rupicapra",43.93449,7.42332
"26698",81168,"Rupicapra rupicapra",44.13771,6.81339
"26852",81168,"Rupicapra rupicapra",43.92938,7.54765
"27014",81168,"Rupicapra rupicapra",43.84464,7.41636
"27989",81168,"Rupicapra rupicapra",44.58281,6.96962
"28116",81168,"Rupicapra rupicapra",43.8496,7.29221
"28347",81168,"Rupicapra rupicapra",44.03416,7.18119
"29389",81168,"Rupicapra rupicapra",46.221702,11.130968
"29390",81168,"Rupicapra rupicapra",46.20357,10.992672
"29391",81168,"Rupicapra rupicapra",46.202185,10.988883
"29392",81168,"Rupicapra rupicapra",46.202898,11.156545
"29393",81168,"Rupicapra rupicapra",46.301002,10.874964
"29394",81168,"Rupicapra rupicapra",46.351408,10.805187
"29395",81168,"Rupicapra rupicapra",47.328899,15.375182
"29396",81168,"Rupicapra rupicapra",44.330131,6.992329
"29397",81168,"Rupicapra rupicapra",45.383618,7.169346
"29398",81168,"Rupicapra rupicapra",45.072792,7.2503
"29399",81168,"Rupicapra rupicapra",-42.944109,171.78051
"29400",81168,"Rupicapra rupicapra",-42.968377,171.726265
"29401",81168,"Rupicapra rupicapra",46.116116,10.860804
"29402",81168,"Rupicapra rupicapra",44.626525,7.177269
"29403",81168,"Rupicapra rupicapra",-43.279729,170.96426
"29404",81168,"Rupicapra rupicapra",45.594243,7.208483
"29405",81168,"Rupicapra rupicapra",45.126586,7.001052
"29406",81168,"Rupicapra rupicapra",45.199288,7.123099
"29407",81168,"Rupicapra rupicapra",45.144435,7.012063
"29408",81168,"Rupicapra rupicapra",45.947507,11.199261
"29409",81168,"Rupicapra rupicapra",46.66712,12.66635
"29412",81168,"Rupicapra rupicapra",47.52803,10.558064
"29413",81168,"Rupicapra rupicapra",45.002524,6.811287
"29414",81168,"Rupicapra rupicapra",46.620545,6.289215
"29415",81168,"Rupicapra rupicapra",47.769763,15.795035
"29416",81168,"Rupicapra rupicapra",46.564074,7.89698
"29417",81168,"Rupicapra rupicapra",45.470586,7.119827
"29418",81168,"Rupicapra rupicapra",45.88807,7.714293
"29419",81168,"Rupicapra rupicapra",45.547358,7.313377
"29420",81168,"Rupicapra rupicapra",46.225622,11.117379
"29421",81168,"Rupicapra rupicapra",46.25707,11.67499
"29422",81168,"Rupicapra rupicapra",45.884383,11.295833
"29423",81168,"Rupicapra rupicapra",44.88925,7.10871
"29424",81168,"Rupicapra rupicapra",45.586168,7.337926
"29425",81168,"Rupicapra rupicapra",45.518374,7.266589
"29426",81168,"Rupicapra rupicapra",44.162,7.27481
"29428",81168,"Rupicapra rupicapra",47.570042,15.179672
"29429",81168,"Rupicapra rupicapra",47.401951,11.235623
"29433",81168,"Rupicapra rupicapra",46.754387,10.574555
"29435",81168,"Rupicapra rupicapra",47.4646,10.364742
"29437",81168,"Rupicapra rupicapra",47.5186,14.050852
"29438",81168,"Rupicapra rupicapra",47.468777,10.522413
"29439",81168,"Rupicapra rupicapra",47.270466,11.842112
"29440",81168,"Rupicapra rupicapra",47.519207,14.050978
"29441",81168,"Rupicapra rupicapra",47.502213,10.137001
"29443",81168,"Rupicapra rupicapra",42.626129,0.526657
"29445",81168,"Rupicapra rupicapra",49.112499,13.135834
"29446",81168,"Rupicapra rupicapra",46.495972,9.170535
"29447",81168,"Rupicapra rupicapra",47.313225,11.395912
"29448",81168,"Rupicapra rupicapra",44.52882,7.022667
"29451",81168,"Rupicapra rupicapra",47.058048,9.747899
"29453",81168,"Rupicapra rupicapra",47.495682,10.421787
"29456",81168,"Rupicapra rupicapra",44.013744,7.447024
"29457",81168,"Rupicapra rupicapra",47.524147,11.040362
"29462",81168,"Rupicapra rupicapra",48.024078,9.040637
"29463",81168,"Rupicapra rupicapra",44.109283,7.461691
"29464",81168,"Rupicapra rupicapra",47.713459,15.752335
"29465",81168,"Rupicapra rupicapra",47.021183,12.687865
"29466",81168,"Rupicapra rupicapra",45.547543,7.329535
"29468",81168,"Rupicapra rupicapra",46.715916,12.79437
"29469",81168,"Rupicapra rupicapra",47.110439,11.65478
"29472",81168,"Rupicapra rupicapra",45.583321,7.328181
"29473",81168,"Rupicapra rupicapra",47.476723,10.063648
"29474",81168,"Rupicapra rupicapra",47.406948,11.566887
"29475",81168,"Rupicapra rupicapra",50.973782,14.456471
"29476",81168,"Rupicapra rupicapra",-44.703168,169.132805
"29477",81168,"Rupicapra rupicapra",45.110902,7.154069
"29478",81168,"Rupicapra rupicapra",45.60886,7.3588
"29481",81168,"Rupicapra rupicapra",47.311501,10.234973
"29482",81168,"Rupicapra rupicapra",47.279476,11.334351
"29483",81168,"Rupicapra rupicapra",47.221607,13.694362
"29486",81168,"Rupicapra rupicapra",47.242504,13.699565
"29487",81168,"Rupicapra rupicapra",47.698242,12.010677
"29488",81168,"Rupicapra rupicapra",47.385567,11.053448
"29489",81168,"Rupicapra rupicapra",47.256054,13.703765
"29490",81168,"Rupicapra rupicapra",47.274483,11.251148
"29491",81168,"Rupicapra rupicapra",47.124462,12.939234
"29493",81168,"Rupicapra rupicapra",47.668964,11.842201
"29494",81168,"Rupicapra rupicapra",47.037979,10.61339
"29496",81168,"Rupicapra rupicapra",47.497429,11.288452
"29497",81168,"Rupicapra rupicapra",47.164669,10.582441
"29499",81168,"Rupicapra rupicapra",47.319786,11.512793
"29502",81168,"Rupicapra rupicapra",48.030861,7.013129
"29503",81168,"Rupicapra rupicapra",47.283142,11.2677
"29504",81168,"Rupicapra rupicapra",47.571125,10.788327
"29505",81168,"Rupicapra rupicapra",47.538216,10.574994
"29507",81168,"Rupicapra rupicapra",46.534466,11.539368
"29508",81168,"Rupicapra rupicapra",46.648586,10.290766
"29509",81168,"Rupicapra rupicapra",47.42638,10.249006
"29510",81168,"Rupicapra rupicapra",47.295589,10.668755
"29511",81168,"Rupicapra rupicapra",47.227699,13.709929
"29512",81168,"Rupicapra rupicapra",47.605007,12.832718
"29514",81168,"Rupicapra rupicapra",47.228954,13.718683
"29515",81168,"Rupicapra rupicapra",47.216713,13.718534
"29517",81168,"Rupicapra rupicapra",47.297161,10.661545
"29518",81168,"Rupicapra rupicapra",47.323639,11.475735
"29519",81168,"Rupicapra rupicapra",47.524147,11.207006
"29520",81168,"Rupicapra rupicapra",47.280689,11.505855
"29521",81168,"Rupicapra rupicapra",47.231632,13.693321
"29522",81168,"Rupicapra rupicapra",47.285522,11.233402
"29523",81168,"Rupicapra rupicapra",47.285488,11.233459
"29524",81168,"Rupicapra rupicapra",47.257942,13.696453
"29526",81168,"Rupicapra rupicapra",47.335129,10.095148
"29530",81168,"Rupicapra rupicapra",47.069565,9.974829
"29531",81168,"Rupicapra rupicapra",45.113076,7.254218
"29532",81168,"Rupicapra rupicapra",44.880516,6.976876
"29533",81168,"Rupicapra rupicapra",-43.23,171.428
"29534",81168,"Rupicapra rupicapra",-44.315497,169.749069
"29535",81168,"Rupicapra rupicapra",-44.427708,170.149042
"29536",81168,"Rupicapra rupicapra",-42.894823,171.527824
"29537",81168,"Rupicapra rupicapra",-42.163555,172.427384
"29538",81168,"Rupicapra rupicapra",-44.870713,168.118612
"29539",81168,"Rupicapra rupicapra",-42.914114,171.74713
"29540",81168,"Rupicapra rupicapra",-43.405047,170.331001
"29541",81168,"Rupicapra rupicapra",-43.096596,171.702061
"29542",81168,"Rupicapra rupicapra",46.253592,5.940341
"29543",81168,"Rupicapra rupicapra",47.479973,10.517263
"29544",81168,"Rupicapra rupicapra",47.467964,10.503874
"29545",81168,"Rupicapra rupicapra",46.688854,14.872141
"29550",81168,"Rupicapra rupicapra",47.5172,10.413666
"29551",81168,"Rupicapra rupicapra",46.683468,14.838945
"29552",81168,"Rupicapra rupicapra",47.554054,10.999374
"29553",81168,"Rupicapra rupicapra",47.441673,11.763268
"29554",81168,"Rupicapra rupicapra",47.369205,10.316205
"29559",81168,"Rupicapra rupicapra",47.34906,10.232048
"29560",81168,"Rupicapra rupicapra",45.957172,6.903004
"29562",81168,"Rupicapra rupicapra",47.062637,11.024094
"29563",81168,"Rupicapra rupicapra",47.383705,11.59873
"29564",81168,"Rupicapra rupicapra",47.565811,12.331038
"29565",81168,"Rupicapra rupicapra",47.230118,11.411018
"29566",81168,"Rupicapra rupicapra",47.812233,7.660217
"29568",81168,"Rupicapra rupicapra",47.454327,11.650143
"29570",81168,"Rupicapra rupicapra",47.421001,11.630917
"29571",81168,"Rupicapra rupicapra",47.352779,11.318665
"29572",81168,"Rupicapra rupicapra",46.479008,10.461044
"29575",81168,"Rupicapra rupicapra",46.548,10.217113
"29576",81168,"Rupicapra rupicapra",47.047668,11.068726
"29579",81168,"Rupicapra rupicapra",46.380451,13.789043
"29581",81168,"Rupicapra rupicapra",48.030975,7.012324
"29582",81168,"Rupicapra rupicapra",47.31596,12.189589
"29583",81168,"Rupicapra rupicapra",43.160053,-4.809566
"29584",81168,"Rupicapra rupicapra",47.456661,11.740993
"29586",81168,"Rupicapra rupicapra",47.355572,11.472044
"29588",81168,"Rupicapra rupicapra",45.1015,6.985195
"29589",81168,"Rupicapra rupicapra",45.434561,11.032999
"29590",81168,"Rupicapra rupicapra",45.727273,10.967103
"29591",81168,"Rupicapra rupicapra",44.846853,6.916906
"29592",81168,"Rupicapra rupicapra",46.094197,11.920329
"29593",81168,"Rupicapra rupicapra",46.074838,5.482264
"29594",81168,"Rupicapra rupicapra",46.579738,10.76606
"29595",81168,"Rupicapra rupicapra",47.410896,10.321988
"29596",81168,"Rupicapra rupicapra",44.358284,3.405247
"29597",81168,"Rupicapra rupicapra",47.782448,14.320973
"29598",81168,"Rupicapra rupicapra",44.460495,7.096825
"29600",81168,"Rupicapra rupicapra",47.550117,12.931252
"29602",81168,"Rupicapra rupicapra",47.23822,11.613579
"29603",81168,"Rupicapra rupicapra",47.488907,11.489139
"29605",81168,"Rupicapra rupicapra",47.597511,11.060122
"29607",81168,"Rupicapra rupicapra",46.608883,10.039101
"29608",81168,"Rupicapra rupicapra",46.444778,9.579391
"29612",81168,"Rupicapra rupicapra",47.456795,10.488403
"29613",81168,"Rupicapra rupicapra",42.635536,-0.025421
"29614",81168,"Rupicapra rupicapra",47.374157,10.290468
"29617",81168,"Rupicapra rupicapra",47.378895,10.349741
"29619",81168,"Rupicapra rupicapra",47.684284,8.255281
"29620",81168,"Rupicapra rupicapra",47.039257,11.409492
"29622",81168,"Rupicapra rupicapra",46.545212,10.765886
"29627",81168,"Rupicapra rupicapra",47.31567,11.530666
"29628",81168,"Rupicapra rupicapra",46.710442,7.777977
"29629",81168,"Rupicapra rupicapra",46.163902,11.977501
"29632",81168,"Rupicapra rupicapra",47.281765,10.229719
"29633",81168,"Rupicapra rupicapra",47.118999,12.496498
"29634",81168,"Rupicapra rupicapra",47.453987,11.656286
"29638",81168,"Rupicapra rupicapra",42.395287,2.153792
"29639",81168,"Rupicapra rupicapra",46.481342,11.567363
"29640",81168,"Rupicapra rupicapra",47.381149,11.3448
"29641",81168,"Rupicapra rupicapra",47.249699,9.343357
"29642",81168,"Rupicapra rupicapra",47.422398,11.700096
"29643",81168,"Rupicapra rupicapra",47.690582,12.008743
"29645",81168,"Rupicapra rupicapra",47.194843,11.301155
"29646",81168,"Rupicapra rupicapra",47.321545,11.458139
"29648",81168,"Rupicapra rupicapra",47.403053,11.616325
"29649",81168,"Rupicapra rupicapra",41.765083,13.907473
"29650",81168,"Rupicapra rupicapra",47.483047,11.629071
"29652",81168,"Rupicapra rupicapra",47.218647,11.527767
"29653",81168,"Rupicapra rupicapra",47.503723,11.493201
"29654",81168,"Rupicapra rupicapra",47.065445,6.227188
"29655",81168,"Rupicapra rupicapra",47.348427,11.574244
"29656",81168,"Rupicapra rupicapra",46.507637,13.952315
"29658",81168,"Rupicapra rupicapra",48.182209,8.808325
"29659",81168,"Rupicapra rupicapra",47.51123,10.578375
"29660",81168,"Rupicapra rupicapra",46.122749,7.787461
"29664",81168,"Rupicapra rupicapra",47.529953,13.504257
"29665",81168,"Rupicapra rupicapra",47.247494,11.542616
"29667",81168,"Rupicapra rupicapra",47.882999,13.818444
"29669",81168,"Rupicapra rupicapra",47.173962,11.490841
"29672",81168,"Rupicapra rupicapra",47.335918,11.641275
"29674",81168,"Rupicapra rupicapra",47.374157,10.207147
"29680",81168,"Rupicapra rupicapra",47.333355,11.565685
"29681",81168,"Rupicapra rupicapra",47.401672,10.423429
"29683",81168,"Rupicapra rupicapra",47.578106,10.939338
"29690",81168,"Rupicapra rupicapra",47.356503,11.440544
"29691",81168,"Rupicapra rupicapra",45.586834,7.411352
"29693",81168,"Rupicapra rupicapra",44.814724,6.195946
"29695",81168,"Rupicapra rupicapra",46.618908,12.301598
"29699",81168,"Rupicapra rupicapra",46.861248,11.018772
"29707",81168,"Rupicapra rupicapra",47.272575,11.25751
"29708",81168,"Rupicapra rupicapra",47.62653,12.277565
"29709",81168,"Rupicapra rupicapra",47.566277,12.162766
"29722",81168,"Rupicapra rupicapra",46.759739,13.457909
"29725",81168,"Rupicapra rupicapra",47.235455,10.363036
"29727",81168,"Rupicapra rupicapra",47.864544,8.029118
"29728",81168,"Rupicapra rupicapra",47.50251,10.755365
"29731",81168,"Rupicapra rupicapra",47.474148,10.45711
"29732",81168,"Rupicapra rupicapra",47.273232,11.242275
"29733",81168,"Rupicapra rupicapra",47.541355,12.954895
"29734",81168,"Rupicapra rupicapra",47.200909,11.099968
"29735",81168,"Rupicapra rupicapra",45.035957,6.399976
"29736",81168,"Rupicapra rupicapra",47.428772,10.209974
"29739",81168,"Rupicapra rupicapra",47.579834,12.329568
"29748",81168,"Rupicapra rupicapra",42.841358,-0.828094
"29754",81168,"Rupicapra rupicapra",40.858486,41.245422
"29755",81168,"Rupicapra rupicapra",47.603241,8.113446
"29757",81168,"Rupicapra rupicapra",47.662846,12.043591
"29758",81168,"Rupicapra rupicapra",47.286858,10.190334
"29759",81168,"Rupicapra rupicapra",46.669453,10.246702
"29760",81168,"Rupicapra rupicapra",47.295647,11.30064
"29767",81168,"Rupicapra rupicapra",47.607552,12.273788
"29774",81168,"Rupicapra rupicapra",47.47998,10.459146
"29776",81168,"Rupicapra rupicapra",47.590561,12.934007
"29780",81168,"Rupicapra rupicapra",46.959534,11.03467
"29781",81168,"Rupicapra rupicapra",46.662319,8.528759
"29782",81168,"Rupicapra rupicapra",47.500809,10.589469
"29786",81168,"Rupicapra rupicapra",47.307194,11.444628
"29787",81168,"Rupicapra rupicapra",47.490192,12.933079
"29788",81168,"Rupicapra rupicapra",47.545128,12.966444
"29792",81168,"Rupicapra rupicapra",47.456829,11.238162
"29795",81168,"Rupicapra rupicapra",44.500423,6.982841
"29796",81168,"Rupicapra rupicapra",46.723152,7.895737
"29797",81168,"Rupicapra rupicapra",46.161613,8.661798
"29798",81168,"Rupicapra rupicapra",45.415985,25.496962
"29800",81168,"Rupicapra rupicapra",47.416473,11.463547
"29801",81168,"Rupicapra rupicapra",47.472546,10.577774
"29804",81168,"Rupicapra rupicapra",47.340569,11.650829
"29806",81168,"Rupicapra rupicapra",46.775055,8.428445
"29809",81168,"Rupicapra rupicapra",47.272648,11.329898
"29815",81168,"Rupicapra rupicapra",47.324165,10.207147
"29817",81168,"Rupicapra rupicapra",47.730377,13.015795
"29820",81168,"Rupicapra rupicapra",47.547016,10.287709
"29824",81168,"Rupicapra rupicapra",46.657448,10.173168
"29825",81168,"Rupicapra rupicapra",47.501663,10.517349
"29826",81168,"Rupicapra rupicapra",47.640694,12.825603
"29829",81168,"Rupicapra rupicapra",47.632748,12.113511
"29831",81168,"Rupicapra rupicapra",47.476955,11.486721
"29834",81168,"Rupicapra rupicapra",47.43932,10.33592
"29839",81168,"Rupicapra rupicapra",47.606541,15.042644
"29840",81168,"Rupicapra rupicapra",47.127148,11.137047
"29841",81168,"Rupicapra rupicapra",47.421631,10.342502
"29844",81168,"Rupicapra rupicapra",40.958122,41.142426
"29849",81168,"Rupicapra rupicapra",47.445736,11.061172
"29850",81168,"Rupicapra rupicapra",46.519421,11.649971
"29851",81168,"Rupicapra rupicapra",47.558575,12.799759
"29855",81168,"Rupicapra rupicapra",47.433182,10.424995
"29860",81168,"Rupicapra rupicapra",47.341614,11.550236
"29861",81168,"Rupicapra rupicapra",47.524147,11.456971
"29864",81168,"Rupicapra rupicapra",47.504448,10.365257
"29868",81168,"Rupicapra rupicapra",47.401806,11.617227
"29874",81168,"Rupicapra rupicapra",47.657871,12.298422
"29878",81168,"Rupicapra rupicapra",47.443356,11.299773
"29879",81168,"Rupicapra rupicapra",47.622681,13.479795
"29883",81168,"Rupicapra rupicapra",47.688389,14.411488
"29886",81168,"Rupicapra rupicapra",42.932045,1.249695
"29888",81168,"Rupicapra rupicapra",47.394188,11.225385
"29891",81168,"Rupicapra rupicapra",47.593189,12.222915
"29892",81168,"Rupicapra rupicapra",48.024078,8.957315
"29893",81168,"Rupicapra rupicapra",46.463612,7.662792
"29895",81168,"Rupicapra rupicapra",47.700596,12.339003
"29897",81168,"Rupicapra rupicapra",47.78858,13.890862
"29898",81168,"Rupicapra rupicapra",45.051453,6.599865
"29899",81168,"Rupicapra rupicapra",47.433595,10.383024
"29900",81168,"Rupicapra rupicapra",45.920274,9.38598
"29901",81168,"Rupicapra rupicapra",45.873695,7.610622
"29902",81168,"Rupicapra rupicapra",45.919341,9.391996
"29903",81168,"Rupicapra rupicapra",47.268203,11.281199
"29904",81168,"Rupicapra rupicapra",44.96891,6.941514
"29905",81168,"Rupicapra rupicapra",44.523916,6.860797
"29906",81168,"Rupicapra rupicapra",45.432177,7.234307
"29907",81168,"Rupicapra rupicapra",46.406824,13.830897
"29909",81168,"Rupicapra rupicapra",45.027616,7.186342
"29910",81168,"Rupicapra rupicapra",45.085889,7.167729
"29911",81168,"Rupicapra rupicapra",45.120092,7.057279
"29912",81168,"Rupicapra rupicapra",44.812091,6.998256
"29913",81168,"Rupicapra rupicapra",45.016806,7.152835
"29914",81168,"Rupicapra rupicapra",48.09103,9.106432
"29915",81168,"Rupicapra rupicapra",45.142132,7.121242
"29916",81168,"Rupicapra rupicapra",45.030371,7.160077
"29917",81168,"Rupicapra rupicapra",46.635548,9.408607
"29918",81168,"Rupicapra rupicapra",46.959412,8.591739
"29919",81168,"Rupicapra rupicapra",45.981655,11.304204
"29920",81168,"Rupicapra rupicapra",44.258068,6.748238
"29921",81168,"Rupicapra rupicapra",45.177303,7.046833
"29922",81168,"Rupicapra rupicapra",45.985843,8.44271
"29923",81168,"Rupicapra rupicapra",45.191057,7.047302
"29924",81168,"Rupicapra rupicapra",44.990404,7.05436
"29925",81168,"Rupicapra rupicapra",45.04378,7.141938
"29926",81168,"Rupicapra rupicapra",40.097726,22.364977
"29927",81168,"Rupicapra rupicapra",44.088841,7.407996
"29928",81168,"Rupicapra rupicapra",46.672718,7.965239
"29929",81168,"Rupicapra rupicapra",45.102024,6.850319
"29930",81168,"Rupicapra rupicapra",45.954676,11.195646
"29931",81168,"Rupicapra rupicapra",45.087856,7.069662
"29932",81168,"Rupicapra rupicapra",47.717888,15.759139
"29933",81168,"Rupicapra rupicapra",-43.434559,170.169384
"29934",81168,"Rupicapra rupicapra",45.110298,7.0863
"29935",81168,"Rupicapra rupicapra",45.138832,7.389442
"29936",81168,"Rupicapra rupicapra",44.907103,6.85827
"29937",81168,"Rupicapra rupicapra",46.026747,11.199947
"29938",81168,"Rupicapra rupicapra",45.95614,11.194531
"29939",81168,"Rupicapra rupicapra",45.660462,11.000335
"29940",81168,"Rupicapra rupicapra",42.703325,-0.667119
"29941",81168,"Rupicapra rupicapra",42.82046,-0.401087
"29942",81168,"Rupicapra rupicapra",46.435079,6.924921
"29943",81168,"Rupicapra rupicapra",45.076587,7.284443
"29944",81168,"Rupicapra rupicapra",45.049112,7.134354
"30027",81168,"Rupicapra rupicapra",47.46025,7.18305
"30039",81168,"Rupicapra rupicapra",47.90965,7.21849
"30046",81168,"Rupicapra rupicapra",47.73461,7.07102
"30097",81168,"Rupicapra rupicapra",48.6284,7.27646
"30117",81168,"Rupicapra rupicapra",47.99951,7.22565
"30118",81168,"Rupicapra rupicapra",47.72002,7.47063
"30123",81168,"Rupicapra rupicapra",48.53858,7.26913
"30178",81168,"Rupicapra rupicapra",48.35891,7.25454
"30234",81168,"Rupicapra rupicapra",47.63516,7.33014
"30284",81168,"Rupicapra rupicapra",47.7299,7.20425
"30332",81168,"Rupicapra rupicapra",47.64002,7.19716
"30398",81168,"Rupicapra rupicapra",47.45041,7.4481
"30618",81168,"Rupicapra rupicapra",47.72503,7.33745
"30689",81168,"Rupicapra rupicapra",47.8149,7.34479
"30799",81168,"Rupicapra rupicapra",47.55014,7.19009
"31049",81168,"Rupicapra rupicapra",44.36456,5.07068
"31053",81168,"Rupicapra rupicapra",45.433395,6.816673
"31054",81168,"Rupicapra rupicapra",47.55535,12.88171
"31055",81168,"Rupicapra rupicapra",45.724757,10.843806
"31056",81168,"Rupicapra rupicapra",45.02534,7.129
"31057",81168,"Rupicapra rupicapra",45.040825,7.121702
"31058",81168,"Rupicapra rupicapra",45.026963,7.12634
"31059",81168,"Rupicapra rupicapra",-44.548888,168.727512
"31060",81168,"Rupicapra rupicapra",45.058831,7.045794
"31061",81168,"Rupicapra rupicapra",45.546059,7.083349
"31064",81168,"Rupicapra rupicapra",45.3921,7.02741
"31212",81168,"Rupicapra rupicapra",45.39661,6.89977
"31353",81168,"Rupicapra rupicapra",45.66642,6.91879
"31438",81168,"Rupicapra rupicapra",45.58087,6.78435
"31697",81168,"Rupicapra rupicapra",45.12681,6.88093
"31841",81168,"Rupicapra rupicapra",45.21224,7.01442
"31985",81168,"Rupicapra rupicapra",45.32327,6.38352
"32783",81168,"Rupicapra rupicapra",45.21675,6.88719
"37478",81168,"Rupicapra rupicapra",45.70672,5.50667
