"","taxon_id","taxon_name","decimal_latitude","decimal_longitude"
"1",81230,"Sylvicapra grimmia",-0.93333,36.56667
"3",81230,"Sylvicapra grimmia",-31.60038,22.60242
"4",81230,"Sylvicapra grimmia",-33.122313,18.074913
"5",81230,"Sylvicapra grimmia",-27.048785,32.422254
"6",81230,"Sylvicapra grimmia",-24.974855,31.606979
"7",81230,"Sylvicapra grimmia",-24.969875,31.601486
"8",81230,"Sylvicapra grimmia",-24.96614,31.605606
"9",81230,"Sylvicapra grimmia",-24.97361,31.606979
"10",81230,"Sylvicapra grimmia",-27.024877,32.421341
"11",81230,"Sylvicapra grimmia",-21.5,33
"12",81230,"Sylvicapra grimmia",7.876,21.3604
"13",81230,"Sylvicapra grimmia",-15.82,31.73
"14",81230,"Sylvicapra grimmia",-22.03,34.12
"15",81230,"Sylvicapra grimmia",-18.73,21.75
"16",81230,"Sylvicapra grimmia",-0.47161,31.0318
"17",81230,"Sylvicapra grimmia",-16.83,33.27
"18",81230,"Sylvicapra grimmia",-14.9,33.62
"19",81230,"Sylvicapra grimmia",-19.5,18.08
"21",81230,"Sylvicapra grimmia",-19.78,20.58
"22",81230,"Sylvicapra grimmia",-21.88,27.27
"23",81230,"Sylvicapra grimmia",-16.48,32.78
"24",81230,"Sylvicapra grimmia",12.25,0.27
"25",81230,"Sylvicapra grimmia",7.82,-4.68
"26",81230,"Sylvicapra grimmia",-20.63,23.07
"27",81230,"Sylvicapra grimmia",11.8,-2.13
"29",81230,"Sylvicapra grimmia",-18.07,33.18
"30",81230,"Sylvicapra grimmia",-0.048795,37.286804
"31",81230,"Sylvicapra grimmia",-21.388355,32.083745
"32",81230,"Sylvicapra grimmia",8.129833,13.810244
"33",81230,"Sylvicapra grimmia",-22.395633,22.048031
"34",81230,"Sylvicapra grimmia",7.100679,39.792166
"35",81230,"Sylvicapra grimmia",-22.693472,31.017445
"36",81230,"Sylvicapra grimmia",-22.720481,31.032417
"37",81230,"Sylvicapra grimmia",-22.693543,31.016737
"38",81230,"Sylvicapra grimmia",-22.664655,30.977873
"39",81230,"Sylvicapra grimmia",11,2
"40",81230,"Sylvicapra grimmia",11.99247,2.21139
"41",81230,"Sylvicapra grimmia",-20.422991,17.331963
"42",81230,"Sylvicapra grimmia",-18.63525,26.281872
"43",81230,"Sylvicapra grimmia",-30.612069,17.450988
"44",81230,"Sylvicapra grimmia",-26.287867,31.855057
"45",81230,"Sylvicapra grimmia",-14.6862,26.39405
"46",81230,"Sylvicapra grimmia",11.094645,1.118031
"47",81230,"Sylvicapra grimmia",11.368526,1.602971
"48",81230,"Sylvicapra grimmia",12.472984,2.436237
"49",81230,"Sylvicapra grimmia",11.397434,1.931276
"50",81230,"Sylvicapra grimmia",11.05011,1.501919
"51",81230,"Sylvicapra grimmia",11.374314,1.602585
"52",81230,"Sylvicapra grimmia",11.402306,1.397922
"53",81230,"Sylvicapra grimmia",11.374324,1.602639
"55",81230,"Sylvicapra grimmia",11.297145,1.572024
"56",81230,"Sylvicapra grimmia",11.17915,1.67255
"58",81230,"Sylvicapra grimmia",-4.6579,39.37
"60",81230,"Sylvicapra grimmia",-3.4,39.8333
"61",81230,"Sylvicapra grimmia",-14.678881,26.227313
"62",81230,"Sylvicapra grimmia",-30.300695,30.737037
"63",81230,"Sylvicapra grimmia",-30.28476,30.74552
"64",81230,"Sylvicapra grimmia",-30.83181,30.37444
"65",81230,"Sylvicapra grimmia",-26.082875,27.827892
"66",81230,"Sylvicapra grimmia",-29.8435,29.2134
"67",81230,"Sylvicapra grimmia",-30.300262,30.737751
"68",81230,"Sylvicapra grimmia",-32.43918,18.973345
"69",81230,"Sylvicapra grimmia",-30.294878,30.740527
"70",81230,"Sylvicapra grimmia",0.45567,36.96939
"71",81230,"Sylvicapra grimmia",-30.299968,30.737881
"72",81230,"Sylvicapra grimmia",-10.600678,33.806648
"73",81230,"Sylvicapra grimmia",-16.2,33.63
"74",81230,"Sylvicapra grimmia",-30.63,25.55
"75",81230,"Sylvicapra grimmia",10.42,3.02
"76",81230,"Sylvicapra grimmia",11.88,-4.52
"77",81230,"Sylvicapra grimmia",11.7,0.5
"78",81230,"Sylvicapra grimmia",-17.15,33.57
"81",81230,"Sylvicapra grimmia",-21,31.53
"82",81230,"Sylvicapra grimmia",11.958556,2.422611
"83",81230,"Sylvicapra grimmia",-24.205108,30.888061
"85",81230,"Sylvicapra grimmia",-24.202819,30.891323
"86",81230,"Sylvicapra grimmia",-24.202819,30.888577
"87",81230,"Sylvicapra grimmia",-24.20094,30.891323
"88",81230,"Sylvicapra grimmia",-27.026101,32.425461
"89",81230,"Sylvicapra grimmia",-24.200627,30.893555
"90",81230,"Sylvicapra grimmia",-28.21983,31.951865
"91",81230,"Sylvicapra grimmia",-24.199374,30.892696
"92",81230,"Sylvicapra grimmia",-24.198748,30.890293
"93",81230,"Sylvicapra grimmia",1.999999,28.499997
"95",81230,"Sylvicapra grimmia",-33.52043,25.04777
"98",81230,"Sylvicapra grimmia",0.801550535222564,38.0710581567613
"99",81230,"Sylvicapra grimmia",-18.8,22.4
"100",81230,"Sylvicapra grimmia",-2.166667,30.533333
"101",81230,"Sylvicapra grimmia",2,30.583333
"102",81230,"Sylvicapra grimmia",-8.366667,29.633333
"104",81230,"Sylvicapra grimmia",-0.25,29.166667
"106",81230,"Sylvicapra grimmia",-0.603115,30.935126
"107",81230,"Sylvicapra grimmia",-0.626432,30.979566
"108",81230,"Sylvicapra grimmia",-0.534754,31.018274
"109",81230,"Sylvicapra grimmia",-0.631669,30.982699
"111",81230,"Sylvicapra grimmia",-0.603026,30.937596
"112",81230,"Sylvicapra grimmia",-0.625709,30.979198
"113",81230,"Sylvicapra grimmia",-0.536753,31.021588
"123",81230,"Sylvicapra grimmia",-0.536418,31.018516
"148",81230,"Sylvicapra grimmia",-0.602066,30.932396
"938",81230,"Sylvicapra grimmia",10.8044,2.8904
"940",81230,"Sylvicapra grimmia",9.0072,1.7248
"941",81230,"Sylvicapra grimmia",7.523889,1.696667
"942",81230,"Sylvicapra grimmia",7.903889,1.833611
"943",81230,"Sylvicapra grimmia",9.7666,2.6166
"944",81230,"Sylvicapra grimmia",9.5007,1.9763
"945",81230,"Sylvicapra grimmia",10.5098,0.8458
"946",81230,"Sylvicapra grimmia",10.5066,1.1386
"947",81230,"Sylvicapra grimmia",9.6431,1.7356
"948",81230,"Sylvicapra grimmia",10.7378,2.1265
"950",81230,"Sylvicapra grimmia",12.188147,35.614929
"952",81230,"Sylvicapra grimmia",-28.694202,28.948975
"953",81230,"Sylvicapra grimmia",0.219726,34.899445
"954",81230,"Sylvicapra grimmia",-22.483368,17.41045
"955",81230,"Sylvicapra grimmia",-19.952778,20.728712
"956",81230,"Sylvicapra grimmia",-24.046465,31.420898
"957",81230,"Sylvicapra grimmia",-23.027924,29.509277
"958",81230,"Sylvicapra grimmia",8.211491,13.870239
"959",81230,"Sylvicapra grimmia",8.767315,-3.810001
"960",81230,"Sylvicapra grimmia",-23.800138,16.619032
"961",81230,"Sylvicapra grimmia",-24.588339,30.807037
"962",81230,"Sylvicapra grimmia",-19.394413,14.636297
"964",81230,"Sylvicapra grimmia",-24.171541,30.785275
"965",81230,"Sylvicapra grimmia",-25.417231,31.198425
"966",81230,"Sylvicapra grimmia",-25.325407,31.69693
"967",81230,"Sylvicapra grimmia",-3.899193,35.900574
"968",81230,"Sylvicapra grimmia",-20.478481,25.675049
"971",81230,"Sylvicapra grimmia",-25.162979,31.617205
"972",81230,"Sylvicapra grimmia",-18.833313,28.499964
"973",81230,"Sylvicapra grimmia",0.155492,37.033932
"974",81230,"Sylvicapra grimmia",-29.096886,24.403485
"975",81230,"Sylvicapra grimmia",-7.598271,37.846713
"976",81230,"Sylvicapra grimmia",-22.48041,17.4108
"977",81230,"Sylvicapra grimmia",-0.632194,30.980651
"978",81230,"Sylvicapra grimmia",-13.082334,33.138788
"979",81230,"Sylvicapra grimmia",-21.28,32.38
"980",81230,"Sylvicapra grimmia",-15.57,33.28
"981",81230,"Sylvicapra grimmia",-15.1,30.8
"982",81230,"Sylvicapra grimmia",-19.42,22.27
"984",81230,"Sylvicapra grimmia",-2.533333,40.516666
"985",81230,"Sylvicapra grimmia",-1.28333,29.683331
"986",81230,"Sylvicapra grimmia",3.01667,31.23333
"987",81230,"Sylvicapra grimmia",-34.226253,21.314861
"988",81230,"Sylvicapra grimmia",-18.53,21.07
"991",81230,"Sylvicapra grimmia",-21.67,31.75
"993",81230,"Sylvicapra grimmia",6.74778,2.118633
"994",81230,"Sylvicapra grimmia",7.92759,1.975931
"996",81230,"Sylvicapra grimmia",10.53225,3.118761
"997",81230,"Sylvicapra grimmia",11.243179,1.603764
"998",81230,"Sylvicapra grimmia",12.076329,3.191864
"999",81230,"Sylvicapra grimmia",6.441022,2.352416
"1000",81230,"Sylvicapra grimmia",8.756808,2.03212
"1001",81230,"Sylvicapra grimmia",7.065248,2.130028
"1002",81230,"Sylvicapra grimmia",7.629793,2.600421
"1003",81230,"Sylvicapra grimmia",-24.291686,31.561168
"1004",81230,"Sylvicapra grimmia",-24.393068,31.777954
"1005",81230,"Sylvicapra grimmia",-26.980048,32.462502
"1006",81230,"Sylvicapra grimmia",11.37114,1.602413
"1007",81230,"Sylvicapra grimmia",11.357726,1.922562
"1008",81230,"Sylvicapra grimmia",11.371142,1.602405
"1009",81230,"Sylvicapra grimmia",11.397434,1.931244
"1010",81230,"Sylvicapra grimmia",11.372199,1.946557
"1011",81230,"Sylvicapra grimmia",11.52979,1.37473
"1012",81230,"Sylvicapra grimmia",11.98692,2.56648
"1014",81230,"Sylvicapra grimmia",12.14833,2.66925
"1015",81230,"Sylvicapra grimmia",12.42127,2.66553
"1016",81230,"Sylvicapra grimmia",12.06196,2.41626
"1017",81230,"Sylvicapra grimmia",-6.840891,37.671391
"1018",81230,"Sylvicapra grimmia",-22.32733,21.61499
"1019",81230,"Sylvicapra grimmia",-22.426729,21.946821
"1020",81230,"Sylvicapra grimmia",-19.01584,29.1528
"1022",81230,"Sylvicapra grimmia",-30.297323,30.739106
"1023",81230,"Sylvicapra grimmia",-6.369894,33.815918
"1024",81230,"Sylvicapra grimmia",-16.32,34.35
"1027",81230,"Sylvicapra grimmia",-20.67,22.33
"1030",81230,"Sylvicapra grimmia",-24.394779,31.77973
"1031",81230,"Sylvicapra grimmia",-18.69028,34.31361
"1032",81230,"Sylvicapra grimmia",-32.436,23.612
"1033",81230,"Sylvicapra grimmia",-29.85678,29.23399
"1034",81230,"Sylvicapra grimmia",-34.097948,18.948549
"1035",81230,"Sylvicapra grimmia",-25.760103,29.316754
"1037",81230,"Sylvicapra grimmia",-30.389,30.6775
"1039",81230,"Sylvicapra grimmia",-26.78329,27.54578
"1040",81230,"Sylvicapra grimmia",-25.1583,31.2056
"1041",81230,"Sylvicapra grimmia",-3.969125,35.63663
"1042",81230,"Sylvicapra grimmia",-30.29512,30.74066
"1043",81230,"Sylvicapra grimmia",-30.942,30.3
"1044",81230,"Sylvicapra grimmia",-30.2842,30.74662
"1045",81230,"Sylvicapra grimmia",12.212083,2.375139
"1046",81230,"Sylvicapra grimmia",-6.934734,31.177523
"1047",81230,"Sylvicapra grimmia",-24.848551,28.076659
"1048",81230,"Sylvicapra grimmia",-24.201566,30.88686
"1049",81230,"Sylvicapra grimmia",-24.198122,30.883083
"1050",81230,"Sylvicapra grimmia",-24.203758,30.887547
"1051",81230,"Sylvicapra grimmia",-24.200627,30.885143
"1052",81230,"Sylvicapra grimmia",2.421,31.9965
"1053",81230,"Sylvicapra grimmia",0.2565,30.8493
"1054",81230,"Sylvicapra grimmia",3.0911,31.7042
"1055",81230,"Sylvicapra grimmia",3.5771,31.1012
"1056",81230,"Sylvicapra grimmia",2.2722,31.6862
"1057",81230,"Sylvicapra grimmia",-0.1395,30.2913
"1058",81230,"Sylvicapra grimmia",3.649,31.8391
"1059",81230,"Sylvicapra grimmia",1.6079,32.0365
"1060",81230,"Sylvicapra grimmia",2.2493,32.2672
"1061",81230,"Sylvicapra grimmia",2.2592,32.2421
"1062",81230,"Sylvicapra grimmia",1.7611,32.0253
"1063",81230,"Sylvicapra grimmia",2.2494,32.267
"1064",81230,"Sylvicapra grimmia",2.1085,32.2071
"1065",81230,"Sylvicapra grimmia",1.5471,32.042
"1067",81230,"Sylvicapra grimmia",1.7153,32.0323
"1069",81230,"Sylvicapra grimmia",-0.4904,29.8549
"1073",81230,"Sylvicapra grimmia",1.5621,32.0383
"1074",81230,"Sylvicapra grimmia",2.2527,32.2712
"1077",81230,"Sylvicapra grimmia",2.2606,32.2533
"1082",81230,"Sylvicapra grimmia",2.419,31.9905
"1084",81230,"Sylvicapra grimmia",2.4508,31.9664
"1085",81230,"Sylvicapra grimmia",2.419,31.9904
"1086",81230,"Sylvicapra grimmia",1.5276,32.0455
"1087",81230,"Sylvicapra grimmia",2.2881,32.2153
"1089",81230,"Sylvicapra grimmia",2.2633,32.2512
"1090",81230,"Sylvicapra grimmia",2.2496,32.2668
"1091",81230,"Sylvicapra grimmia",2.4662,31.9522
"1092",81230,"Sylvicapra grimmia",2.4212,31.9986
"1098",81230,"Sylvicapra grimmia",2.373,32.0756
"1099",81230,"Sylvicapra grimmia",2.5307,31.8997
"1101",81230,"Sylvicapra grimmia",2.5051,31.9252
"1103",81230,"Sylvicapra grimmia",2.4421,31.9744
"1111",81230,"Sylvicapra grimmia",-25.57258,31.181165
"1112",81230,"Sylvicapra grimmia",-7.672205,38.085823
"1113",81230,"Sylvicapra grimmia",7.541088,38.799072
"1114",81230,"Sylvicapra grimmia",-25.239727,27.074432
"1115",81230,"Sylvicapra grimmia",-1.241873,36.824539
"1116",81230,"Sylvicapra grimmia",11.23259,1.88191
"1117",81230,"Sylvicapra grimmia",11.34619,1.59501
"1118",81230,"Sylvicapra grimmia",11.33196,1.61981
"1119",81230,"Sylvicapra grimmia",11.44119,1.46955
"1120",81230,"Sylvicapra grimmia",11.09715,1.49701
"1121",81230,"Sylvicapra grimmia",11.3758,1.74857
"1122",81230,"Sylvicapra grimmia",11.34938,1.58425
"1123",81230,"Sylvicapra grimmia",11.40869,1.73738
"1124",81230,"Sylvicapra grimmia",11.34335,1.60243
"1125",81230,"Sylvicapra grimmia",11.38071,1.61516
"1126",81230,"Sylvicapra grimmia",11.18613,1.52341
"1127",81230,"Sylvicapra grimmia",11.3323,1.6034
"1128",81230,"Sylvicapra grimmia",11.4063,1.6961
"1129",81230,"Sylvicapra grimmia",11.2422,1.544
"1130",81230,"Sylvicapra grimmia",11.2515,1.5555
"1131",81230,"Sylvicapra grimmia",11.3899,1.6294
"1132",81230,"Sylvicapra grimmia",11.359,1.6063
"1133",81230,"Sylvicapra grimmia",11.4057,1.6979
"1134",81230,"Sylvicapra grimmia",11.4292,1.9008
"1135",81230,"Sylvicapra grimmia",11.3852,1.5913
"1136",81230,"Sylvicapra grimmia",11.413,1.7286
"1137",81230,"Sylvicapra grimmia",11.3458,1.4825
"1138",81230,"Sylvicapra grimmia",11.3754,1.5936
"1139",81230,"Sylvicapra grimmia",11.4239,1.7944
"1140",81230,"Sylvicapra grimmia",11.3946,1.5918
"1141",81230,"Sylvicapra grimmia",11.0518,0.9894
"1142",81230,"Sylvicapra grimmia",11.2617,1.5594
"1143",81230,"Sylvicapra grimmia",11.4265,1.8219
"1144",81230,"Sylvicapra grimmia",11.4065,1.6988
"1145",81230,"Sylvicapra grimmia",11.4346,1.465
"1146",81230,"Sylvicapra grimmia",11.3925,1.5961
"1147",81230,"Sylvicapra grimmia",11.3812,1.5927
"1148",81230,"Sylvicapra grimmia",11.4494,1.5269
"1149",81230,"Sylvicapra grimmia",11.3677,1.4892
"1150",81230,"Sylvicapra grimmia",11.3918,1.5921
"1151",81230,"Sylvicapra grimmia",11.2655,1.5624
"1152",81230,"Sylvicapra grimmia",11.3192,1.5934
"1153",81230,"Sylvicapra grimmia",11.4491,1.528
"1154",81230,"Sylvicapra grimmia",11.458,1.4575
"1155",81230,"Sylvicapra grimmia",11.3838,1.5916
"1156",81230,"Sylvicapra grimmia",11.2237,1.4465
"1157",81230,"Sylvicapra grimmia",11.3867,1.6126
"1158",81230,"Sylvicapra grimmia",11.3934,1.5953
"1159",81230,"Sylvicapra grimmia",11.4405,1.5729
"1160",81230,"Sylvicapra grimmia",11.4005,1.5904
"1161",81230,"Sylvicapra grimmia",11.2036,1.5053
"1162",81230,"Sylvicapra grimmia",11.3975,1.6723
"1163",81230,"Sylvicapra grimmia",11.2162,1.5231
"1164",81230,"Sylvicapra grimmia",11.2122,1.521
"1165",81230,"Sylvicapra grimmia",11.3985,1.6733
"1166",81230,"Sylvicapra grimmia",11.2081,1.4633
"1167",81230,"Sylvicapra grimmia",11.3884,1.493
"1168",81230,"Sylvicapra grimmia",11.209,1.5118
"1169",81230,"Sylvicapra grimmia",11.3868,1.6105
"1170",81230,"Sylvicapra grimmia",11.44555,1.46007
"1171",81230,"Sylvicapra grimmia",11.20261,1.36459
"1172",81230,"Sylvicapra grimmia",11.27,1.31444
"1173",81230,"Sylvicapra grimmia",11.39209,1.59219
"1174",81230,"Sylvicapra grimmia",11.42811,1.4744
"1175",81230,"Sylvicapra grimmia",11.22731,1.2248
"1176",81230,"Sylvicapra grimmia",11.41601,1.47278
"1177",81230,"Sylvicapra grimmia",11.2391,1.40493
"1178",81230,"Sylvicapra grimmia",11.20785,1.36678
"1179",81230,"Sylvicapra grimmia",11.34639,1.61125
"1180",81230,"Sylvicapra grimmia",11.38294,1.59222
"1181",81230,"Sylvicapra grimmia",11.37784,1.59364
"1182",81230,"Sylvicapra grimmia",11.39001,1.59169
"1183",81230,"Sylvicapra grimmia",11.45197,1.46234
"1184",81230,"Sylvicapra grimmia",11.23955,1.54198
"1185",81230,"Sylvicapra grimmia",11.46226,1.56621
"1186",81230,"Sylvicapra grimmia",11.37041,1.59888
"1187",81230,"Sylvicapra grimmia",11.42524,1.58753
"1188",81230,"Sylvicapra grimmia",11.4116,1.58286
"1189",81230,"Sylvicapra grimmia",11.42064,1.5774
"1190",81230,"Sylvicapra grimmia",11.39507,1.60712
"1191",81230,"Sylvicapra grimmia",11.40716,1.59066
"1192",81230,"Sylvicapra grimmia",11.40694,1.5902
"1193",81230,"Sylvicapra grimmia",11.39844,1.59954
"1194",81230,"Sylvicapra grimmia",11.29436,1.38283
"1195",81230,"Sylvicapra grimmia",11.44388,1.57141
"1196",81230,"Sylvicapra grimmia",11.44987,1.53473
"1197",81230,"Sylvicapra grimmia",11.20416,1.5049
"1199",81230,"Sylvicapra grimmia",11.31936,1.63023
"1200",81230,"Sylvicapra grimmia",11.09635,1.48942
"1201",81230,"Sylvicapra grimmia",10.97927,1.55359
"1202",81230,"Sylvicapra grimmia",11.3433,1.6024
"1203",81230,"Sylvicapra grimmia",11.34912,1.5842
"1204",81230,"Sylvicapra grimmia",11.6285,2.6079
"1205",81230,"Sylvicapra grimmia",11.8222,2.3834
"1206",81230,"Sylvicapra grimmia",11.7063,2.699
"1207",81230,"Sylvicapra grimmia",11.7569,2.7638
"1208",81230,"Sylvicapra grimmia",11.6293,2.9952
"1209",81230,"Sylvicapra grimmia",11.8222,2.3895
"1210",81230,"Sylvicapra grimmia",11.8364,2.8915
"1211",81230,"Sylvicapra grimmia",12.058,2.8004
"1212",81230,"Sylvicapra grimmia",11.5583,3.1042
"1213",81230,"Sylvicapra grimmia",11.8524,2.9707
"1214",81230,"Sylvicapra grimmia",11.4162,2.8055
"1215",81230,"Sylvicapra grimmia",11.3709,2.8658
"1216",81230,"Sylvicapra grimmia",11.5974,3.1342
"1217",81230,"Sylvicapra grimmia",11.9306,2.3827
"1218",81230,"Sylvicapra grimmia",12.2887,2.8078
"1219",81230,"Sylvicapra grimmia",12.272,2.8182
"1220",81230,"Sylvicapra grimmia",11.6981,2.894
"1221",81230,"Sylvicapra grimmia",11.9076,2.4343
"1222",81230,"Sylvicapra grimmia",11.5389,3.0481
"1223",81230,"Sylvicapra grimmia",11.7248,2.3238
"1224",81230,"Sylvicapra grimmia",11.9152,2.3309
"1225",81230,"Sylvicapra grimmia",12.1022,2.8958
"1226",81230,"Sylvicapra grimmia",12.0866,2.9744
"1227",81230,"Sylvicapra grimmia",11.5005,3.0834
"1228",81230,"Sylvicapra grimmia",11.6379,2.9939
"1229",81230,"Sylvicapra grimmia",11.9151,2.3512
"1230",81230,"Sylvicapra grimmia",11.6231,3.1142
"1231",81230,"Sylvicapra grimmia",11.9301,2.9803
"1232",81230,"Sylvicapra grimmia",11.7365,2.867
"1233",81230,"Sylvicapra grimmia",12.1563,2.9226
"1234",81230,"Sylvicapra grimmia",11.9067,2.9914
"1235",81230,"Sylvicapra grimmia",11.5094,2.7509
"1236",81230,"Sylvicapra grimmia",12.1987,2.7177
"1237",81230,"Sylvicapra grimmia",11.5583,3.1022
"1238",81230,"Sylvicapra grimmia",12.1892,2.7796
"1239",81230,"Sylvicapra grimmia",11.4629,3.0429
"1240",81230,"Sylvicapra grimmia",11.9783,3.0018
"1241",81230,"Sylvicapra grimmia",11.8757,2.8914
"1242",81230,"Sylvicapra grimmia",11.9618,2.5332
"1243",81230,"Sylvicapra grimmia",11.6312,2.6143
"1244",81230,"Sylvicapra grimmia",11.905,2.5571
"1245",81230,"Sylvicapra grimmia",11.9049,2.5059
"1246",81230,"Sylvicapra grimmia",11.828,2.4161
"1247",81230,"Sylvicapra grimmia",11.7792,2.5869
"1248",81230,"Sylvicapra grimmia",11.4681,2.4718
"1249",81230,"Sylvicapra grimmia",12.0968,2.9201
"1250",81230,"Sylvicapra grimmia",11.8832,2.5442
"1251",81230,"Sylvicapra grimmia",11.8253,2.4262
"1252",81230,"Sylvicapra grimmia",12.2894,2.7935
"1253",81230,"Sylvicapra grimmia",11.4435,2.8068
"1254",81230,"Sylvicapra grimmia",11.578,2.6596
"1255",81230,"Sylvicapra grimmia",12.147,2.6715
"1256",81230,"Sylvicapra grimmia",11.4288,3.05
"1257",81230,"Sylvicapra grimmia",11.8377,2.4525
"1258",81230,"Sylvicapra grimmia",12.181,2.8364
"1259",81230,"Sylvicapra grimmia",11.9655,3.0117
"1260",81230,"Sylvicapra grimmia",11.9185,2.589
"1261",81230,"Sylvicapra grimmia",12.1915,2.6866
"1262",81230,"Sylvicapra grimmia",11.7288,2.8292
"1263",81230,"Sylvicapra grimmia",11.6695,2.9465
"1264",81230,"Sylvicapra grimmia",12.0574,2.9564
"1265",81230,"Sylvicapra grimmia",12.0935,2.9091
"1266",81230,"Sylvicapra grimmia",12.02,3.0304
"1267",81230,"Sylvicapra grimmia",11.9029,2.5437
"1268",81230,"Sylvicapra grimmia",11.5741,2.7951
"1269",81230,"Sylvicapra grimmia",11.6744,2.6716
"1270",81230,"Sylvicapra grimmia",12.2984,2.7857
"1271",81230,"Sylvicapra grimmia",11.3946,2.8675
"1272",81230,"Sylvicapra grimmia",11.7993,2.6468
"1273",81230,"Sylvicapra grimmia",12.1218,2.8645
"1274",81230,"Sylvicapra grimmia",12.084,2.8517
"1275",81230,"Sylvicapra grimmia",12.0625,2.8122
"1276",81230,"Sylvicapra grimmia",11.9097,2.6921
"1277",81230,"Sylvicapra grimmia",11.9157,2.9917
"1278",81230,"Sylvicapra grimmia",11.8907,2.8905
"1279",81230,"Sylvicapra grimmia",11.836,2.4091
"1280",81230,"Sylvicapra grimmia",12.3667,2.8296
"1281",81230,"Sylvicapra grimmia",11.866,2.9784
"1282",81230,"Sylvicapra grimmia",12.0377,2.9739
"1283",81230,"Sylvicapra grimmia",12.0412,2.9801
"1284",81230,"Sylvicapra grimmia",11.7037,2.8867
"1285",81230,"Sylvicapra grimmia",12.0435,2.9973
"1286",81230,"Sylvicapra grimmia",11.9099,2.4148
"1287",81230,"Sylvicapra grimmia",12.1023,2.8816
"1288",81230,"Sylvicapra grimmia",12.2332,2.7759
"1289",81230,"Sylvicapra grimmia",11.6368,2.6426
"1290",81230,"Sylvicapra grimmia",12.2289,2.7039
"1291",81230,"Sylvicapra grimmia",12.2625,2.7966
"1292",81230,"Sylvicapra grimmia",12.0197,2.9915
"1293",81230,"Sylvicapra grimmia",11.9388,2.7194
"1294",81230,"Sylvicapra grimmia",12.0363,2.5873
"1295",81230,"Sylvicapra grimmia",11.8974,2.7169
"1296",81230,"Sylvicapra grimmia",12.0785,2.8025
"1297",81230,"Sylvicapra grimmia",11.9408,2.9802
"1298",81230,"Sylvicapra grimmia",11.3349,2.8683
"1299",81230,"Sylvicapra grimmia",11.763,2.9801
"1300",81230,"Sylvicapra grimmia",12.1015,2.9673
"1301",81230,"Sylvicapra grimmia",12.245,2.8147
"1302",81230,"Sylvicapra grimmia",11.8535,2.7039
"1303",81230,"Sylvicapra grimmia",11.9071,2.4315
"1304",81230,"Sylvicapra grimmia",12.0581,2.988
"1305",81230,"Sylvicapra grimmia",12.1135,2.9704
"1306",81230,"Sylvicapra grimmia",12.0923,2.9123
"1307",81230,"Sylvicapra grimmia",11.6261,2.7802
"1308",81230,"Sylvicapra grimmia",11.69,2.6824
"1309",81230,"Sylvicapra grimmia",11.9338,2.6904
"1310",81230,"Sylvicapra grimmia",11.8408,2.6722
"1311",81230,"Sylvicapra grimmia",11.5386,2.2316
"1312",81230,"Sylvicapra grimmia",11.9196,2.669
"1313",81230,"Sylvicapra grimmia",11.8349,2.9504
"1314",81230,"Sylvicapra grimmia",12.0498,2.7679
"1315",81230,"Sylvicapra grimmia",11.9585,2.7394
"1316",81230,"Sylvicapra grimmia",12.1886,2.6945
"1317",81230,"Sylvicapra grimmia",11.8156,2.8795
"1318",81230,"Sylvicapra grimmia",11.5471,2.2316
"1319",81230,"Sylvicapra grimmia",11.9415,2.747
"1320",81230,"Sylvicapra grimmia",12.15106,2.76544
"1321",81230,"Sylvicapra grimmia",11.94945,2.44022
"1322",81230,"Sylvicapra grimmia",11.77696,2.99582
"1323",81230,"Sylvicapra grimmia",12.27331,2.83543
"1324",81230,"Sylvicapra grimmia",11.8447,3.01561
"1325",81230,"Sylvicapra grimmia",11.95607,2.6779
"1326",81230,"Sylvicapra grimmia",11.91347,2.5751
"1327",81230,"Sylvicapra grimmia",12.07532,2.92803
"1328",81230,"Sylvicapra grimmia",12.17832,2.74033
"1329",81230,"Sylvicapra grimmia",12.05349,2.80738
"1330",81230,"Sylvicapra grimmia",11.14813,1.96882
"1331",81230,"Sylvicapra grimmia",11.83938,2.4154
"1332",81230,"Sylvicapra grimmia",11.92975,2.96207
"1333",81230,"Sylvicapra grimmia",11.91587,2.90967
"1334",81230,"Sylvicapra grimmia",11.92813,2.42992
"1335",81230,"Sylvicapra grimmia",11.76881,2.91161
"1336",81230,"Sylvicapra grimmia",12.12978,2.80608
"1337",81230,"Sylvicapra grimmia",12.24188,2.7765
"1338",81230,"Sylvicapra grimmia",12.18338,2.78908
"1339",81230,"Sylvicapra grimmia",11.41165,2.98635
"1340",81230,"Sylvicapra grimmia",11.93136,3.00205
"1341",81230,"Sylvicapra grimmia",11.82563,2.90783
"1342",81230,"Sylvicapra grimmia",11.94187,2.74402
"1343",81230,"Sylvicapra grimmia",11.72726,2.95328
"1344",81230,"Sylvicapra grimmia",12.27332,2.82014
"1345",81230,"Sylvicapra grimmia",12.3002,2.81028
"1346",81230,"Sylvicapra grimmia",12.27695,2.78266
"1347",81230,"Sylvicapra grimmia",12.15158,2.87626
"1348",81230,"Sylvicapra grimmia",11.75752,2.9237
"1349",81230,"Sylvicapra grimmia",11.88891,2.46807
"1350",81230,"Sylvicapra grimmia",11.73586,2.88498
"1351",81230,"Sylvicapra grimmia",11.82361,2.97005
"1352",81230,"Sylvicapra grimmia",11.90591,2.69561
"1353",81230,"Sylvicapra grimmia",12.05933,2.81193
"1354",81230,"Sylvicapra grimmia",11.46977,2.14121
"1355",81230,"Sylvicapra grimmia",11.87354,2.91848
"1356",81230,"Sylvicapra grimmia",12.08505,2.88067
"1357",81230,"Sylvicapra grimmia",11.93175,2.87762
"1358",81230,"Sylvicapra grimmia",12.00387,2.65349
"1359",81230,"Sylvicapra grimmia",12.12074,2.79916
"1360",81230,"Sylvicapra grimmia",12.27982,2.7021
"1361",81230,"Sylvicapra grimmia",11.82519,2.83748
"1362",81230,"Sylvicapra grimmia",11.81798,3.00796
"1363",81230,"Sylvicapra grimmia",11.96626,2.88831
"1364",81230,"Sylvicapra grimmia",12.31956,2.81445
"1365",81230,"Sylvicapra grimmia",11.38373,2.98636
"1366",81230,"Sylvicapra grimmia",11.61111,2.81728
"1367",81230,"Sylvicapra grimmia",12.13155,2.88619
"1368",81230,"Sylvicapra grimmia",12.02043,3.04364
"1369",81230,"Sylvicapra grimmia",11.79952,2.92024
"1370",81230,"Sylvicapra grimmia",11.84263,2.79615
"1371",81230,"Sylvicapra grimmia",11.61385,2.82079
"1373",81230,"Sylvicapra grimmia",11.61653,3.01234
"1374",81230,"Sylvicapra grimmia",11.63824,2.78473
"1375",81230,"Sylvicapra grimmia",11.77783,2.93126
"1376",81230,"Sylvicapra grimmia",12.22905,2.86124
"1377",81230,"Sylvicapra grimmia",12.34102,2.77067
"1378",81230,"Sylvicapra grimmia",11.51563,3.07482
"1379",81230,"Sylvicapra grimmia",12.06616,2.89579
"1380",81230,"Sylvicapra grimmia",11.82489,2.95078
"1381",81230,"Sylvicapra grimmia",11.5989,3.13319
"1382",81230,"Sylvicapra grimmia",11.71544,2.82225
"1383",81230,"Sylvicapra grimmia",12.26941,2.6981
"1384",81230,"Sylvicapra grimmia",12.25359,2.71093
"1386",81230,"Sylvicapra grimmia",11.87697,2.6881
"1387",81230,"Sylvicapra grimmia",11.90958,2.98136
"1388",81230,"Sylvicapra grimmia",11.51583,3.10927
"1389",81230,"Sylvicapra grimmia",11.45117,3.06157
"1390",81230,"Sylvicapra grimmia",11.38754,2.9771
"1391",81230,"Sylvicapra grimmia",11.900894,2.96231
"1392",81230,"Sylvicapra grimmia",11.901822,2.998961
"1393",81230,"Sylvicapra grimmia",11.900894,2.956498
"1394",81230,"Sylvicapra grimmia",11.875692,2.796549
"1395",81230,"Sylvicapra grimmia",11.915679,2.763499
"1396",81230,"Sylvicapra grimmia",11.327396,2.043415
"1397",81230,"Sylvicapra grimmia",11.920113,2.728589
"1398",81230,"Sylvicapra grimmia",11.896169,2.760077
"1399",81230,"Sylvicapra grimmia",11.923022,2.802024
"1400",81230,"Sylvicapra grimmia",11.917348,2.838043
"1401",81230,"Sylvicapra grimmia",11.518131,2.893127
"1402",81230,"Sylvicapra grimmia",11.929267,2.802574
"1403",81230,"Sylvicapra grimmia",11.900954,2.949248
"1404",81230,"Sylvicapra grimmia",11.869997,2.970364
"1405",81230,"Sylvicapra grimmia",11.829662,2.934574
"1406",81230,"Sylvicapra grimmia",11.869847,2.935985
"1407",81230,"Sylvicapra grimmia",11.756305,2.926691
"1408",81230,"Sylvicapra grimmia",11.829423,2.945573
"1409",81230,"Sylvicapra grimmia",11.7917,2.964375
"1410",81230,"Sylvicapra grimmia",11.942118,2.92791
"1411",81230,"Sylvicapra grimmia",11.956987,2.890955
"1412",81230,"Sylvicapra grimmia",11.947148,2.851723
"1413",81230,"Sylvicapra grimmia",11.966952,2.81628
"1414",81230,"Sylvicapra grimmia",11.864521,2.685479
"1415",81230,"Sylvicapra grimmia",11.844581,2.681755
"1416",81230,"Sylvicapra grimmia",11.868707,2.653119
"1417",81230,"Sylvicapra grimmia",11.838226,2.645564
"1418",81230,"Sylvicapra grimmia",11.91866,2.763953
"1419",81230,"Sylvicapra grimmia",11.874294,2.723438
"1420",81230,"Sylvicapra grimmia",11.896735,2.800189
"1421",81230,"Sylvicapra grimmia",11.903,2.727842
"1422",81230,"Sylvicapra grimmia",11.868788,2.833332
"1423",81230,"Sylvicapra grimmia",11.870356,2.94816
"1424",81230,"Sylvicapra grimmia",11.829645,2.919677
"1425",81230,"Sylvicapra grimmia",11.757033,2.921447
"1426",81230,"Sylvicapra grimmia",11.957838,2.929379
"1427",81230,"Sylvicapra grimmia",11.927362,2.92687
"1428",81230,"Sylvicapra grimmia",11.756315,2.963059
"1429",81230,"Sylvicapra grimmia",11.756464,2.973727
"1430",81230,"Sylvicapra grimmia",11.948931,2.814658
"1431",81230,"Sylvicapra grimmia",11.989015,2.855973
"1432",81230,"Sylvicapra grimmia",11.987456,2.817778
"1433",81230,"Sylvicapra grimmia",11.964771,2.890312
"1434",81230,"Sylvicapra grimmia",11.877137,2.723743
"1435",81230,"Sylvicapra grimmia",11.901104,2.979134
"1436",81230,"Sylvicapra grimmia",11.41256,2.067734
"1437",81230,"Sylvicapra grimmia",11.87768,2.688173
"1438",81230,"Sylvicapra grimmia",11.757033,2.952385
"1439",81230,"Sylvicapra grimmia",11.829363,2.975636
"1440",81230,"Sylvicapra grimmia",11.792302,2.944079
"1441",81230,"Sylvicapra grimmia",11.927497,2.888294
"1442",81230,"Sylvicapra grimmia",11.868674,2.723227
"1443",81230,"Sylvicapra grimmia",11.948357,2.814658
"1444",81230,"Sylvicapra grimmia",11.922392,2.729088
"1445",81230,"Sylvicapra grimmia",11.928421,2.764976
"1446",81230,"Sylvicapra grimmia",11.884618,2.759649
"1447",81230,"Sylvicapra grimmia",11.931718,2.570652
"1448",81230,"Sylvicapra grimmia",11.867512,2.95811
"1449",81230,"Sylvicapra grimmia",11.901343,2.986969
"1450",81230,"Sylvicapra grimmia",11.893055,2.799517
"1451",81230,"Sylvicapra grimmia",11.792213,2.952239
"1452",81230,"Sylvicapra grimmia",11.756545,2.95988
"1453",81230,"Sylvicapra grimmia",11.829425,2.945468
"1454",81230,"Sylvicapra grimmia",11.756425,2.968495
"1455",81230,"Sylvicapra grimmia",11.990135,2.856083
"1456",81230,"Sylvicapra grimmia",11.965737,2.853389
"1457",81230,"Sylvicapra grimmia",11.945119,2.889958
"1458",81230,"Sylvicapra grimmia",11.99231,2.819063
"1459",81230,"Sylvicapra grimmia",11.981153,2.781816
"1460",81230,"Sylvicapra grimmia",11.79155,2.974677
"1461",81230,"Sylvicapra grimmia",11.976935,2.88971
"1462",81230,"Sylvicapra grimmia",11.830209,2.644648
"1463",81230,"Sylvicapra grimmia",11.979081,2.890251
"1464",81230,"Sylvicapra grimmia",11.862387,2.686004
"1465",81230,"Sylvicapra grimmia",11.90173,2.761239
"1466",81230,"Sylvicapra grimmia",11.892581,2.836224
"1467",81230,"Sylvicapra grimmia",11.881171,2.798537
"1468",81230,"Sylvicapra grimmia",11.899133,2.726152
"1469",81230,"Sylvicapra grimmia",11.414007,2.064879
"1470",81230,"Sylvicapra grimmia",11.961178,2.890465
"1471",81230,"Sylvicapra grimmia",11.961488,2.779769
"1472",81230,"Sylvicapra grimmia",11.952915,2.571447
"1473",81230,"Sylvicapra grimmia",11.967231,2.854047
"1474",81230,"Sylvicapra grimmia",11.993387,2.819124
"1475",81230,"Sylvicapra grimmia",11.844514,2.647093
"1476",81230,"Sylvicapra grimmia",11.977914,2.855423
"1477",81230,"Sylvicapra grimmia",11.987578,2.782497
"1478",81230,"Sylvicapra grimmia",-24.2,30.888577
"1479",81230,"Sylvicapra grimmia",-14.434183,26.146378
"1480",81230,"Sylvicapra grimmia",12.47509,2.699259
"1481",81230,"Sylvicapra grimmia",12.468138,2.663237
"1482",81230,"Sylvicapra grimmia",12.396073,2.648065
"1483",81230,"Sylvicapra grimmia",12.462528,2.527201
"1484",81230,"Sylvicapra grimmia",12.469987,2.419327
"1485",81230,"Sylvicapra grimmia",12.418699,2.175138
"1486",81230,"Sylvicapra grimmia",12.386058,2.318854
"1487",81230,"Sylvicapra grimmia",12.25649,2.138578
"1488",81230,"Sylvicapra grimmia",12.220544,2.166357
"1489",81230,"Sylvicapra grimmia",12.238408,2.320611
"1490",81230,"Sylvicapra grimmia",0.122775,37.0394
"1491",81230,"Sylvicapra grimmia",-25.371806,31.764944
"1492",81230,"Sylvicapra grimmia",6.744259,39.678497
"1493",81230,"Sylvicapra grimmia",9.6,8.416667
"1494",81230,"Sylvicapra grimmia",9.15536,18.99373
"1495",81230,"Sylvicapra grimmia",-21.313,33.971
"1496",81230,"Sylvicapra grimmia",8.525,-8.937
"1497",81230,"Sylvicapra grimmia",8.531,-8.906
"1498",81230,"Sylvicapra grimmia",13.45,24.4
"1500",81230,"Sylvicapra grimmia",-18.43141,21.886139
"1501",81230,"Sylvicapra grimmia",-32.088028,18.300518
"1502",81230,"Sylvicapra grimmia",-0.42709,36.765747
"1503",81230,"Sylvicapra grimmia",-33.19273,18.157654
"1504",81230,"Sylvicapra grimmia",11.537722,1.452583
"1506",81230,"Sylvicapra grimmia",11.1426,1.716217
"1507",81230,"Sylvicapra grimmia",11.162717,1.716267
"1508",81230,"Sylvicapra grimmia",11.058267,1.6626
"1509",81230,"Sylvicapra grimmia",-20.07399,30.592632
"1510",81230,"Sylvicapra grimmia",-7.708951,34.874725
"1511",81230,"Sylvicapra grimmia",-18.754915,17.088352
"1512",81230,"Sylvicapra grimmia",2.983156,37.225628
"1513",81230,"Sylvicapra grimmia",-18.78264,17.05988
"1515",81230,"Sylvicapra grimmia",10.8915,1.327833
"1516",81230,"Sylvicapra grimmia",-18.26832,32.801171
"1517",81230,"Sylvicapra grimmia",11.423663,1.470382
"1518",81230,"Sylvicapra grimmia",11.040475,1.040483
"1520",81230,"Sylvicapra grimmia",11.071079,1.682362
"1521",81230,"Sylvicapra grimmia",11.087499,1.728611
"1522",81230,"Sylvicapra grimmia",11.060611,1.664152
"1523",81230,"Sylvicapra grimmia",10.952392,1.398252
"1524",81230,"Sylvicapra grimmia",10.95236,1.398362
"1526",81230,"Sylvicapra grimmia",11.053361,1.522948
"1527",81230,"Sylvicapra grimmia",11.069118,1.69058
"1529",81230,"Sylvicapra grimmia",11.072219,1.685387
"1530",81230,"Sylvicapra grimmia",11.198257,1.840443
"1535",81230,"Sylvicapra grimmia",11.049338,1.524973
"1537",81230,"Sylvicapra grimmia",11.44023,1.458435
"1539",81230,"Sylvicapra grimmia",11.070253,1.690333
"1540",81230,"Sylvicapra grimmia",11.005633,1.449863
"1541",81230,"Sylvicapra grimmia",11.215449,1.863642
"1542",81230,"Sylvicapra grimmia",11.034312,1.626223
"1543",81230,"Sylvicapra grimmia",11.164503,1.811918
"1544",81230,"Sylvicapra grimmia",11.018358,1.612552
"1547",81230,"Sylvicapra grimmia",11.270583,1.853943
"1548",81230,"Sylvicapra grimmia",11.14665,1.785278
"1550",81230,"Sylvicapra grimmia",11.296874,1.571646
"1552",81230,"Sylvicapra grimmia",11.297084,1.571662
"1553",81230,"Sylvicapra grimmia",11.1443,1.67155
"1554",81230,"Sylvicapra grimmia",11.29714,1.572008
"1556",81230,"Sylvicapra grimmia",11.300114,1.57683
"1557",81230,"Sylvicapra grimmia",11.370767,1.6027
"1559",81230,"Sylvicapra grimmia",-24.046464,31.453857
"1560",81230,"Sylvicapra grimmia",11.28017,1.11787
"1561",81230,"Sylvicapra grimmia",11.11818,1.1169
"1562",81230,"Sylvicapra grimmia",11.27903,1.91172
"1563",81230,"Sylvicapra grimmia",11.32832,1.90532
"1564",81230,"Sylvicapra grimmia",11.0513,1.86775
"1565",81230,"Sylvicapra grimmia",10.89098,1.38301
"1566",81230,"Sylvicapra grimmia",11.11115,1.86776
"1567",81230,"Sylvicapra grimmia",11.03689,1.50581
"1568",81230,"Sylvicapra grimmia",11.21872,1.66658
"1569",81230,"Sylvicapra grimmia",11.00881,1.52779
"1570",81230,"Sylvicapra grimmia",11.28959,1.87651
"1571",81230,"Sylvicapra grimmia",11.11673,1.13394
"1572",81230,"Sylvicapra grimmia",11.20127,1.51289
"1573",81230,"Sylvicapra grimmia",10.86881,1.29621
"1574",81230,"Sylvicapra grimmia",11.3951,1.60715
"1575",81230,"Sylvicapra grimmia",11.32833,1.90533
"1576",81230,"Sylvicapra grimmia",11.0893,1.61215
"1577",81230,"Sylvicapra grimmia",11.37839,1.78807
"1578",81230,"Sylvicapra grimmia",11.2751,1.8857
"1579",81230,"Sylvicapra grimmia",11.20866,1.56916
"1580",81230,"Sylvicapra grimmia",11.27511,1.88571
"1581",81230,"Sylvicapra grimmia",11.17652,1.1983
"1582",81230,"Sylvicapra grimmia",11.27318,1.85361
"1583",81230,"Sylvicapra grimmia",11.18158,1.56681
"1584",81230,"Sylvicapra grimmia",11.11951,1.09119
"1585",81230,"Sylvicapra grimmia",11.19732,1.70337
"1586",81230,"Sylvicapra grimmia",10.91185,1.17001
"1587",81230,"Sylvicapra grimmia",11.21808,1.67205
"1588",81230,"Sylvicapra grimmia",11.11613,1.61592
"1589",81230,"Sylvicapra grimmia",11.3156,1.83875
"1590",81230,"Sylvicapra grimmia",11.22686,1.5011
"1591",81230,"Sylvicapra grimmia",11.33622,1.65368
"1592",81230,"Sylvicapra grimmia",11.05612,1.56718
"1593",81230,"Sylvicapra grimmia",10.98756,1.37336
"1594",81230,"Sylvicapra grimmia",11.12055,1.22223
"1595",81230,"Sylvicapra grimmia",11.37585,1.55166
"1596",81230,"Sylvicapra grimmia",10.99061,1.51281
"1597",81230,"Sylvicapra grimmia",11.37189,1.67757
"1598",81230,"Sylvicapra grimmia",11.31616,1.69821
"1599",81230,"Sylvicapra grimmia",10.99191,1.32516
"1600",81230,"Sylvicapra grimmia",11.13889,1.13137
"1601",81230,"Sylvicapra grimmia",11.28856,1.15331
"1602",81230,"Sylvicapra grimmia",11.38559,1.7338
"1603",81230,"Sylvicapra grimmia",11.27509,1.88569
"1604",81230,"Sylvicapra grimmia",11.11311,1.38264
"1605",81230,"Sylvicapra grimmia",10.92321,1.86776
"1606",81230,"Sylvicapra grimmia",11.12181,1.86776
"1607",81230,"Sylvicapra grimmia",10.90658,1.33828
"1608",81230,"Sylvicapra grimmia",11.27691,1.15639
"1609",81230,"Sylvicapra grimmia",11.30661,1.92117
"1610",81230,"Sylvicapra grimmia",11.12111,1.38269
"1611",81230,"Sylvicapra grimmia",10.93082,1.36121
"1613",81230,"Sylvicapra grimmia",11.11192,1.79537
"1614",81230,"Sylvicapra grimmia",11.38391,1.53302
"1616",81230,"Sylvicapra grimmia",11.09109,1.15918
"1617",81230,"Sylvicapra grimmia",11.165,1.12299
"1618",81230,"Sylvicapra grimmia",11.11931,1.11617
"1619",81230,"Sylvicapra grimmia",10.98088,1.55061
"1620",81230,"Sylvicapra grimmia",11.01761,1.58322
"1621",81230,"Sylvicapra grimmia",10.97291,1.16373
"1622",81230,"Sylvicapra grimmia",10.95752,1.17872
"1623",81230,"Sylvicapra grimmia",11.31913,1.81701
"1624",81230,"Sylvicapra grimmia",11.02621,1.08518
"1625",81230,"Sylvicapra grimmia",10.99881,1.53577
"1626",81230,"Sylvicapra grimmia",11.16097,1.76315
"1627",81230,"Sylvicapra grimmia",11.19691,1.69173
"1628",81230,"Sylvicapra grimmia",11.0101,1.21021
"1629",81230,"Sylvicapra grimmia",11.08573,1.25313
"1630",81230,"Sylvicapra grimmia",11.38685,1.65516
"1631",81230,"Sylvicapra grimmia",11.01273,1.27113
"1632",81230,"Sylvicapra grimmia",11.01653,1.32189
"1633",81230,"Sylvicapra grimmia",11.02761,1.51311
"1634",81230,"Sylvicapra grimmia",10.98103,1.36283
"1635",81230,"Sylvicapra grimmia",11.07766,1.2778
"1636",81230,"Sylvicapra grimmia",11.11971,1.53869
"1637",81230,"Sylvicapra grimmia",11.26973,1.87619
"1639",81230,"Sylvicapra grimmia",10.83711,1.37773
"1640",81230,"Sylvicapra grimmia",11.32831,1.90531
"1641",81230,"Sylvicapra grimmia",11.09251,1.23975
"1642",81230,"Sylvicapra grimmia",11.37956,1.86217
"1643",81230,"Sylvicapra grimmia",11.10921,1.91256
"1644",81230,"Sylvicapra grimmia",11.00151,1.58071
"1646",81230,"Sylvicapra grimmia",10.89311,1.29162
"1647",81230,"Sylvicapra grimmia",11.39591,1.61869
"1648",81230,"Sylvicapra grimmia",11.20666,1.71161
"1649",81230,"Sylvicapra grimmia",11.21991,1.70066
"1650",81230,"Sylvicapra grimmia",11.01738,1.59293
"1651",81230,"Sylvicapra grimmia",10.97818,1.52328
"1652",81230,"Sylvicapra grimmia",10.96037,1.5501
"1653",81230,"Sylvicapra grimmia",11.36113,1.63851
"1654",81230,"Sylvicapra grimmia",11.00976,1.86772
"1655",81230,"Sylvicapra grimmia",11.07222,1.1132
"1656",81230,"Sylvicapra grimmia",11.05218,1.30275
"1658",81230,"Sylvicapra grimmia",11.27613,1.86589
"1659",81230,"Sylvicapra grimmia",11.01251,1.50089
"1660",81230,"Sylvicapra grimmia",10.98211,1.09118
"1661",81230,"Sylvicapra grimmia",11.05365,1.23963
"1662",81230,"Sylvicapra grimmia",11.26867,1.87897
"1663",81230,"Sylvicapra grimmia",11.07377,1.2083
"1664",81230,"Sylvicapra grimmia",10.98816,1.51157
"1665",81230,"Sylvicapra grimmia",11.00799,1.52851
"1666",81230,"Sylvicapra grimmia",10.69182,1.29337
"1667",81230,"Sylvicapra grimmia",11.31105,1.37119
"1668",81230,"Sylvicapra grimmia",10.95118,1.50282
"1669",81230,"Sylvicapra grimmia",11.21832,1.67716
"1671",81230,"Sylvicapra grimmia",11.37557,1.79397
"1673",81230,"Sylvicapra grimmia",10.95359,1.51133
"1674",81230,"Sylvicapra grimmia",11.35657,1.78965
"1675",81230,"Sylvicapra grimmia",11.21836,1.82805
"1676",81230,"Sylvicapra grimmia",10.93081,1.19121
"1677",81230,"Sylvicapra grimmia",11.31118,1.53121
"1678",81230,"Sylvicapra grimmia",11.08215,1.61119
"1679",81230,"Sylvicapra grimmia",11.02571,1.19691
"1680",81230,"Sylvicapra grimmia",10.90875,1.31635
"1681",81230,"Sylvicapra grimmia",10.99135,1.13826
"1683",81230,"Sylvicapra grimmia",11.27512,1.88572
"1684",81230,"Sylvicapra grimmia",10.87129,1.27837
"1685",81230,"Sylvicapra grimmia",11.2936,1.37011
"1686",81230,"Sylvicapra grimmia",10.98751,1.2311
"1687",81230,"Sylvicapra grimmia",11.11862,1.75536
"1688",81230,"Sylvicapra grimmia",10.86692,1.26226
"1689",81230,"Sylvicapra grimmia",11.09823,1.62177
"1690",81230,"Sylvicapra grimmia",11.09892,1.62111
"1691",81230,"Sylvicapra grimmia",11.37563,1.53108
"1692",81230,"Sylvicapra grimmia",10.91122,1.31556
"1693",81230,"Sylvicapra grimmia",11.31223,1.51113
"1694",81230,"Sylvicapra grimmia",10.92295,1.38387
"1695",81230,"Sylvicapra grimmia",11.21878,1.58729
"1696",81230,"Sylvicapra grimmia",11.11192,1.11797
"1698",81230,"Sylvicapra grimmia",11.13883,1.11681
"1699",81230,"Sylvicapra grimmia",11.06561,1.58209
"1700",81230,"Sylvicapra grimmia",11.23024,1.19876
"1701",81230,"Sylvicapra grimmia",11.25261,1.19877
"1702",81230,"Sylvicapra grimmia",10.89381,1.38256
"1703",81230,"Sylvicapra grimmia",11.08551,1.63232
"1704",81230,"Sylvicapra grimmia",11.20259,1.1727
"1705",81230,"Sylvicapra grimmia",11.23291,1.66008
"1706",81230,"Sylvicapra grimmia",11.18296,1.18552
"1707",81230,"Sylvicapra grimmia",11.08193,1.21081
"1708",81230,"Sylvicapra grimmia",11.11207,1.11687
"1709",81230,"Sylvicapra grimmia",10.95635,1.33081
"1710",81230,"Sylvicapra grimmia",11.32836,1.90536
"1711",81230,"Sylvicapra grimmia",11.11678,1.51081
"1712",81230,"Sylvicapra grimmia",11.16773,1.16005
"1714",81230,"Sylvicapra grimmia",11.20313,1.15987
"1715",81230,"Sylvicapra grimmia",11.19679,1.6902
"1716",81230,"Sylvicapra grimmia",11.05612,1.18504
"1717",81230,"Sylvicapra grimmia",11.11223,1.1765
"1718",81230,"Sylvicapra grimmia",11.1257,1.86777
"1719",81230,"Sylvicapra grimmia",11.01603,1.19826
"1720",81230,"Sylvicapra grimmia",11.2978,1.67665
"1721",81230,"Sylvicapra grimmia",11.09213,1.25711
"1724",81230,"Sylvicapra grimmia",11.38258,1.61136
"1725",81230,"Sylvicapra grimmia",11.23238,1.32893
"1726",81230,"Sylvicapra grimmia",11.33107,1.61032
"1728",81230,"Sylvicapra grimmia",11.16196,1.39584
"1729",81230,"Sylvicapra grimmia",11.36981,1.86283
"1730",81230,"Sylvicapra grimmia",11.07911,1.62751
"1731",81230,"Sylvicapra grimmia",11.23658,1.81802
"1732",81230,"Sylvicapra grimmia",11.19282,1.11712
"1733",81230,"Sylvicapra grimmia",11.15355,1.12212
"1734",81230,"Sylvicapra grimmia",11.10597,1.16511
"1737",81230,"Sylvicapra grimmia",11.0875,1.62018
"1739",81230,"Sylvicapra grimmia",11.23528,1.11352
"1740",81230,"Sylvicapra grimmia",11.21621,1.11773
"1741",81230,"Sylvicapra grimmia",11.22571,1.66093
"1742",81230,"Sylvicapra grimmia",10.95817,1.2376
"1743",81230,"Sylvicapra grimmia",11.22732,1.66522
"1744",81230,"Sylvicapra grimmia",11.03781,1.59
"1745",81230,"Sylvicapra grimmia",10.91715,1.37117
"1746",81230,"Sylvicapra grimmia",11.19134,1.63937
"1747",81230,"Sylvicapra grimmia",11.02672,1.70251
"1748",81230,"Sylvicapra grimmia",11.27119,1.1557
"1749",81230,"Sylvicapra grimmia",11.05016,1.66118
"1750",81230,"Sylvicapra grimmia",11.22866,1.66532
"1751",81230,"Sylvicapra grimmia",11.06728,1.27051
"1752",81230,"Sylvicapra grimmia",10.96196,1.18292
"1753",81230,"Sylvicapra grimmia",10.98511,1.50208
"1754",81230,"Sylvicapra grimmia",10.90291,1.221
"1755",81230,"Sylvicapra grimmia",11.07307,1.72719
"1756",81230,"Sylvicapra grimmia",11.17707,1.56292
"1757",81230,"Sylvicapra grimmia",11.27904,1.91173
"1760",81230,"Sylvicapra grimmia",10.95077,1.5167
"1761",81230,"Sylvicapra grimmia",11.03667,1.33118
"1762",81230,"Sylvicapra grimmia",11.0763,1.65113
"1763",81230,"Sylvicapra grimmia",11.08911,1.23879
"1764",81230,"Sylvicapra grimmia",10.91609,1.22838
"1765",81230,"Sylvicapra grimmia",11.07591,1.25283
"1766",81230,"Sylvicapra grimmia",10.89861,1.27262
"1767",81230,"Sylvicapra grimmia",11.01601,1.16716
"1768",81230,"Sylvicapra grimmia",10.90111,1.28716
"1769",81230,"Sylvicapra grimmia",11.10175,1.71017
"1770",81230,"Sylvicapra grimmia",11.31911,1.35651
"1771",81230,"Sylvicapra grimmia",11.18119,1.55212
"1772",81230,"Sylvicapra grimmia",10.91017,1.35335
"1773",81230,"Sylvicapra grimmia",11.00025,1.36618
"1774",81230,"Sylvicapra grimmia",11.01998,1.6386
"1776",81230,"Sylvicapra grimmia",11.20798,1.739
"1777",81230,"Sylvicapra grimmia",11.02858,1.56328
"1778",81230,"Sylvicapra grimmia",11.07079,1.60179
"1779",81230,"Sylvicapra grimmia",11.16563,1.19806
"1781",81230,"Sylvicapra grimmia",11.38981,1.86115
"1782",81230,"Sylvicapra grimmia",11.38517,1.6385
"1783",81230,"Sylvicapra grimmia",10.91812,1.23177
"1784",81230,"Sylvicapra grimmia",11.11002,1.51289
"1785",81230,"Sylvicapra grimmia",10.8751,1.39996
"1786",81230,"Sylvicapra grimmia",11.21738,1.32165
"1787",81230,"Sylvicapra grimmia",11.27018,1.85891
"1788",81230,"Sylvicapra grimmia",11.17791,1.57111
"1789",81230,"Sylvicapra grimmia",10.97667,1.0979
"1790",81230,"Sylvicapra grimmia",11.32834,1.90534
"1791",81230,"Sylvicapra grimmia",11.06525,1.62578
"1792",81230,"Sylvicapra grimmia",11.03682,1.55737
"1793",81230,"Sylvicapra grimmia",11.00971,1.57557
"1794",81230,"Sylvicapra grimmia",10.8761,1.37812
"1795",81230,"Sylvicapra grimmia",11.31652,1.66957
"1796",81230,"Sylvicapra grimmia",11.01852,1.36737
"1797",81230,"Sylvicapra grimmia",11.16065,1.58813
"1798",81230,"Sylvicapra grimmia",10.95312,1.23386
"1799",81230,"Sylvicapra grimmia",11.10061,1.21292
"1800",81230,"Sylvicapra grimmia",11.31905,1.70555
"1801",81230,"Sylvicapra grimmia",11.39538,1.61939
"1803",81230,"Sylvicapra grimmia",11.11327,1.53657
"1804",81230,"Sylvicapra grimmia",10.9986,1.3397
"1805",81230,"Sylvicapra grimmia",11.27506,1.88566
"1806",81230,"Sylvicapra grimmia",11.1199,1.51097
"1807",81230,"Sylvicapra grimmia",10.99713,1.56183
"1809",81230,"Sylvicapra grimmia",10.86131,1.29335
"1810",81230,"Sylvicapra grimmia",11.11518,1.60617
"1811",81230,"Sylvicapra grimmia",10.98895,1.08191
"1812",81230,"Sylvicapra grimmia",11.17599,1.57518
"1813",81230,"Sylvicapra grimmia",10.86115,1.29175
"1814",81230,"Sylvicapra grimmia",10.85271,1.27911
"1815",81230,"Sylvicapra grimmia",11.10317,1.27505
"1816",81230,"Sylvicapra grimmia",11.1178,1.53616
"1817",81230,"Sylvicapra grimmia",11.20612,1.18591
"1818",81230,"Sylvicapra grimmia",11.11031,1.73875
"1819",81230,"Sylvicapra grimmia",11.12751,1.53618
"1820",81230,"Sylvicapra grimmia",11.20128,1.51152
"1821",81230,"Sylvicapra grimmia",11.11256,1.16023
"1822",81230,"Sylvicapra grimmia",10.85756,1.1039
"1823",81230,"Sylvicapra grimmia",10.90275,1.12132
"1824",81230,"Sylvicapra grimmia",10.95912,1.18722
"1825",81230,"Sylvicapra grimmia",10.89991,1.38159
"1826",81230,"Sylvicapra grimmia",11.19986,1.51916
"1827",81230,"Sylvicapra grimmia",11.11211,1.17212
"1828",81230,"Sylvicapra grimmia",11.31583,1.6196
"1829",81230,"Sylvicapra grimmia",11.12509,1.51211
"1830",81230,"Sylvicapra grimmia",11.23904,1.1733
"1831",81230,"Sylvicapra grimmia",11.27532,1.16324
"1832",81230,"Sylvicapra grimmia",11.25059,1.55536
"1833",81230,"Sylvicapra grimmia",11.2321,1.28362
"1834",81230,"Sylvicapra grimmia",11.00168,1.08709
"1835",81230,"Sylvicapra grimmia",11.12662,1.23626
"1836",81230,"Sylvicapra grimmia",11.39331,1.77831
"1837",81230,"Sylvicapra grimmia",11.11714,1.13574
"1838",81230,"Sylvicapra grimmia",11.21536,1.53717
"1839",81230,"Sylvicapra grimmia",11.274,1.86158
"1840",81230,"Sylvicapra grimmia",11.23918,1.55911
"1841",81230,"Sylvicapra grimmia",11.33522,1.63172
"1842",81230,"Sylvicapra grimmia",11.36921,1.86021
"1843",81230,"Sylvicapra grimmia",11.10773,1.6672
"1844",81230,"Sylvicapra grimmia",11.31531,1.62172
"1845",81230,"Sylvicapra grimmia",11.22861,1.85617
"1846",81230,"Sylvicapra grimmia",10.95522,1.50779
"1847",81230,"Sylvicapra grimmia",11.37084,1.5969
"1848",81230,"Sylvicapra grimmia",11.21316,1.57771
"1849",81230,"Sylvicapra grimmia",11.19168,1.80151
"1850",81230,"Sylvicapra grimmia",11.21632,1.85582
"1851",81230,"Sylvicapra grimmia",11.03295,1.07274
"1852",81230,"Sylvicapra grimmia",11.07886,1.19513
"1853",81230,"Sylvicapra grimmia",11.10031,1.67212
"1854",81230,"Sylvicapra grimmia",11.03616,1.12756
"1855",81230,"Sylvicapra grimmia",11.05703,1.60112
"1856",81230,"Sylvicapra grimmia",11.3289,1.89056
"1857",81230,"Sylvicapra grimmia",10.93107,1.30621
"1858",81230,"Sylvicapra grimmia",11.2268,1.85888
"1859",81230,"Sylvicapra grimmia",11.08282,1.68176
"1860",81230,"Sylvicapra grimmia",11.12539,1.11669
"1861",81230,"Sylvicapra grimmia",11.03711,1.37852
"1862",81230,"Sylvicapra grimmia",11.20711,1.10211
"1863",81230,"Sylvicapra grimmia",11.35658,1.55163
"1864",81230,"Sylvicapra grimmia",11.38512,1.59653
"1865",81230,"Sylvicapra grimmia",11.16528,1.12612
"1866",81230,"Sylvicapra grimmia",11.23236,1.32892
"1867",81230,"Sylvicapra grimmia",11.11367,1.63118
"1868",81230,"Sylvicapra grimmia",11.06197,1.59369
"1869",81230,"Sylvicapra grimmia",10.96111,1.23113
"1870",81230,"Sylvicapra grimmia",11.21532,1.13302
"1871",81230,"Sylvicapra grimmia",11.17131,1.51582
"1872",81230,"Sylvicapra grimmia",11.3388,1.60301
"1873",81230,"Sylvicapra grimmia",11.38168,1.67191
"1874",81230,"Sylvicapra grimmia",11.02519,1.53693
"1875",81230,"Sylvicapra grimmia",11.37189,1.67388
"1876",81230,"Sylvicapra grimmia",11.16612,1.1261
"1877",81230,"Sylvicapra grimmia",11.35989,1.63111
"1878",81230,"Sylvicapra grimmia",11.35815,1.59719
"1879",81230,"Sylvicapra grimmia",11.09118,1.11853
"1880",81230,"Sylvicapra grimmia",11.16818,1.55268
"1881",81230,"Sylvicapra grimmia",11.19724,1.18803
"1882",81230,"Sylvicapra grimmia",11.22651,1.29761
"1883",81230,"Sylvicapra grimmia",10.91637,1.30127
"1884",81230,"Sylvicapra grimmia",11.26688,1.58126
"1885",81230,"Sylvicapra grimmia",11.37169,1.70212
"1886",81230,"Sylvicapra grimmia",11.13912,1.11714
"1887",81230,"Sylvicapra grimmia",11.35639,1.83113
"1888",81230,"Sylvicapra grimmia",11.05629,1.61968
"1889",81230,"Sylvicapra grimmia",11.23527,1.81117
"1890",81230,"Sylvicapra grimmia",11.11607,1.68706
"1891",81230,"Sylvicapra grimmia",11.11158,1.77561
"1892",81230,"Sylvicapra grimmia",11.01355,1.17591
"1893",81230,"Sylvicapra grimmia",11.31517,1.91967
"1894",81230,"Sylvicapra grimmia",11.1939,1.51553
"1895",81230,"Sylvicapra grimmia",11.10958,1.63116
"1896",81230,"Sylvicapra grimmia",11.201,1.50397
"1897",81230,"Sylvicapra grimmia",11.12121,1.66651
"1898",81230,"Sylvicapra grimmia",11.01162,1.0159
"1899",81230,"Sylvicapra grimmia",10.88122,1.27893
"1900",81230,"Sylvicapra grimmia",11.35932,1.63112
"1901",81230,"Sylvicapra grimmia",11.03534,1.12972
"1902",81230,"Sylvicapra grimmia",11.01323,1.36637
"1903",81230,"Sylvicapra grimmia",11.19322,1.82777
"1904",81230,"Sylvicapra grimmia",11.19963,1.16195
"1905",81230,"Sylvicapra grimmia",11.10178,1.25176
"1906",81230,"Sylvicapra grimmia",11.25998,1.85059
"1907",81230,"Sylvicapra grimmia",11.11587,1.77312
"1908",81230,"Sylvicapra grimmia",11.15853,1.129
"1909",81230,"Sylvicapra grimmia",11.27604,1.87198
"1910",81230,"Sylvicapra grimmia",11.11661,1.75835
"1911",81230,"Sylvicapra grimmia",11.35888,1.57911
"1912",81230,"Sylvicapra grimmia",11.37777,1.91201
"1913",81230,"Sylvicapra grimmia",10.97572,1.36201
"1914",81230,"Sylvicapra grimmia",11.35162,1.90138
"1916",81230,"Sylvicapra grimmia",11.32856,1.56231
"1917",81230,"Sylvicapra grimmia",11.32293,1.60377
"1918",81230,"Sylvicapra grimmia",11.16201,1.18168
"1919",81230,"Sylvicapra grimmia",11.02122,1.16026
"1920",81230,"Sylvicapra grimmia",11.19997,1.79308
"1922",81230,"Sylvicapra grimmia",11.38751,1.81166
"1923",81230,"Sylvicapra grimmia",11.19056,1.78871
"1924",81230,"Sylvicapra grimmia",11.18222,1.7324
"1925",81230,"Sylvicapra grimmia",11.38662,1.78361
"1926",81230,"Sylvicapra grimmia",11.38791,1.81164
"1927",81230,"Sylvicapra grimmia",11.25893,2.339363
"1928",81230,"Sylvicapra grimmia",11.259066,2.373923
"1929",81230,"Sylvicapra grimmia",11.275056,2.187911
"1930",81230,"Sylvicapra grimmia",11.402172,2.301083
"1931",81230,"Sylvicapra grimmia",11.037111,2.35228
"1932",81230,"Sylvicapra grimmia",11.3892,2.191201
"1933",81230,"Sylvicapra grimmia",11.748029,2.622063
"1934",81230,"Sylvicapra grimmia",11.744118,2.571992
"1935",81230,"Sylvicapra grimmia",11.303864,2.327858
"1936",81230,"Sylvicapra grimmia",11.38905,2.193529
"1937",81230,"Sylvicapra grimmia",11.343665,2.183207
"1938",81230,"Sylvicapra grimmia",11.175652,2.902175
"1939",81230,"Sylvicapra grimmia",11.115204,2.752081
"1940",81230,"Sylvicapra grimmia",11.494252,2.992922
"1941",81230,"Sylvicapra grimmia",11.329922,2.20266
"1942",81230,"Sylvicapra grimmia",11.177971,2.920126
"1943",81230,"Sylvicapra grimmia",11.331111,2.255873
"1944",81230,"Sylvicapra grimmia",11.625736,2.268086
"1945",81230,"Sylvicapra grimmia",11.625453,2.251993
"1946",81230,"Sylvicapra grimmia",11.775004,2.585523
"1947",81230,"Sylvicapra grimmia",11.166715,2.205075
"1948",81230,"Sylvicapra grimmia",11.75708,2.570221
"1949",81230,"Sylvicapra grimmia",11.301461,2.958212
"1950",81230,"Sylvicapra grimmia",11.757264,2.572722
"1951",81230,"Sylvicapra grimmia",11.811656,2.769683
"1952",81230,"Sylvicapra grimmia",11.175034,2.821801
"1954",81230,"Sylvicapra grimmia",11.111112,2.221053
"1955",81230,"Sylvicapra grimmia",11.409536,2.266891
"1956",81230,"Sylvicapra grimmia",11.112238,2.23357
"1957",81230,"Sylvicapra grimmia",11.215573,2.137799
"1958",81230,"Sylvicapra grimmia",11.757023,2.527872
"1961",81230,"Sylvicapra grimmia",11.113818,2.253898
"1962",81230,"Sylvicapra grimmia",11.112254,2.236209
"1963",81230,"Sylvicapra grimmia",11.076381,2.328927
"1964",81230,"Sylvicapra grimmia",11.574902,2.092753
"1966",81230,"Sylvicapra grimmia",11.667759,2.261919
"1967",81230,"Sylvicapra grimmia",11.181554,2.099295
"1968",81230,"Sylvicapra grimmia",11.322156,2.988725
"1969",81230,"Sylvicapra grimmia",11.811806,2.729902
"1970",81230,"Sylvicapra grimmia",11.271903,2.188163
"1971",81230,"Sylvicapra grimmia",11.225729,2.79178
"1972",81230,"Sylvicapra grimmia",11.004609,2.326237
"1973",81230,"Sylvicapra grimmia",11.302013,2.926911
"1975",81230,"Sylvicapra grimmia",11.213839,2.187566
"1976",81230,"Sylvicapra grimmia",11.116677,2.806262
"1981",81230,"Sylvicapra grimmia",11.056589,2.138222
"1982",81230,"Sylvicapra grimmia",11.206726,2.022523
"1984",81230,"Sylvicapra grimmia",11.112782,2.762118
"1985",81230,"Sylvicapra grimmia",11.438085,2.023819
"1987",81230,"Sylvicapra grimmia",11.166917,2.188036
"1988",81230,"Sylvicapra grimmia",11.278123,2.225596
"1990",81230,"Sylvicapra grimmia",11.371133,2.090563
"1992",81230,"Sylvicapra grimmia",11.339705,2.108123
"1993",81230,"Sylvicapra grimmia",11.198886,2.29833
"1994",81230,"Sylvicapra grimmia",11.378056,2.287822
"1995",81230,"Sylvicapra grimmia",11.330771,2.123365
"1996",81230,"Sylvicapra grimmia",11.346812,2.107387
"1997",81230,"Sylvicapra grimmia",11.361609,2.107274
"1998",81230,"Sylvicapra grimmia",11.74701,2.279792
"1999",81230,"Sylvicapra grimmia",11.145211,2.255237
"2000",81230,"Sylvicapra grimmia",11.561474,2.598226
"2001",81230,"Sylvicapra grimmia",11.259441,2.282288
"2002",81230,"Sylvicapra grimmia",11.111115,2.762119
"2005",81230,"Sylvicapra grimmia",11.225955,2.33831
"2006",81230,"Sylvicapra grimmia",11.166661,2.205058
"2007",81230,"Sylvicapra grimmia",11.291149,2.279729
"2008",81230,"Sylvicapra grimmia",11.299025,2.229208
"2009",81230,"Sylvicapra grimmia",11.337503,2.107803
"2010",81230,"Sylvicapra grimmia",11.394479,2.211932
"2011",81230,"Sylvicapra grimmia",11.376858,2.322123
"2013",81230,"Sylvicapra grimmia",11.378567,2.392221
"2014",81230,"Sylvicapra grimmia",11.337506,2.108164
"2015",81230,"Sylvicapra grimmia",11.366198,2.198062
"2016",81230,"Sylvicapra grimmia",11.774847,2.521226
"2018",81230,"Sylvicapra grimmia",11.409766,2.200302
"2019",81230,"Sylvicapra grimmia",11.322349,2.020327
"2021",81230,"Sylvicapra grimmia",11.370835,2.090203
"2024",81230,"Sylvicapra grimmia",11.25642,2.168628
"2025",81230,"Sylvicapra grimmia",11.304,2.206321
"2026",81230,"Sylvicapra grimmia",11.344378,2.198293
"2027",81230,"Sylvicapra grimmia",11.144724,2.277127
"2028",81230,"Sylvicapra grimmia",11.189454,2.117133
"2031",81230,"Sylvicapra grimmia",11.360099,2.216585
"2033",81230,"Sylvicapra grimmia",11.18758,2.236275
"2034",81230,"Sylvicapra grimmia",11.366632,2.123981
"2037",81230,"Sylvicapra grimmia",11.399111,2.210372
"2038",81230,"Sylvicapra grimmia",11.33077,2.123228
"2039",81230,"Sylvicapra grimmia",11.692117,2.262104
"2041",81230,"Sylvicapra grimmia",11.288815,2.227397
"2044",81230,"Sylvicapra grimmia",11.403691,2.269622
"2045",81230,"Sylvicapra grimmia",11.426925,2.015223
"2047",81230,"Sylvicapra grimmia",11.111104,2.791257
"2049",81230,"Sylvicapra grimmia",11.379234,2.212779
"2052",81230,"Sylvicapra grimmia",11.200901,2.979823
"2053",81230,"Sylvicapra grimmia",11.198141,2.101131
"2054",81230,"Sylvicapra grimmia",11.076579,2.361223
"2055",81230,"Sylvicapra grimmia",11.278065,2.227858
"2056",81230,"Sylvicapra grimmia",11.113711,2.215659
"2057",81230,"Sylvicapra grimmia",11.112711,2.76523
"2058",81230,"Sylvicapra grimmia",11.182033,1.9314
"2059",81230,"Sylvicapra grimmia",12.17298,2.79832
"2060",81230,"Sylvicapra grimmia",11.51875,2.8739
"2061",81230,"Sylvicapra grimmia",11.61994,2.70824
"2062",81230,"Sylvicapra grimmia",11.410033,2.188417
"2063",81230,"Sylvicapra grimmia",11.608,2.3044
"2064",81230,"Sylvicapra grimmia",11.89766,2.61278
"2065",81230,"Sylvicapra grimmia",11.519617,2.325233
"2066",81230,"Sylvicapra grimmia",11.181933,1.984617
"2067",81230,"Sylvicapra grimmia",11.879972,2.412417
"2068",81230,"Sylvicapra grimmia",12.24378,2.72528
"2069",81230,"Sylvicapra grimmia",12.14548,2.54486
"2070",81230,"Sylvicapra grimmia",11.43912,2.8409
"2071",81230,"Sylvicapra grimmia",11.39237,2.97433
"2072",81230,"Sylvicapra grimmia",11.83696,2.88405
"2073",81230,"Sylvicapra grimmia",11.78282,2.88964
"2074",81230,"Sylvicapra grimmia",12.1071,2.47132
"2075",81230,"Sylvicapra grimmia",12.11473,2.67287
"2076",81230,"Sylvicapra grimmia",11.410083,2.193717
"2077",81230,"Sylvicapra grimmia",12.19833,2.72531
"2078",81230,"Sylvicapra grimmia",12.01727,2.52042
"2079",81230,"Sylvicapra grimmia",11.269222,1.975028
"2080",81230,"Sylvicapra grimmia",11.77235,2.6897
"2081",81230,"Sylvicapra grimmia",11.91066,2.74354
"2082",81230,"Sylvicapra grimmia",11.90926,2.74353
"2083",81230,"Sylvicapra grimmia",12.16151,2.77934
"2084",81230,"Sylvicapra grimmia",11.96738,2.77941
"2085",81230,"Sylvicapra grimmia",11.97489,2.83354
"2086",81230,"Sylvicapra grimmia",11.95093,2.70699
"2087",81230,"Sylvicapra grimmia",11.9478,2.72537
"2088",81230,"Sylvicapra grimmia",11.93925,2.94139
"2089",81230,"Sylvicapra grimmia",11.87745,2.74371
"2090",81230,"Sylvicapra grimmia",11.5,2.2432
"2091",81230,"Sylvicapra grimmia",11.39241,2.20349
"2092",81230,"Sylvicapra grimmia",11.90979,2.81576
"2093",81230,"Sylvicapra grimmia",11.80125,2.501333
"2094",81230,"Sylvicapra grimmia",11.2169,1.986717
"2095",81230,"Sylvicapra grimmia",11.69273,2.90443
"2096",81230,"Sylvicapra grimmia",11.236017,1.992267
"2097",81230,"Sylvicapra grimmia",12.10705,2.48182
"2098",81230,"Sylvicapra grimmia",11.78287,2.80117
"2099",81230,"Sylvicapra grimmia",11.88579,2.78462
"2100",81230,"Sylvicapra grimmia",11.181933,2.081717
"2101",81230,"Sylvicapra grimmia",11.59024,2.92337
"2102",81230,"Sylvicapra grimmia",12.118,2.6904
"2103",81230,"Sylvicapra grimmia",12.24005,2.74367
"2104",81230,"Sylvicapra grimmia",11.46475,2.12806
"2105",81230,"Sylvicapra grimmia",11.96673,2.56423
"2106",81230,"Sylvicapra grimmia",11.733733,2.6897
"2107",81230,"Sylvicapra grimmia",11.91869,2.76167
"2108",81230,"Sylvicapra grimmia",12.05327,2.48651
"2109",81230,"Sylvicapra grimmia",11.44925,2.250389
"2110",81230,"Sylvicapra grimmia",12.03499,2.5549
"2111",81230,"Sylvicapra grimmia",11.65627,2.73777
"2112",81230,"Sylvicapra grimmia",11.889389,2.495861
"2113",81230,"Sylvicapra grimmia",11.886861,2.463778
"2114",81230,"Sylvicapra grimmia",11.59023,2.90464
"2115",81230,"Sylvicapra grimmia",11.98457,2.86989
"2116",81230,"Sylvicapra grimmia",11.78256,2.97235
"2117",81230,"Sylvicapra grimmia",11.78253,2.97253
"2118",81230,"Sylvicapra grimmia",12.10717,2.44915
"2119",81230,"Sylvicapra grimmia",11.96299,2.44102
"2120",81230,"Sylvicapra grimmia",11.81857,2.41709
"2121",81230,"Sylvicapra grimmia",12.03498,2.49311
"2122",81230,"Sylvicapra grimmia",11.644283,2.329983
"2123",81230,"Sylvicapra grimmia",11.6924,2.80155
"2124",81230,"Sylvicapra grimmia",11.87275,2.98553
"2125",81230,"Sylvicapra grimmia",11.644283,2.310583
"2126",81230,"Sylvicapra grimmia",11.888694,2.487333
"2127",81230,"Sylvicapra grimmia",11.94192,2.56423
"2128",81230,"Sylvicapra grimmia",11.199867,2.036767
"2129",81230,"Sylvicapra grimmia",11.72735,2.474717
"2130",81230,"Sylvicapra grimmia",11.885944,2.453306
"2131",81230,"Sylvicapra grimmia",11.410133,2.214217
"2132",81230,"Sylvicapra grimmia",12.02176,2.94226
"2133",81230,"Sylvicapra grimmia",11.59025,2.90176
"2134",81230,"Sylvicapra grimmia",11.85472,2.97954
"2135",81230,"Sylvicapra grimmia",11.66885,2.691033
"2136",81230,"Sylvicapra grimmia",11.46489,2.92634
"2137",81230,"Sylvicapra grimmia",11.181967,1.97085
"2138",81230,"Sylvicapra grimmia",11.92827,2.42258
"2139",81230,"Sylvicapra grimmia",11.606967,2.286383
"2140",81230,"Sylvicapra grimmia",12.06781,2.9993
"2141",81230,"Sylvicapra grimmia",11.181933,2.082167
"2142",81230,"Sylvicapra grimmia",11.1643,1.972733
"2143",81230,"Sylvicapra grimmia",11.708833,2.546633
"2144",81230,"Sylvicapra grimmia",12.07153,2.50083
"2145",81230,"Sylvicapra grimmia",12.1072,2.46896
"2146",81230,"Sylvicapra grimmia",12.15479,2.58164
"2147",81230,"Sylvicapra grimmia",11.71023,2.78625
"2148",81230,"Sylvicapra grimmia",12.00601,2.94226
"2149",81230,"Sylvicapra grimmia",11.69215,2.76235
"2150",81230,"Sylvicapra grimmia",11.68172,2.63631
"2151",81230,"Sylvicapra grimmia",11.697167,2.58135
"2152",81230,"Sylvicapra grimmia",11.428183,2.170483
"2153",81230,"Sylvicapra grimmia",11.6935,2.67243
"2154",81230,"Sylvicapra grimmia",12.09906,2.90051
"2155",81230,"Sylvicapra grimmia",12.06452,2.99915
"2156",81230,"Sylvicapra grimmia",11.58988,2.23845
"2157",81230,"Sylvicapra grimmia",11.62035,2.84825
"2158",81230,"Sylvicapra grimmia",11.80097,2.94604
"2159",81230,"Sylvicapra grimmia",11.672967,2.816867
"2160",81230,"Sylvicapra grimmia",11.93616,2.54623
"2161",81230,"Sylvicapra grimmia",11.725967,2.4378
"2162",81230,"Sylvicapra grimmia",11.674722,2.75225
"2163",81230,"Sylvicapra grimmia",11.269528,1.98975
"2164",81230,"Sylvicapra grimmia",11.61987,2.75979
"2165",81230,"Sylvicapra grimmia",11.554133,2.28425
"2166",81230,"Sylvicapra grimmia",11.72074,2.52974
"2167",81230,"Sylvicapra grimmia",11.654806,2.867389
"2168",81230,"Sylvicapra grimmia",11.674611,2.775444
"2169",81230,"Sylvicapra grimmia",11.720833,2.600528
"2170",81230,"Sylvicapra grimmia",12.09902,2.87618
"2171",81230,"Sylvicapra grimmia",11.61986,2.75231
"2172",81230,"Sylvicapra grimmia",11.72846,2.77888
"2174",81230,"Sylvicapra grimmia",2.175,31.853
"2175",81230,"Sylvicapra grimmia",-24.200627,30.880337
"2176",81230,"Sylvicapra grimmia",-24.201253,30.883427
"2177",81230,"Sylvicapra grimmia",-15.00266,25.946617
"2178",81230,"Sylvicapra grimmia",-24.199374,30.884285
"2180",81230,"Sylvicapra grimmia",-27.042003,32.411041
"2181",81230,"Sylvicapra grimmia",-24.2,30.880337
"2182",81230,"Sylvicapra grimmia",-33.028076,18.108902
"2183",81230,"Sylvicapra grimmia",-27.525551,31.356697
"2184",81230,"Sylvicapra grimmia",-22.477513,17.245917
"2185",81230,"Sylvicapra grimmia",3.733333,29.716694
"2223",81230,"Sylvicapra grimmia",-14.83,32.8
"2226",81230,"Sylvicapra grimmia",-15.7,32.53
"2229",81230,"Sylvicapra grimmia",-20.3,28.93
"2230",81230,"Sylvicapra grimmia",-22.82,33.52
"2231",81230,"Sylvicapra grimmia",-24.198748,30.888062
"2232",81230,"Sylvicapra grimmia",-24.200627,30.889778
