"","taxon_id","taxon_name","decimal_latitude","decimal_longitude"
"1",80281,"Tapirus terrestris",7.169611,-74.352694
"7",80281,"Tapirus terrestris",7.168611,-74.352583
"10",80281,"Tapirus terrestris",7.166722,-74.352444
"11",80281,"Tapirus terrestris",7.152194,-74.349472
"12",80281,"Tapirus terrestris",7.164778,-74.352417
"13",80281,"Tapirus terrestris",7.153556,-74.351056
"15",80281,"Tapirus terrestris",7.112944,-74.361083
"18",80281,"Tapirus terrestris",7.149361,-74.348639
"19",80281,"Tapirus terrestris",3.18,-65.55
"21",80281,"Tapirus terrestris",-22.413339,-52.345508
"22",80281,"Tapirus terrestris",-22.428768,-52.202357
"23",80281,"Tapirus terrestris",-22.470871,-52.235883
"24",80281,"Tapirus terrestris",4.01933,-54.28637
"28",80281,"Tapirus terrestris",4.29654,-52.12639
"29",80281,"Tapirus terrestris",2.30583,-52.84342
"30",80281,"Tapirus terrestris",3.8446,-51.8556
"32",80281,"Tapirus terrestris",3.84429,-52.12576
"33",80281,"Tapirus terrestris",3.66137,-53.20566
"34",80281,"Tapirus terrestris",4.11576,-52.03605
"35",80281,"Tapirus terrestris",3.66114,-53.29564
"37",80281,"Tapirus terrestris",4.02426,-52.66637
"38",80281,"Tapirus terrestris",5.01942,-52.48829
"41",80281,"Tapirus terrestris",3.75405,-51.94556
"43",80281,"Tapirus terrestris",4.11229,-53.56691
"45",80281,"Tapirus terrestris",5.46792,-53.57197
"55",80281,"Tapirus terrestris",2.21529,-52.93319
"61",80281,"Tapirus terrestris",3.93515,-51.76562
"64",80281,"Tapirus terrestris",5.19983,-52.66911
"65",80281,"Tapirus terrestris",4.20427,-53.02699
"69",80281,"Tapirus terrestris",4.65705,-52.75788
"71",80281,"Tapirus terrestris",2.93738,-53.56369
"72",80281,"Tapirus terrestris",4.74459,-53.65917
"73",80281,"Tapirus terrestris",3.02873,-53.11431
"78",80281,"Tapirus terrestris",4.02531,-52.03593
"79",80281,"Tapirus terrestris",5.10865,-52.93941
"81",80281,"Tapirus terrestris",5.01962,-52.39811
"82",80281,"Tapirus terrestris",4.02444,-52.57632
"83",80281,"Tapirus terrestris",2.936,-54.10293
"84",80281,"Tapirus terrestris",3.30147,-52.2151
"85",80281,"Tapirus terrestris",3.02952,-52.6646
"86",80281,"Tapirus terrestris",3.39125,-52.66519
"87",80281,"Tapirus terrestris",2.57586,-53.56291
"88",80281,"Tapirus terrestris",4.83854,-52.48789
"90",80281,"Tapirus terrestris",3.02634,-54.10318
"91",80281,"Tapirus terrestris",3.57118,-53.11546
"92",80281,"Tapirus terrestris",3.02608,-54.19304
"93",80281,"Tapirus terrestris",4.38699,-52.12652
"94",80281,"Tapirus terrestris",2.93922,-52.57451
"95",80281,"Tapirus terrestris",2.39397,-54.10157
"96",80281,"Tapirus terrestris",3.47831,-54.01466
"97",80281,"Tapirus terrestris",3.57282,-52.21544
"98",80281,"Tapirus terrestris",3.21079,-52.39496
"99",80281,"Tapirus terrestris",4.56759,-52.30706
"100",80281,"Tapirus terrestris",2.8459,-54.01284
"101",80281,"Tapirus terrestris",3.1198,-52.7547
"102",80281,"Tapirus terrestris",4.29699,-51.76596
"103",80281,"Tapirus terrestris",3.48237,-52.21532
"104",80281,"Tapirus terrestris",3.57269,-52.30546
"105",80281,"Tapirus terrestris",2.93695,-53.74346
"107",80281,"Tapirus terrestris",4.02461,-52.48626
"108",80281,"Tapirus terrestris",3.12009,-52.57478
"109",80281,"Tapirus terrestris",3.56895,-53.92503
"111",80281,"Tapirus terrestris",5.4667,-53.84249
"112",80281,"Tapirus terrestris",3.93486,-52.03582
"113",80281,"Tapirus terrestris",2.39572,-53.2031
"114",80281,"Tapirus terrestris",4.56616,-52.93787
"115",80281,"Tapirus terrestris",4.74847,-52.3074
"116",80281,"Tapirus terrestris",5.37716,-53.66176
"117",80281,"Tapirus terrestris",4.20622,-52.03617
"118",80281,"Tapirus terrestris",3.39016,-53.20502
"119",80281,"Tapirus terrestris",3.57097,-53.20544
"120",80281,"Tapirus terrestris",4.20644,-51.85597
"121",80281,"Tapirus terrestris",4.92782,-52.93888
"122",80281,"Tapirus terrestris",3.75199,-53.11589
"123",80281,"Tapirus terrestris",5.2847,-54.11203
"124",80281,"Tapirus terrestris",2.39475,-53.74226
"125",80281,"Tapirus terrestris",2.48703,-52.57393
"126",80281,"Tapirus terrestris",5.28754,-53.48105
"127",80281,"Tapirus terrestris",4.65455,-53.56876
"128",80281,"Tapirus terrestris",3.66338,-52.12553
"129",80281,"Tapirus terrestris",2.39649,-52.66373
"130",80281,"Tapirus terrestris",4.02542,-51.94586
"131",80281,"Tapirus terrestris",4.56724,-52.48731
"132",80281,"Tapirus terrestris",3.65869,-54.10517
"133",80281,"Tapirus terrestris",3.84373,-52.48594
"135",80281,"Tapirus terrestris",5.37897,-53.21086
"136",80281,"Tapirus terrestris",2.39587,-53.11321
"137",80281,"Tapirus terrestris",3.48056,-53.20522
"138",80281,"Tapirus terrestris",5.46627,-53.93265
"139",80281,"Tapirus terrestris",3.29735,-54.10399
"140",80281,"Tapirus terrestris",3.75154,-53.29587
"141",80281,"Tapirus terrestris",4.29491,-52.93716
"142",80281,"Tapirus terrestris",3.93383,-52.66619
"143",80281,"Tapirus terrestris",4.83714,-53.02875
"144",80281,"Tapirus terrestris",2.57747,-52.57404
"145",80281,"Tapirus terrestris",3.21007,-52.84481
"146",80281,"Tapirus terrestris",2.84878,-52.57439
"148",80281,"Tapirus terrestris",3.29866,-53.65448
"149",80281,"Tapirus terrestris",2.3042,-53.83192
"150",80281,"Tapirus terrestris",3.38852,-53.83457
"151",80281,"Tapirus terrestris",3.83936,-54.10581
"152",80281,"Tapirus terrestris",5.0192,-52.57847
"153",80281,"Tapirus terrestris",4.56789,-52.1268
"154",80281,"Tapirus terrestris",5.2879,-53.39089
"155",80281,"Tapirus terrestris",4.65767,-52.4875
"156",80281,"Tapirus terrestris",5.01874,-52.75882
"157",80281,"Tapirus terrestris",3.75221,-53.02589
"158",80281,"Tapirus terrestris",3.21053,-52.57491
"159",80281,"Tapirus terrestris",4.56039,-54.46868
"160",80281,"Tapirus terrestris",3.83903,-54.19574
"161",80281,"Tapirus terrestris",3.12035,-52.39484
"162",80281,"Tapirus terrestris",3.12022,-52.48481
"163",80281,"Tapirus terrestris",5.19906,-52.93969
"164",80281,"Tapirus terrestris",4.83892,-52.30757
"165",80281,"Tapirus terrestris",5.37828,-53.39124
"166",80281,"Tapirus terrestris",5.01823,-52.93914
"167",80281,"Tapirus terrestris",2.8489,-52.48444
"168",80281,"Tapirus terrestris",4.1145,-52.75661
"169",80281,"Tapirus terrestris",4.20565,-52.39652
"170",80281,"Tapirus terrestris",4.02321,-53.11656
"171",80281,"Tapirus terrestris",5.19933,-52.8495
"172",80281,"Tapirus terrestris",5.55661,-53.9331
"173",80281,"Tapirus terrestris",3.11965,-52.84465
"174",80281,"Tapirus terrestris",3.11995,-52.66474
"175",80281,"Tapirus terrestris",4.65657,-52.93811
"176",80281,"Tapirus terrestris",4.47698,-52.39702
"177",80281,"Tapirus terrestris",5.28824,-53.30071
"178",80281,"Tapirus terrestris",3.7513,-53.38585
"179",80281,"Tapirus terrestris",3.75105,-53.47583
"180",80281,"Tapirus terrestris",4.20653,-51.76587
"181",80281,"Tapirus terrestris",3.20955,-53.11468
"182",80281,"Tapirus terrestris",5.19959,-52.75931
"183",80281,"Tapirus terrestris",5.28558,-53.93179
"184",80281,"Tapirus terrestris",4.38533,-52.93739
"185",80281,"Tapirus terrestris",3.74934,-54.01556
"186",80281,"Tapirus terrestris",2.30595,-52.75353
"187",80281,"Tapirus terrestris",5.28857,-53.21053
"188",80281,"Tapirus terrestris",3.75279,-52.75586
"189",80281,"Tapirus terrestris",3.84322,-52.75604
"190",80281,"Tapirus terrestris",5.55748,-53.75274
"192",80281,"Tapirus terrestris",4.56775,-52.21693
"193",80281,"Tapirus terrestris",4.65549,-53.29852
"194",80281,"Tapirus terrestris",3.93496,-51.94576
"195",80281,"Tapirus terrestris",2.48692,-52.66385
"196",80281,"Tapirus terrestris",4.2964,-52.21649
"197",80281,"Tapirus terrestris",4.56509,-53.29823
"198",80281,"Tapirus terrestris",2.48613,-53.20324
"199",80281,"Tapirus terrestris",4.74558,-53.38891
"200",80281,"Tapirus terrestris",4.47758,-52.03654
"201",80281,"Tapirus terrestris",3.75358,-52.30572
"202",80281,"Tapirus terrestris",2.75834,-52.57427
"203",80281,"Tapirus terrestris",2.84679,-53.65337
"204",80281,"Tapirus terrestris",3.29816,-53.83431
"205",80281,"Tapirus terrestris",4.11564,-52.12613
"206",80281,"Tapirus terrestris",2.2125,-54.46032
"207",80281,"Tapirus terrestris",4.20661,-51.67577
"208",80281,"Tapirus terrestris",4.56742,-52.39719
"209",80281,"Tapirus terrestris",2.48452,-54.01196
"210",80281,"Tapirus terrestris",2.3028,-54.46054
"211",80281,"Tapirus terrestris",3.93417,-52.4861
"212",80281,"Tapirus terrestris",3.21066,-52.48494
"213",80281,"Tapirus terrestris",3.38878,-53.74465
"214",80281,"Tapirus terrestris",4.65315,-53.92899
"215",80281,"Tapirus terrestris",3.38825,-53.92448
"216",80281,"Tapirus terrestris",5.47,-53.03076
"217",80281,"Tapirus terrestris",2.30323,-54.28097
"219",80281,"Tapirus terrestris",4.11469,-52.66656
"220",80281,"Tapirus terrestris",2.21271,-54.37055
"221",80281,"Tapirus terrestris",5.19751,-53.39054
"222",80281,"Tapirus terrestris",3.93433,-52.39605
"223",80281,"Tapirus terrestris",3.02659,-54.01332
"224",80281,"Tapirus terrestris",4.02506,-52.21607
"225",80281,"Tapirus terrestris",4.74811,-52.48769
"226",80281,"Tapirus terrestris",2.48388,-54.2814
"227",80281,"Tapirus terrestris",3.48012,-53.38514
"229",80281,"Tapirus terrestris",5.28947,-52.93997
"230",80281,"Tapirus terrestris",3.30014,-53.02491
"231",80281,"Tapirus terrestris",5.10837,-53.02958
"232",80281,"Tapirus terrestris",5.5583,-53.57236
"233",80281,"Tapirus terrestris",5.37959,-53.03046
"235",80281,"Tapirus terrestris",5.10891,-52.84924
"236",80281,"Tapirus terrestris",3.92901,-54.28601
"237",80281,"Tapirus terrestris",3.11668,-54.10344
"238",80281,"Tapirus terrestris",2.93946,-52.39461
"239",80281,"Tapirus terrestris",3.57052,-53.38537
"241",80281,"Tapirus terrestris",4.83874,-52.39773
"242",80281,"Tapirus terrestris",5.37548,-54.02236
"243",80281,"Tapirus terrestris",5.64826,-53.66297
"244",80281,"Tapirus terrestris",2.21517,-53.02307
"245",80281,"Tapirus terrestris",2.57487,-54.01216
"246",80281,"Tapirus terrestris",4.11362,-53.1168
"248",80281,"Tapirus terrestris",5.55868,-53.48216
"249",80281,"Tapirus terrestris",4.92877,-52.57826
"250",80281,"Tapirus terrestris",3.21091,-52.30498
"251",80281,"Tapirus terrestris",3.93506,-51.85569
"252",80281,"Tapirus terrestris",4.4773,-52.21678
"253",80281,"Tapirus terrestris",4.47598,-52.84754
"254",80281,"Tapirus terrestris",3.20673,-54.19358
"255",80281,"Tapirus terrestris",3.65959,-53.83539
"256",80281,"Tapirus terrestris",4.5648,-53.3883
"257",80281,"Tapirus terrestris",3.29996,-53.11486
"258",80281,"Tapirus terrestris",3.57138,-53.02548
"259",80281,"Tapirus terrestris",4.74349,-53.92937
"260",80281,"Tapirus terrestris",3.2979,-53.92421
"263",80281,"Tapirus terrestris",-12.88,-69.28
"264",80281,"Tapirus terrestris",-0.673915,-76.39731
"265",80281,"Tapirus terrestris",-2.988397,-75.513704
"266",80281,"Tapirus terrestris",-3.168019,-75.241444
"267",80281,"Tapirus terrestris",-0.658869,-74.560568
"268",80281,"Tapirus terrestris",-2.706211,-72.594771
"269",80281,"Tapirus terrestris",-2.503687,-73.21167
"270",80281,"Tapirus terrestris",-1.94397,-73.231092
"271",80281,"Tapirus terrestris",-3.821655,-72.512029
"272",80281,"Tapirus terrestris",-16.506704,-56.765739
"273",80281,"Tapirus terrestris",-16.792444,-56.87317
"274",80281,"Tapirus terrestris",3.3,-58.75
"275",80281,"Tapirus terrestris",2.83333,-59.08242
"276",80281,"Tapirus terrestris",2.83333,-59.22717
"277",80281,"Tapirus terrestris",2.83333,-59.29954
"278",80281,"Tapirus terrestris",-12.468909,-71.022638
"279",80281,"Tapirus terrestris",-12.834739,-69.263595
"282",80281,"Tapirus terrestris",6.82,-63.48
"283",80281,"Tapirus terrestris",5.4,-67.65
"284",80281,"Tapirus terrestris",-16.763148,-56.873537
"285",80281,"Tapirus terrestris",-14.716191,-60.954967
"286",80281,"Tapirus terrestris",-14.528767,-60.850918
"287",80281,"Tapirus terrestris",-12.478735,-70.010664
"289",80281,"Tapirus terrestris",3.72,-65.7
"290",80281,"Tapirus terrestris",-0.66712,-76.272919
"292",80281,"Tapirus terrestris",3.65,-65.77
"294",80281,"Tapirus terrestris",-14.126447,-47.744366
"295",80281,"Tapirus terrestris",2.62,-66.32
"296",80281,"Tapirus terrestris",-22.530035,-59.67416
"297",80281,"Tapirus terrestris",-25.863873,-58.689275
"298",80281,"Tapirus terrestris",-25.749432,-54.308924
"299",80281,"Tapirus terrestris",-25.034954,-58.052801
"300",80281,"Tapirus terrestris",-24.277553,-60.217462
"301",80281,"Tapirus terrestris",7.18,-62.37
"302",80281,"Tapirus terrestris",4.55,-61.42
"305",80281,"Tapirus terrestris",2.5,-65.22
"306",80281,"Tapirus terrestris",-0.463284,-76.345894
"307",80281,"Tapirus terrestris",-20.622861,-59.982492
"308",80281,"Tapirus terrestris",-22.544679,-59.608557
"309",80281,"Tapirus terrestris",-9.498573,-55.892318
"310",80281,"Tapirus terrestris",3.849704,-67.839475
"311",80281,"Tapirus terrestris",-18.090301,-53.119947
"312",80281,"Tapirus terrestris",-19.486091,-56.155801
"313",80281,"Tapirus terrestris",-19.42621,-56.318739
"314",80281,"Tapirus terrestris",-19.565266,-56.210501
"315",80281,"Tapirus terrestris",-0.784193,-76.316951
"316",80281,"Tapirus terrestris",-12.422494,-70.172376
"317",80281,"Tapirus terrestris",4.38685,-52.21664
"320",80281,"Tapirus terrestris",4.29625,-52.30659
"324",80281,"Tapirus terrestris",4.83384,-53.92975
"325",80281,"Tapirus terrestris",4.92496,-53.74997
"328",80281,"Tapirus terrestris",4.47051,-54.37827
"329",80281,"Tapirus terrestris",3.57075,-53.29541
"331",80281,"Tapirus terrestris",2.30532,-53.20295
"332",80281,"Tapirus terrestris",3.92936,-54.19608
"337",80281,"Tapirus terrestris",5.01898,-52.66865
"339",80281,"Tapirus terrestris",2.21291,-54.28077
"341",80281,"Tapirus terrestris",3.0289,-53.02438
"342",80281,"Tapirus terrestris",4.83262,-54.19992
"346",80281,"Tapirus terrestris",3.20895,-53.38449
"347",80281,"Tapirus terrestris",5.10568,-53.75073
"350",80281,"Tapirus terrestris",5.55705,-53.84292
"352",80281,"Tapirus terrestris",5.29001,-52.75956
"353",80281,"Tapirus terrestris",4.3867,-52.30674
"356",80281,"Tapirus terrestris",4.351985,-58.966751
"357",80281,"Tapirus terrestris",-10.133,-71.217
"358",80281,"Tapirus terrestris",-23.51384,-64.65427
"359",80281,"Tapirus terrestris",-26.80456,-59.61539
"360",80281,"Tapirus terrestris",-25.66906,-54.4988
"361",80281,"Tapirus terrestris",-25.67896,-54.45537
"362",80281,"Tapirus terrestris",-25.70314,-54.4329
"363",80281,"Tapirus terrestris",-25.70293,-54.42457
"364",80281,"Tapirus terrestris",-25.6902,-54.41499
"365",80281,"Tapirus terrestris",-25.68773,-54.45148
"366",80281,"Tapirus terrestris",-25.70281,-54.44197
"367",80281,"Tapirus terrestris",-25.7041,-54.43789
"368",80281,"Tapirus terrestris",-25.68703,-54.45582
"369",80281,"Tapirus terrestris",-25.68199,-54.44896
"370",80281,"Tapirus terrestris",-25.6775,-54.45153
"371",80281,"Tapirus terrestris",-25.70209,-54.44342
"372",80281,"Tapirus terrestris",-25.70261,-54.43531
"373",80281,"Tapirus terrestris",-25.68041,-54.45205
"374",80281,"Tapirus terrestris",-25.68746,-54.45149
"375",80281,"Tapirus terrestris",-25.68553,-54.41504
"376",80281,"Tapirus terrestris",-25.68921,-54.36283
"377",80281,"Tapirus terrestris",-25.65425,-54.27139
"378",80281,"Tapirus terrestris",-25.68565,-54.41335
"382",80281,"Tapirus terrestris",-25.70269,-54.42445
"383",80281,"Tapirus terrestris",-25.70223,-54.42011
"384",80281,"Tapirus terrestris",-25.62478,-54.38405
"385",80281,"Tapirus terrestris",-25.65252,-54.40194
"386",80281,"Tapirus terrestris",-25.74332,-54.44838
"387",80281,"Tapirus terrestris",-25.69813,-54.4166
"388",80281,"Tapirus terrestris",-25.68951,-54.41477
"389",80281,"Tapirus terrestris",-25.70311,-54.42466
"391",80281,"Tapirus terrestris",-25.70448,-54.44058
"392",80281,"Tapirus terrestris",-25.70818,-54.4418
"393",80281,"Tapirus terrestris",-25.70932,-54.44183
"395",80281,"Tapirus terrestris",-25.7034,-54.43146
"397",80281,"Tapirus terrestris",-25.70476,-54.49308
"398",80281,"Tapirus terrestris",-25.55814,-54.29326
"399",80281,"Tapirus terrestris",-25.69141,-54.48111
"400",80281,"Tapirus terrestris",-25.67318,-54.2642
"401",80281,"Tapirus terrestris",-25.6734,-54.27101
"402",80281,"Tapirus terrestris",-25.72156,-54.42719
"403",80281,"Tapirus terrestris",-25.70109,-54.34725
"404",80281,"Tapirus terrestris",-25.7237,-54.40493
"405",80281,"Tapirus terrestris",-25.69665,-54.33491
"406",80281,"Tapirus terrestris",-25.71176,-54.4628
"407",80281,"Tapirus terrestris",-25.71343,-54.46199
"408",80281,"Tapirus terrestris",-25.69016,-54.45895
"409",80281,"Tapirus terrestris",-25.73152,-54.44558
"410",80281,"Tapirus terrestris",-25.70637,-54.44141
"411",80281,"Tapirus terrestris",-25.66061,-54.50073
"412",80281,"Tapirus terrestris",-25.7144,-54.44128
"413",80281,"Tapirus terrestris",-25.74002,-54.44762
"415",80281,"Tapirus terrestris",-25.68588,-54.3121
"416",80281,"Tapirus terrestris",-25.67276,-54.2969
"418",80281,"Tapirus terrestris",-25.72308,-54.4089
"419",80281,"Tapirus terrestris",-25.68677,-54.31222
"420",80281,"Tapirus terrestris",-25.67337,-54.27101
"421",80281,"Tapirus terrestris",-25.71542,-54.44075
"422",80281,"Tapirus terrestris",-25.67377,-54.41819
"423",80281,"Tapirus terrestris",-25.65308,-54.51349
"424",80281,"Tapirus terrestris",-25.57177,-54.15803
"425",80281,"Tapirus terrestris",-25.70433,-54.44183
"426",80281,"Tapirus terrestris",-25.69543,-54.46765
"427",80281,"Tapirus terrestris",-25.69557,-54.41564
"428",80281,"Tapirus terrestris",-25.69973,-54.41751
"429",80281,"Tapirus terrestris",-25.67499,-54.42122
"430",80281,"Tapirus terrestris",-25.6728,-54.27076
"431",80281,"Tapirus terrestris",-25.682,-54.17065
"432",80281,"Tapirus terrestris",-25.68001,-54.22077
"433",80281,"Tapirus terrestris",-25.71493,-54.45196
"436",80281,"Tapirus terrestris",-25.71325,-54.39666
"437",80281,"Tapirus terrestris",-25.69549,-54.21779
"438",80281,"Tapirus terrestris",-25.69796,-54.21961
"439",80281,"Tapirus terrestris",-25.70877,-54.22585
"440",80281,"Tapirus terrestris",-25.70761,-54.23362
"441",80281,"Tapirus terrestris",-25.70757,-54.23413
"442",80281,"Tapirus terrestris",-25.70741,-54.23453
"443",80281,"Tapirus terrestris",-25.70702,-54.23497
"444",80281,"Tapirus terrestris",-25.70748,-54.23649
"445",80281,"Tapirus terrestris",-25.70761,-54.23678
"446",80281,"Tapirus terrestris",-25.70747,-54.2374
"447",80281,"Tapirus terrestris",-25.70749,-54.23743
"448",80281,"Tapirus terrestris",-25.70741,-54.23747
"449",80281,"Tapirus terrestris",-25.70737,-54.23757
"450",80281,"Tapirus terrestris",-25.70581,-54.23792
"451",80281,"Tapirus terrestris",-25.70505,-54.23831
"452",80281,"Tapirus terrestris",-25.70498,-54.23841
"453",80281,"Tapirus terrestris",-25.70411,-54.23883
"454",80281,"Tapirus terrestris",-25.70381,-54.23893
"455",80281,"Tapirus terrestris",-25.70393,-54.23933
"456",80281,"Tapirus terrestris",-25.70333,-54.23923
"457",80281,"Tapirus terrestris",-25.70126,-54.24169
"458",80281,"Tapirus terrestris",-25.7002,-54.24228
"459",80281,"Tapirus terrestris",-25.6999,-54.24279
"460",80281,"Tapirus terrestris",-25.69966,-54.2429
"461",80281,"Tapirus terrestris",-25.69894,-54.24355
"462",80281,"Tapirus terrestris",-25.6721,-54.24538
"463",80281,"Tapirus terrestris",-25.67287,-54.25414
"464",80281,"Tapirus terrestris",-25.67326,-54.25654
"465",80281,"Tapirus terrestris",-25.67322,-54.25657
"466",80281,"Tapirus terrestris",-25.67327,-54.25664
"467",80281,"Tapirus terrestris",-25.67323,-54.26882
"468",80281,"Tapirus terrestris",-25.67334,-54.27035
"469",80281,"Tapirus terrestris",-25.67347,-54.27154
"470",80281,"Tapirus terrestris",-25.67383,-54.27651
"471",80281,"Tapirus terrestris",-25.67417,-54.28145
"472",80281,"Tapirus terrestris",-25.67353,-54.30011
"473",80281,"Tapirus terrestris",-25.67487,-54.30379
"474",80281,"Tapirus terrestris",-25.68295,-54.31155
"475",80281,"Tapirus terrestris",-25.68501,-54.31183
"476",80281,"Tapirus terrestris",-25.69954,-54.21919
"477",80281,"Tapirus terrestris",-25.70005,-54.47422
"478",80281,"Tapirus terrestris",-25.08973,-58.00476
"479",80281,"Tapirus terrestris",-24.96167,-58.28008
"480",80281,"Tapirus terrestris",-25.1347,-58.11976
"481",80281,"Tapirus terrestris",-25.12231,-57.9672
"483",80281,"Tapirus terrestris",-25.02949,-58.14924
"484",80281,"Tapirus terrestris",-25.13047,-58.08619
"486",80281,"Tapirus terrestris",-25.00927,-58.09514
"489",80281,"Tapirus terrestris",-25.00673,-58.18776
"490",80281,"Tapirus terrestris",-25.11942,-58.16103
"491",80281,"Tapirus terrestris",-25.03572,-58.17028
"492",80281,"Tapirus terrestris",-24.98733,-58.31249
"493",80281,"Tapirus terrestris",-24.9945,-58.31231
"496",80281,"Tapirus terrestris",-22.290278,-49.549722
"497",80281,"Tapirus terrestris",5.59818,-68.60045
"499",80281,"Tapirus terrestris",5.60531,-68.60195
"515",80281,"Tapirus terrestris",5.59737,-68.56256
"523",80281,"Tapirus terrestris",5.60711,-68.54135
"528",80281,"Tapirus terrestris",5.6254,-68.49163
"529",80281,"Tapirus terrestris",5.59546,-68.49688
"531",80281,"Tapirus terrestris",5.61044,-68.46509
"532",80281,"Tapirus terrestris",5.56847,-68.47611
"533",80281,"Tapirus terrestris",5.59259,-68.44737
"534",80281,"Tapirus terrestris",5.57257,-68.45916
"535",80281,"Tapirus terrestris",5.57441,-68.47934
"539",80281,"Tapirus terrestris",5.53916,-68.43658
"547",80281,"Tapirus terrestris",5.57659,-68.48576
"551",80281,"Tapirus terrestris",5.575225,-68.466863
"552",80281,"Tapirus terrestris",5.551506,-68.468368
"553",80281,"Tapirus terrestris",5.609586,-68.5909
"554",80281,"Tapirus terrestris",-3.7,-77.349998
"555",80281,"Tapirus terrestris",3.75,-56.5
"556",80281,"Tapirus terrestris",-4,-77.333336
"557",80281,"Tapirus terrestris",-0.260556,-75.883331
"558",80281,"Tapirus terrestris",-0.565461,-59.967354
"559",80281,"Tapirus terrestris",-19.620048,-56.408156
"560",80281,"Tapirus terrestris",-15.915129,-52.383703
"561",80281,"Tapirus terrestris",-23.754654,-64.636255
"562",80281,"Tapirus terrestris",-1.163922,-76.604797
"563",80281,"Tapirus terrestris",-19.821879,-56.247326
"564",80281,"Tapirus terrestris",-12.200984,-70.761852
"565",80281,"Tapirus terrestris",-15.938613,-47.943098
"566",80281,"Tapirus terrestris",-12.975888,-71.493665
"567",80281,"Tapirus terrestris",-24.654713,-64.674354
"568",80281,"Tapirus terrestris",-4.386075,-73.562237
"569",80281,"Tapirus terrestris",-13.111029,-53.170995
"570",80281,"Tapirus terrestris",0.868137,-76.952738
"571",80281,"Tapirus terrestris",-0.316667,-76.416664
"572",80281,"Tapirus terrestris",-0.55,-75.48333
"573",80281,"Tapirus terrestris",-4.45,-71.783333
"574",80281,"Tapirus terrestris",7.85,-76.283333
"575",80281,"Tapirus terrestris",-13.25,-70.583336
"577",80281,"Tapirus terrestris",6.1303,-63.88628
"578",80281,"Tapirus terrestris",6.71205,-70.198633
"579",80281,"Tapirus terrestris",6.667,-70.496717
"580",80281,"Tapirus terrestris",8.61605,-76.87381
"581",80281,"Tapirus terrestris",8.61587,-76.87363
"583",80281,"Tapirus terrestris",8.61611,-76.87444
"588",80281,"Tapirus terrestris",-3.482644,-73.101415
"589",80281,"Tapirus terrestris",5.934317,-71.457083
"590",80281,"Tapirus terrestris",-22.1,-58.60352
"591",80281,"Tapirus terrestris",-19.75,-61.2
"592",80281,"Tapirus terrestris",-20,-60.1
"593",80281,"Tapirus terrestris",-22.4334,-64.72978
"594",80281,"Tapirus terrestris",-26.8037,-59.61567
"595",80281,"Tapirus terrestris",-26.84662,-59.60834
"597",80281,"Tapirus terrestris",-25.68161,-54.45135
"598",80281,"Tapirus terrestris",-25.69198,-54.48267
"599",80281,"Tapirus terrestris",-25.74656,-54.42928
"601",80281,"Tapirus terrestris",-25.74651,-54.42918
"603",80281,"Tapirus terrestris",-25.74649,-54.42936
"605",80281,"Tapirus terrestris",-25.74485,-54.42842
"609",80281,"Tapirus terrestris",-25.74429,-54.42847
"613",80281,"Tapirus terrestris",-25.74394,-54.42813
"615",80281,"Tapirus terrestris",-25.74354,-54.42802
"619",80281,"Tapirus terrestris",-25.74341,-54.42814
"621",80281,"Tapirus terrestris",-25.74325,-54.428
"623",80281,"Tapirus terrestris",-25.74171,-54.42887
"631",80281,"Tapirus terrestris",-25.74169,-54.42885
"633",80281,"Tapirus terrestris",-25.74158,-54.42886
"635",80281,"Tapirus terrestris",-25.74155,-54.42885
"637",80281,"Tapirus terrestris",-25.74137,-54.42884
"639",80281,"Tapirus terrestris",-25.74119,-54.42885
"641",80281,"Tapirus terrestris",-25.74116,-54.42891
"643",80281,"Tapirus terrestris",-25.74113,-54.42885
"645",80281,"Tapirus terrestris",-25.74082,-54.42896
"647",80281,"Tapirus terrestris",-25.74066,-54.42873
"649",80281,"Tapirus terrestris",-25.74039,-54.42872
"651",80281,"Tapirus terrestris",-25.74039,-54.42871
"653",80281,"Tapirus terrestris",-25.73995,-54.42873
"655",80281,"Tapirus terrestris",-25.73988,-54.42886
"657",80281,"Tapirus terrestris",-25.73927,-54.42894
"659",80281,"Tapirus terrestris",-25.73927,-54.42876
"661",80281,"Tapirus terrestris",-25.73918,-54.42896
"663",80281,"Tapirus terrestris",-25.7388,-54.42903
"665",80281,"Tapirus terrestris",-25.73876,-54.42957
"667",80281,"Tapirus terrestris",-25.73852,-54.42905
"669",80281,"Tapirus terrestris",-25.73821,-54.42902
"671",80281,"Tapirus terrestris",-25.73804,-54.42909
"673",80281,"Tapirus terrestris",-25.73803,-54.42906
"675",80281,"Tapirus terrestris",-25.7375,-54.4287
"677",80281,"Tapirus terrestris",-25.73737,-54.42926
"679",80281,"Tapirus terrestris",-25.737,-54.42891
"681",80281,"Tapirus terrestris",-25.73689,-54.42904
"683",80281,"Tapirus terrestris",-25.73688,-54.4291
"685",80281,"Tapirus terrestris",-25.73677,-54.42902
"687",80281,"Tapirus terrestris",-25.73656,-54.42908
"689",80281,"Tapirus terrestris",-25.73629,-54.42918
"691",80281,"Tapirus terrestris",-25.73627,-54.42905
"692",80281,"Tapirus terrestris",-25.67654,-54.4526
"694",80281,"Tapirus terrestris",-25.73625,-54.42924
"696",80281,"Tapirus terrestris",-25.73624,-54.42936
"698",80281,"Tapirus terrestris",-25.7362,-54.4289
"700",80281,"Tapirus terrestris",-25.73592,-54.42913
"702",80281,"Tapirus terrestris",-25.73573,-54.42893
"704",80281,"Tapirus terrestris",-25.73549,-54.42862
"706",80281,"Tapirus terrestris",-25.73546,-54.42863
"708",80281,"Tapirus terrestris",-25.73541,-54.42876
"710",80281,"Tapirus terrestris",-25.73533,-54.42866
"712",80281,"Tapirus terrestris",-25.73526,-54.42881
"713",80281,"Tapirus terrestris",-25.67668,-54.42157
"715",80281,"Tapirus terrestris",-25.7352,-54.42891
"717",80281,"Tapirus terrestris",-25.73508,-54.42893
"719",80281,"Tapirus terrestris",-25.73485,-54.42866
"721",80281,"Tapirus terrestris",-25.73475,-54.42856
"723",80281,"Tapirus terrestris",-25.73444,-54.42871
"725",80281,"Tapirus terrestris",-25.73431,-54.4285
"727",80281,"Tapirus terrestris",-25.73421,-54.42844
"729",80281,"Tapirus terrestris",-25.73413,-54.42821
"731",80281,"Tapirus terrestris",-25.73357,-54.42859
"733",80281,"Tapirus terrestris",-25.73351,-54.42862
"735",80281,"Tapirus terrestris",-25.73291,-54.42876
"737",80281,"Tapirus terrestris",-25.73252,-54.42902
"739",80281,"Tapirus terrestris",-25.73185,-54.42939
"741",80281,"Tapirus terrestris",-25.73159,-54.42935
"743",80281,"Tapirus terrestris",-25.73038,-54.42895
"745",80281,"Tapirus terrestris",-25.72816,-54.42908
"747",80281,"Tapirus terrestris",-25.72808,-54.42906
"749",80281,"Tapirus terrestris",-25.72789,-54.42882
"751",80281,"Tapirus terrestris",-25.72775,-54.4288
"753",80281,"Tapirus terrestris",-25.72764,-54.42927
"755",80281,"Tapirus terrestris",-25.72762,-54.42883
"757",80281,"Tapirus terrestris",-25.72749,-54.42905
"759",80281,"Tapirus terrestris",-25.72701,-54.42902
"761",80281,"Tapirus terrestris",-25.72697,-54.42961
"763",80281,"Tapirus terrestris",-25.72618,-54.42933
"765",80281,"Tapirus terrestris",-25.72613,-54.4293
"767",80281,"Tapirus terrestris",-25.7251,-54.42959
"769",80281,"Tapirus terrestris",-25.72494,-54.42928
"771",80281,"Tapirus terrestris",-25.72489,-54.42934
"773",80281,"Tapirus terrestris",-25.72375,-54.42869
"775",80281,"Tapirus terrestris",-25.72365,-54.42891
"777",80281,"Tapirus terrestris",-25.72324,-54.42879
"778",80281,"Tapirus terrestris",-25.72291,-54.42831
"780",80281,"Tapirus terrestris",-25.72231,-54.42802
"782",80281,"Tapirus terrestris",-25.72199,-54.42806
"784",80281,"Tapirus terrestris",-25.72177,-54.42746
"786",80281,"Tapirus terrestris",-25.72167,-54.42727
"788",80281,"Tapirus terrestris",-25.71893,-54.39261
"789",80281,"Tapirus terrestris",-25.71788,-54.38932
"790",80281,"Tapirus terrestris",-25.6913,-54.32368
"791",80281,"Tapirus terrestris",-25.68704,-54.31227
"792",80281,"Tapirus terrestris",-25.68583,-54.31209
"793",80281,"Tapirus terrestris",-25.6848,-54.31176
"794",80281,"Tapirus terrestris",-25.683,-54.31143
"795",80281,"Tapirus terrestris",-25.67893,-54.31025
"796",80281,"Tapirus terrestris",-25.67811,-54.22537
"797",80281,"Tapirus terrestris",-25.67433,-54.28606
"798",80281,"Tapirus terrestris",-25.67412,-54.27926
"799",80281,"Tapirus terrestris",-25.67393,-54.27693
"800",80281,"Tapirus terrestris",-25.67374,-54.2909
"801",80281,"Tapirus terrestris",-25.67368,-54.2727
"802",80281,"Tapirus terrestris",-25.6735,-54.2712
"803",80281,"Tapirus terrestris",-25.6735,-54.27109
"804",80281,"Tapirus terrestris",-25.67231,-54.23915
"805",80281,"Tapirus terrestris",-25.72705,-54.41623
"806",80281,"Tapirus terrestris",-25.7211,-54.42688
"809",80281,"Tapirus terrestris",-25.72099,-54.42681
"810",80281,"Tapirus terrestris",-25.72085,-54.4266
"811",80281,"Tapirus terrestris",-25.72074,-54.42653
"812",80281,"Tapirus terrestris",-25.72045,-54.42632
"813",80281,"Tapirus terrestris",-25.72014,-54.427
"814",80281,"Tapirus terrestris",-25.72,-54.42648
"815",80281,"Tapirus terrestris",-25.71967,-54.42714
"817",80281,"Tapirus terrestris",-25.71891,-54.42722
"818",80281,"Tapirus terrestris",-25.71863,-54.42719
"819",80281,"Tapirus terrestris",-25.71819,-54.43089
"820",80281,"Tapirus terrestris",-25.71806,-54.42744
"821",80281,"Tapirus terrestris",-25.71804,-54.42735
"822",80281,"Tapirus terrestris",-25.71791,-54.4274
"823",80281,"Tapirus terrestris",-25.71778,-54.43135
"824",80281,"Tapirus terrestris",-25.71732,-54.42737
"825",80281,"Tapirus terrestris",-25.71714,-54.42733
"826",80281,"Tapirus terrestris",-25.71712,-54.42719
"827",80281,"Tapirus terrestris",-25.71689,-54.42732
"828",80281,"Tapirus terrestris",-25.71682,-54.42725
"829",80281,"Tapirus terrestris",-25.71669,-54.42691
"830",80281,"Tapirus terrestris",-25.71668,-54.42689
"831",80281,"Tapirus terrestris",-25.71633,-54.42649
"832",80281,"Tapirus terrestris",-25.71626,-54.42633
"833",80281,"Tapirus terrestris",-25.71601,-54.42571
"834",80281,"Tapirus terrestris",-25.71579,-54.42607
"835",80281,"Tapirus terrestris",-25.71554,-54.42579
"836",80281,"Tapirus terrestris",-25.71539,-54.42549
"837",80281,"Tapirus terrestris",-25.71527,-54.4251
"838",80281,"Tapirus terrestris",-25.71507,-54.42487
"839",80281,"Tapirus terrestris",-25.71466,-54.42468
"840",80281,"Tapirus terrestris",-25.71451,-54.42456
"841",80281,"Tapirus terrestris",-25.7145,-54.43952
"842",80281,"Tapirus terrestris",-25.71423,-54.42372
"843",80281,"Tapirus terrestris",-25.71415,-54.42436
"844",80281,"Tapirus terrestris",-25.71409,-54.42402
"845",80281,"Tapirus terrestris",-25.71389,-54.42353
"846",80281,"Tapirus terrestris",-25.71385,-54.42347
"847",80281,"Tapirus terrestris",-25.71358,-54.42367
"848",80281,"Tapirus terrestris",-25.71315,-54.42326
"849",80281,"Tapirus terrestris",-25.75469,-54.37614
"850",80281,"Tapirus terrestris",-25.75397,-54.373
"851",80281,"Tapirus terrestris",-25.75366,-54.37297
"852",80281,"Tapirus terrestris",-25.74759,-54.37345
"853",80281,"Tapirus terrestris",-25.74564,-54.37366
"854",80281,"Tapirus terrestris",-25.74461,-54.37388
"855",80281,"Tapirus terrestris",-25.74335,-54.37449
"856",80281,"Tapirus terrestris",-25.74244,-54.37423
"857",80281,"Tapirus terrestris",-25.74173,-54.37515
"858",80281,"Tapirus terrestris",-25.74085,-54.37561
"859",80281,"Tapirus terrestris",-25.74025,-54.37568
"860",80281,"Tapirus terrestris",-25.74022,-54.37543
"861",80281,"Tapirus terrestris",-25.7399,-54.37533
"862",80281,"Tapirus terrestris",-25.73986,-54.37516
"863",80281,"Tapirus terrestris",-25.7398,-54.3751
"864",80281,"Tapirus terrestris",-25.73956,-54.37546
"865",80281,"Tapirus terrestris",-25.73956,-54.37483
"866",80281,"Tapirus terrestris",-25.73925,-54.37506
"867",80281,"Tapirus terrestris",-25.73922,-54.37504
"868",80281,"Tapirus terrestris",-25.73904,-54.37545
"869",80281,"Tapirus terrestris",-25.73891,-54.37506
"870",80281,"Tapirus terrestris",-25.73882,-54.37503
"871",80281,"Tapirus terrestris",-25.7386,-54.37507
"872",80281,"Tapirus terrestris",-25.73843,-54.37515
"873",80281,"Tapirus terrestris",-25.73843,-54.37503
"874",80281,"Tapirus terrestris",-25.73832,-54.3753
"875",80281,"Tapirus terrestris",-25.7383,-54.37518
"876",80281,"Tapirus terrestris",-25.73822,-54.37519
"877",80281,"Tapirus terrestris",-25.73819,-54.37514
"878",80281,"Tapirus terrestris",-25.7381,-54.37491
"879",80281,"Tapirus terrestris",-25.73791,-54.37545
"880",80281,"Tapirus terrestris",-25.73767,-54.37507
"881",80281,"Tapirus terrestris",-25.73763,-54.37517
"882",80281,"Tapirus terrestris",-25.73762,-54.37522
"883",80281,"Tapirus terrestris",-25.73762,-54.37506
"884",80281,"Tapirus terrestris",-25.73753,-54.37514
"885",80281,"Tapirus terrestris",-25.73749,-54.37512
"886",80281,"Tapirus terrestris",-25.73726,-54.37602
"887",80281,"Tapirus terrestris",-25.73723,-54.37545
"888",80281,"Tapirus terrestris",-25.73722,-54.37562
"889",80281,"Tapirus terrestris",-25.73721,-54.37585
"890",80281,"Tapirus terrestris",-25.73721,-54.37508
"891",80281,"Tapirus terrestris",-25.73716,-54.37532
"892",80281,"Tapirus terrestris",-25.73684,-54.37638
"893",80281,"Tapirus terrestris",-25.73684,-54.37633
"894",80281,"Tapirus terrestris",-25.73684,-54.37624
"895",80281,"Tapirus terrestris",-25.73632,-54.37594
"896",80281,"Tapirus terrestris",-25.73625,-54.37602
"897",80281,"Tapirus terrestris",-25.73621,-54.37597
"898",80281,"Tapirus terrestris",-25.73609,-54.37604
"899",80281,"Tapirus terrestris",-25.73604,-54.37594
"900",80281,"Tapirus terrestris",-25.73433,-54.37753
"913",80281,"Tapirus terrestris",-25.73573,-54.37667
"915",80281,"Tapirus terrestris",-25.73569,-54.37645
"917",80281,"Tapirus terrestris",-25.7353,-54.37646
"918",80281,"Tapirus terrestris",-25.73311,-54.38064
"919",80281,"Tapirus terrestris",-25.73309,-54.37899
"920",80281,"Tapirus terrestris",-25.73308,-54.37964
"922",80281,"Tapirus terrestris",-25.7329,-54.38039
"923",80281,"Tapirus terrestris",-25.73287,-54.38031
"924",80281,"Tapirus terrestris",-25.73283,-54.38061
"925",80281,"Tapirus terrestris",-25.73278,-54.38011
"926",80281,"Tapirus terrestris",-25.73278,-54.37988
"927",80281,"Tapirus terrestris",-25.73275,-54.38068
"928",80281,"Tapirus terrestris",-25.73274,-54.37888
"929",80281,"Tapirus terrestris",-25.73272,-54.37965
"930",80281,"Tapirus terrestris",-25.73268,-54.38011
"931",80281,"Tapirus terrestris",-25.73261,-54.38076
"932",80281,"Tapirus terrestris",-25.73261,-54.3801
"933",80281,"Tapirus terrestris",-25.73259,-54.38009
"934",80281,"Tapirus terrestris",-25.73258,-54.37946
"935",80281,"Tapirus terrestris",-25.73241,-54.38084
"936",80281,"Tapirus terrestris",-25.73226,-54.3809
"937",80281,"Tapirus terrestris",-25.73201,-54.38098
"938",80281,"Tapirus terrestris",-25.73199,-54.38086
"939",80281,"Tapirus terrestris",-25.73176,-54.38164
"940",80281,"Tapirus terrestris",-25.73161,-54.38226
"941",80281,"Tapirus terrestris",-25.73161,-54.38141
"942",80281,"Tapirus terrestris",-25.73147,-54.38187
"943",80281,"Tapirus terrestris",-25.73135,-54.38203
"944",80281,"Tapirus terrestris",-25.73134,-54.38273
"945",80281,"Tapirus terrestris",-25.73116,-54.38214
"946",80281,"Tapirus terrestris",-25.73114,-54.38207
"947",80281,"Tapirus terrestris",-25.73108,-54.38196
"948",80281,"Tapirus terrestris",-25.73099,-54.38199
"949",80281,"Tapirus terrestris",-25.73094,-54.3822
"950",80281,"Tapirus terrestris",-25.7309,-54.38245
"951",80281,"Tapirus terrestris",-25.73079,-54.38301
"952",80281,"Tapirus terrestris",-25.73063,-54.38346
"953",80281,"Tapirus terrestris",-25.73038,-54.38431
"954",80281,"Tapirus terrestris",-25.73025,-54.38421
"955",80281,"Tapirus terrestris",-25.73024,-54.38455
"956",80281,"Tapirus terrestris",-25.73024,-54.38449
"957",80281,"Tapirus terrestris",-25.73024,-54.38345
"958",80281,"Tapirus terrestris",-25.73021,-54.38445
"960",80281,"Tapirus terrestris",-25.73018,-54.3842
"961",80281,"Tapirus terrestris",-25.73015,-54.3831
"962",80281,"Tapirus terrestris",-25.73013,-54.38309
"963",80281,"Tapirus terrestris",-25.73012,-54.38395
"964",80281,"Tapirus terrestris",-25.73011,-54.38397
"965",80281,"Tapirus terrestris",-25.73011,-54.38395
"966",80281,"Tapirus terrestris",-25.73009,-54.38392
"967",80281,"Tapirus terrestris",-25.73004,-54.38428
"968",80281,"Tapirus terrestris",-25.73004,-54.38427
"969",80281,"Tapirus terrestris",-25.72999,-54.38499
"970",80281,"Tapirus terrestris",-25.72997,-54.38456
"971",80281,"Tapirus terrestris",-25.72995,-54.38394
"972",80281,"Tapirus terrestris",-25.72992,-54.38521
"973",80281,"Tapirus terrestris",-25.72987,-54.38521
"974",80281,"Tapirus terrestris",-25.72986,-54.38392
"975",80281,"Tapirus terrestris",-25.72981,-54.3843
"976",80281,"Tapirus terrestris",-25.72976,-54.38515
"977",80281,"Tapirus terrestris",-25.72969,-54.3852
"978",80281,"Tapirus terrestris",-25.72964,-54.38517
"979",80281,"Tapirus terrestris",-25.68526,-54.41616
"980",80281,"Tapirus terrestris",-25.68481,-54.41642
"981",80281,"Tapirus terrestris",-25.68239,-54.41812
"982",80281,"Tapirus terrestris",-25.68203,-54.41834
"983",80281,"Tapirus terrestris",-25.67261,-54.42067
"985",80281,"Tapirus terrestris",-25.66755,-54.42064
"986",80281,"Tapirus terrestris",-25.66639,-54.42093
"987",80281,"Tapirus terrestris",-25.66198,-54.42062
"988",80281,"Tapirus terrestris",-25.65553,-54.41423
"989",80281,"Tapirus terrestris",-25.64124,-54.39207
"990",80281,"Tapirus terrestris",-25.63915,-54.39079
"991",80281,"Tapirus terrestris",-25.63891,-54.39053
"992",80281,"Tapirus terrestris",-25.63874,-54.39053
"993",80281,"Tapirus terrestris",-25.6383,-54.38962
"994",80281,"Tapirus terrestris",-25.63652,-54.38784
"995",80281,"Tapirus terrestris",-25.63593,-54.38776
"996",80281,"Tapirus terrestris",-25.63565,-54.38787
"997",80281,"Tapirus terrestris",-25.63491,-54.38733
"998",80281,"Tapirus terrestris",-25.63463,-54.38714
"999",80281,"Tapirus terrestris",-25.63378,-54.38668
"1000",80281,"Tapirus terrestris",-25.63346,-54.38635
"1001",80281,"Tapirus terrestris",-25.63315,-54.3865
"1002",80281,"Tapirus terrestris",-25.63248,-54.38597
"1003",80281,"Tapirus terrestris",-25.63213,-54.38586
"1004",80281,"Tapirus terrestris",-25.62258,-54.38463
"1005",80281,"Tapirus terrestris",-25.62181,-54.38456
"1006",80281,"Tapirus terrestris",-25.62179,-54.38478
"1007",80281,"Tapirus terrestris",-25.61582,-54.38592
"1008",80281,"Tapirus terrestris",-25.61288,-54.38712
"1009",80281,"Tapirus terrestris",-25.60974,-54.38692
"1010",80281,"Tapirus terrestris",-25.60917,-54.38677
"1011",80281,"Tapirus terrestris",-25.60853,-54.36086
"1012",80281,"Tapirus terrestris",-25.60818,-54.3648
"1013",80281,"Tapirus terrestris",-25.567,-54.30493
"1014",80281,"Tapirus terrestris",-25.72986,-54.38525
"1015",80281,"Tapirus terrestris",-25.72981,-54.38508
"1016",80281,"Tapirus terrestris",-25.72968,-54.39197
"1017",80281,"Tapirus terrestris",-25.72968,-54.38581
"1018",80281,"Tapirus terrestris",-25.72967,-54.39088
"1022",80281,"Tapirus terrestris",-25.72964,-54.39201
"1023",80281,"Tapirus terrestris",-25.72962,-54.38587
"1024",80281,"Tapirus terrestris",-25.72952,-54.39212
"1025",80281,"Tapirus terrestris",-25.72947,-54.38582
"1026",80281,"Tapirus terrestris",-25.72938,-54.38604
"1027",80281,"Tapirus terrestris",-25.72937,-54.39246
"1028",80281,"Tapirus terrestris",-25.72933,-54.38585
"1029",80281,"Tapirus terrestris",-25.72927,-54.38608
"1030",80281,"Tapirus terrestris",-25.72926,-54.3865
"1031",80281,"Tapirus terrestris",-25.72925,-54.3861
"1032",80281,"Tapirus terrestris",-25.72923,-54.39041
"1033",80281,"Tapirus terrestris",-25.72923,-54.38605
"1034",80281,"Tapirus terrestris",-25.72922,-54.39257
"1035",80281,"Tapirus terrestris",-25.72917,-54.39009
"1036",80281,"Tapirus terrestris",-25.72913,-54.39076
"1037",80281,"Tapirus terrestris",-25.72908,-54.38645
"1038",80281,"Tapirus terrestris",-25.729,-54.3889
"1039",80281,"Tapirus terrestris",-25.72896,-54.3868
"1040",80281,"Tapirus terrestris",-25.72894,-54.38689
"1041",80281,"Tapirus terrestris",-25.72894,-54.38677
"1042",80281,"Tapirus terrestris",-25.72893,-54.38732
"1043",80281,"Tapirus terrestris",-25.72892,-54.38749
"1044",80281,"Tapirus terrestris",-25.72888,-54.38911
"1045",80281,"Tapirus terrestris",-25.72888,-54.38784
"1046",80281,"Tapirus terrestris",-25.72885,-54.38906
"1047",80281,"Tapirus terrestris",-25.72883,-54.3877
"1048",80281,"Tapirus terrestris",-25.72881,-54.38905
"1049",80281,"Tapirus terrestris",-25.72877,-54.38699
"1050",80281,"Tapirus terrestris",-25.72874,-54.38907
"1051",80281,"Tapirus terrestris",-25.72872,-54.38908
"1052",80281,"Tapirus terrestris",-25.72872,-54.38639
"1053",80281,"Tapirus terrestris",-25.72865,-54.38904
"1054",80281,"Tapirus terrestris",-25.72864,-54.38783
"1055",80281,"Tapirus terrestris",-25.72858,-54.38789
"1056",80281,"Tapirus terrestris",-25.72857,-54.38903
"1057",80281,"Tapirus terrestris",-25.72836,-54.39562
"1058",80281,"Tapirus terrestris",-25.72833,-54.39551
"1059",80281,"Tapirus terrestris",-25.7283,-54.39544
"1060",80281,"Tapirus terrestris",-25.72829,-54.39544
"1061",80281,"Tapirus terrestris",-25.72829,-54.39487
"1062",80281,"Tapirus terrestris",-25.72828,-54.39361
"1063",80281,"Tapirus terrestris",-25.72819,-54.39497
"1064",80281,"Tapirus terrestris",-25.72817,-54.39397
"1065",80281,"Tapirus terrestris",-25.72816,-54.39369
"1066",80281,"Tapirus terrestris",-25.72804,-54.39448
"1067",80281,"Tapirus terrestris",-25.72802,-54.3946
"1068",80281,"Tapirus terrestris",-25.72799,-54.39613
"1069",80281,"Tapirus terrestris",-25.72798,-54.39613
"1070",80281,"Tapirus terrestris",-25.72798,-54.39472
"1071",80281,"Tapirus terrestris",-25.72798,-54.39449
"1072",80281,"Tapirus terrestris",-25.72795,-54.39469
"1073",80281,"Tapirus terrestris",-25.72791,-54.39588
"1074",80281,"Tapirus terrestris",-25.72774,-54.39742
"1075",80281,"Tapirus terrestris",-25.72773,-54.39678
"1076",80281,"Tapirus terrestris",-25.72772,-54.39674
"1077",80281,"Tapirus terrestris",-25.7277,-54.39679
"1078",80281,"Tapirus terrestris",-25.72763,-54.39676
"1079",80281,"Tapirus terrestris",-25.72758,-54.39776
"1080",80281,"Tapirus terrestris",-25.72757,-54.39779
"1081",80281,"Tapirus terrestris",-25.72756,-54.39778
"1082",80281,"Tapirus terrestris",-25.72756,-54.39722
"1083",80281,"Tapirus terrestris",-25.72742,-54.39693
"1084",80281,"Tapirus terrestris",-25.7274,-54.39696
"1085",80281,"Tapirus terrestris",-25.72726,-54.39815
"1086",80281,"Tapirus terrestris",-25.72722,-54.39843
"1087",80281,"Tapirus terrestris",-25.72714,-54.39907
"1088",80281,"Tapirus terrestris",-25.72714,-54.39804
"1089",80281,"Tapirus terrestris",-25.72709,-54.40195
"1090",80281,"Tapirus terrestris",-25.72691,-54.40001
"1091",80281,"Tapirus terrestris",-25.7269,-54.39981
"1092",80281,"Tapirus terrestris",-25.72688,-54.39785
"1093",80281,"Tapirus terrestris",-25.72686,-54.40292
"1094",80281,"Tapirus terrestris",-25.72685,-54.40301
"1095",80281,"Tapirus terrestris",-25.72679,-54.40169
"1096",80281,"Tapirus terrestris",-25.72676,-54.40319
"1097",80281,"Tapirus terrestris",-25.72674,-54.40324
"1098",80281,"Tapirus terrestris",-25.72672,-54.40083
"1099",80281,"Tapirus terrestris",-25.7267,-54.40321
"1100",80281,"Tapirus terrestris",-25.72665,-54.4007
"1101",80281,"Tapirus terrestris",-25.72664,-54.40076
"1102",80281,"Tapirus terrestris",-25.72662,-54.40188
"1103",80281,"Tapirus terrestris",-25.72657,-54.40016
"1104",80281,"Tapirus terrestris",-25.72655,-54.40109
"1105",80281,"Tapirus terrestris",-25.72649,-54.40172
"1106",80281,"Tapirus terrestris",-25.72647,-54.40321
"1107",80281,"Tapirus terrestris",-25.72646,-54.40017
"1108",80281,"Tapirus terrestris",-25.72645,-54.40056
"1109",80281,"Tapirus terrestris",-25.72644,-54.40148
"1110",80281,"Tapirus terrestris",-25.72635,-54.40033
"1111",80281,"Tapirus terrestris",-25.72631,-54.4005
"1112",80281,"Tapirus terrestris",-25.7263,-54.40042
"1113",80281,"Tapirus terrestris",-25.72629,-54.40023
"1114",80281,"Tapirus terrestris",-25.726,-54.4039
"1115",80281,"Tapirus terrestris",-25.7258,-54.40361
"1117",80281,"Tapirus terrestris",-25.72563,-54.40364
"1118",80281,"Tapirus terrestris",-25.72555,-54.40364
"1119",80281,"Tapirus terrestris",-25.72491,-54.40385
"1120",80281,"Tapirus terrestris",-25.72456,-54.40396
"1121",80281,"Tapirus terrestris",-25.72449,-54.40399
"1122",80281,"Tapirus terrestris",-25.72446,-54.40409
"1123",80281,"Tapirus terrestris",-25.72436,-54.4043
"1124",80281,"Tapirus terrestris",-25.72423,-54.40455
"1125",80281,"Tapirus terrestris",-25.72416,-54.40467
"1126",80281,"Tapirus terrestris",-25.72411,-54.40479
"1127",80281,"Tapirus terrestris",-25.72373,-54.40558
"1128",80281,"Tapirus terrestris",-25.7237,-54.40557
"1129",80281,"Tapirus terrestris",-25.72365,-54.40566
"1130",80281,"Tapirus terrestris",-25.72359,-54.40533
"1131",80281,"Tapirus terrestris",-25.72357,-54.40548
"1132",80281,"Tapirus terrestris",-25.7231,-54.40569
"1133",80281,"Tapirus terrestris",-25.723,-54.40582
"1134",80281,"Tapirus terrestris",-25.72298,-54.40575
"1135",80281,"Tapirus terrestris",-25.67386,-54.42084
"1136",80281,"Tapirus terrestris",-25.62063,-54.34494
"1137",80281,"Tapirus terrestris",-25.62052,-54.3439
"1138",80281,"Tapirus terrestris",-25.62046,-54.34416
"1139",80281,"Tapirus terrestris",-25.62036,-54.34445
"1140",80281,"Tapirus terrestris",-25.62036,-54.34392
"1141",80281,"Tapirus terrestris",-25.61985,-54.34505
"1142",80281,"Tapirus terrestris",-25.61961,-54.34524
"1143",80281,"Tapirus terrestris",-25.61951,-54.34561
"1145",80281,"Tapirus terrestris",-25.61878,-54.34561
"1146",80281,"Tapirus terrestris",-25.61715,-54.34543
"1147",80281,"Tapirus terrestris",-25.6168,-54.3455
"1148",80281,"Tapirus terrestris",-25.61565,-54.344
"1149",80281,"Tapirus terrestris",-25.61559,-54.34408
"1150",80281,"Tapirus terrestris",-25.61439,-54.34488
"1151",80281,"Tapirus terrestris",-25.61392,-54.34487
"1152",80281,"Tapirus terrestris",-25.61252,-54.34377
"1153",80281,"Tapirus terrestris",-25.6125,-54.34375
"1154",80281,"Tapirus terrestris",-25.61248,-54.3435
"1155",80281,"Tapirus terrestris",-25.61148,-54.34376
"1156",80281,"Tapirus terrestris",-25.61059,-54.34494
"1157",80281,"Tapirus terrestris",-25.67949,-54.42137
"1158",80281,"Tapirus terrestris",-25.65613,-54.41538
"1159",80281,"Tapirus terrestris",-25.65607,-54.41543
"1160",80281,"Tapirus terrestris",-25.65593,-54.41512
"1161",80281,"Tapirus terrestris",-25.65561,-54.41391
"1162",80281,"Tapirus terrestris",-25.65556,-54.4137
"1163",80281,"Tapirus terrestris",-25.65555,-54.4139
"1164",80281,"Tapirus terrestris",-25.71517,-54.38213
"1165",80281,"Tapirus terrestris",-25.65448,-54.40996
"1166",80281,"Tapirus terrestris",-25.65426,-54.40914
"1167",80281,"Tapirus terrestris",-25.65416,-54.40886
"1168",80281,"Tapirus terrestris",-25.65412,-54.40818
"1169",80281,"Tapirus terrestris",-25.6541,-54.40838
"1170",80281,"Tapirus terrestris",-25.65395,-54.40762
"1171",80281,"Tapirus terrestris",-25.65372,-54.40677
"1172",80281,"Tapirus terrestris",-25.65337,-54.40503
"1173",80281,"Tapirus terrestris",-25.65329,-54.40479
"1174",80281,"Tapirus terrestris",-25.65188,-54.40039
"1175",80281,"Tapirus terrestris",-25.65163,-54.39993
"1176",80281,"Tapirus terrestris",-25.6513,-54.39918
"1177",80281,"Tapirus terrestris",-25.65117,-54.39898
"1178",80281,"Tapirus terrestris",-25.65079,-54.39839
"1179",80281,"Tapirus terrestris",-25.65057,-54.39818
"1180",80281,"Tapirus terrestris",-25.64953,-54.39738
"1181",80281,"Tapirus terrestris",-25.64899,-54.3967
"1182",80281,"Tapirus terrestris",-25.64619,-54.39497
"1183",80281,"Tapirus terrestris",-25.64597,-54.39483
"1184",80281,"Tapirus terrestris",-25.64474,-54.39406
"1185",80281,"Tapirus terrestris",-25.64444,-54.39389
"1186",80281,"Tapirus terrestris",-25.64388,-54.39362
"1187",80281,"Tapirus terrestris",-25.64332,-54.39334
"1188",80281,"Tapirus terrestris",-25.64318,-54.39326
"1189",80281,"Tapirus terrestris",-25.64292,-54.39317
"1190",80281,"Tapirus terrestris",-25.64266,-54.39287
"1191",80281,"Tapirus terrestris",-25.64254,-54.39297
"1192",80281,"Tapirus terrestris",-25.64224,-54.39251
"1193",80281,"Tapirus terrestris",-25.64192,-54.39228
"1194",80281,"Tapirus terrestris",-25.64163,-54.3922
"1195",80281,"Tapirus terrestris",-25.64119,-54.39206
"1196",80281,"Tapirus terrestris",-25.64029,-54.39155
"1197",80281,"Tapirus terrestris",-25.63974,-54.39121
"1198",80281,"Tapirus terrestris",-25.63944,-54.39101
"1199",80281,"Tapirus terrestris",-25.63875,-54.39044
"1200",80281,"Tapirus terrestris",-25.63781,-54.38923
"1201",80281,"Tapirus terrestris",-25.63772,-54.3891
"1202",80281,"Tapirus terrestris",-25.63734,-54.38845
"1203",80281,"Tapirus terrestris",-25.6369,-54.38802
"1204",80281,"Tapirus terrestris",-25.63617,-54.38772
"1205",80281,"Tapirus terrestris",-25.63555,-54.38779
"1206",80281,"Tapirus terrestris",-25.63537,-54.38765
"1207",80281,"Tapirus terrestris",-25.63515,-54.38754
"1208",80281,"Tapirus terrestris",-25.6342,-54.38694
"1209",80281,"Tapirus terrestris",-25.63382,-54.38664
"1210",80281,"Tapirus terrestris",-25.63347,-54.38637
"1211",80281,"Tapirus terrestris",-25.63334,-54.38625
"1212",80281,"Tapirus terrestris",-25.63291,-54.38606
"1213",80281,"Tapirus terrestris",-25.63225,-54.38573
"1214",80281,"Tapirus terrestris",-25.61046,-54.35606
"1215",80281,"Tapirus terrestris",-25.61033,-54.35639
"1216",80281,"Tapirus terrestris",-25.60973,-54.35771
"1217",80281,"Tapirus terrestris",-25.60891,-54.3603
"1218",80281,"Tapirus terrestris",-25.60873,-54.36064
"1219",80281,"Tapirus terrestris",-25.60842,-54.36087
"1220",80281,"Tapirus terrestris",-25.60808,-54.36119
"1221",80281,"Tapirus terrestris",-25.6066,-54.36487
"1222",80281,"Tapirus terrestris",-25.60644,-54.36478
"1223",80281,"Tapirus terrestris",-25.60559,-54.36512
"1224",80281,"Tapirus terrestris",-25.60489,-54.3665
"1225",80281,"Tapirus terrestris",-25.6027,-54.36757
"1226",80281,"Tapirus terrestris",-25.60167,-54.36805
"1227",80281,"Tapirus terrestris",-25.60029,-54.36893
"1228",80281,"Tapirus terrestris",-25.59999,-54.36919
"1229",80281,"Tapirus terrestris",-25.59569,-54.37525
"1230",80281,"Tapirus terrestris",-25.63514,-54.38742
"1231",80281,"Tapirus terrestris",-25.62521,-54.34246
"1232",80281,"Tapirus terrestris",-25.62501,-54.34231
"1233",80281,"Tapirus terrestris",-25.625,-54.34235
"1234",80281,"Tapirus terrestris",-25.62471,-54.34232
"1235",80281,"Tapirus terrestris",-25.62442,-54.34226
"1236",80281,"Tapirus terrestris",-25.62429,-54.34189
"1237",80281,"Tapirus terrestris",-25.6241,-54.34173
"1238",80281,"Tapirus terrestris",-25.6239,-54.34087
"1239",80281,"Tapirus terrestris",-25.62385,-54.3406
"1240",80281,"Tapirus terrestris",-25.62368,-54.34043
"1241",80281,"Tapirus terrestris",-25.62344,-54.34037
"1242",80281,"Tapirus terrestris",-25.62333,-54.3404
"1243",80281,"Tapirus terrestris",-25.62312,-54.34014
"1244",80281,"Tapirus terrestris",-25.62291,-54.34033
"1245",80281,"Tapirus terrestris",-25.64679,-54.39531
"1246",80281,"Tapirus terrestris",-25.61448,-54.34197
"1247",80281,"Tapirus terrestris",-25.61409,-54.34213
"1248",80281,"Tapirus terrestris",-25.61405,-54.34213
"1249",80281,"Tapirus terrestris",-25.61351,-54.34246
"1250",80281,"Tapirus terrestris",-25.61346,-54.34232
"1251",80281,"Tapirus terrestris",-25.61344,-54.34231
"1252",80281,"Tapirus terrestris",-25.61293,-54.34273
"1253",80281,"Tapirus terrestris",-25.61292,-54.34267
"1254",80281,"Tapirus terrestris",-25.61281,-54.34275
"1255",80281,"Tapirus terrestris",-25.6125,-54.34306
"1256",80281,"Tapirus terrestris",-25.61234,-54.34279
"1257",80281,"Tapirus terrestris",-25.61197,-54.34327
"1258",80281,"Tapirus terrestris",-25.60125,-54.33347
"1259",80281,"Tapirus terrestris",-25.60077,-54.33409
"1260",80281,"Tapirus terrestris",-25.60071,-54.33432
"1261",80281,"Tapirus terrestris",-25.60029,-54.33469
"1262",80281,"Tapirus terrestris",-25.59925,-54.33517
"1263",80281,"Tapirus terrestris",-25.59921,-54.3354
"1264",80281,"Tapirus terrestris",-25.65924,-54.45733
"1265",80281,"Tapirus terrestris",-25.64107,-54.4777
"1266",80281,"Tapirus terrestris",-25.66418,-54.464
"1267",80281,"Tapirus terrestris",-25.66098,-54.46071
"1268",80281,"Tapirus terrestris",-25.66061,-54.46121
"1269",80281,"Tapirus terrestris",-25.65999,-54.5018
"1270",80281,"Tapirus terrestris",-25.65995,-54.50166
"1271",80281,"Tapirus terrestris",-25.6363,-54.38744
"1272",80281,"Tapirus terrestris",-25.63625,-54.38745
"1273",80281,"Tapirus terrestris",-25.63594,-54.38706
"1274",80281,"Tapirus terrestris",-25.63591,-54.38693
"1275",80281,"Tapirus terrestris",-25.63577,-54.38655
"1276",80281,"Tapirus terrestris",-25.63561,-54.38674
"1277",80281,"Tapirus terrestris",-25.63497,-54.38601
"1278",80281,"Tapirus terrestris",-25.6349,-54.38589
"1279",80281,"Tapirus terrestris",-25.63463,-54.38581
"1280",80281,"Tapirus terrestris",-25.63429,-54.38559
"1281",80281,"Tapirus terrestris",-25.63429,-54.38554
"1283",80281,"Tapirus terrestris",-25.6341,-54.38533
"1284",80281,"Tapirus terrestris",-25.63389,-54.38511
"1285",80281,"Tapirus terrestris",-25.63385,-54.38506
"1287",80281,"Tapirus terrestris",-25.63372,-54.38471
"1288",80281,"Tapirus terrestris",-25.63359,-54.38501
"1290",80281,"Tapirus terrestris",-25.6334,-54.3846
"1291",80281,"Tapirus terrestris",-25.63288,-54.38454
"1292",80281,"Tapirus terrestris",-25.6328,-54.38427
"1293",80281,"Tapirus terrestris",-25.63234,-54.38389
"1294",80281,"Tapirus terrestris",-25.63232,-54.38386
"1296",80281,"Tapirus terrestris",-25.63198,-54.38345
"1297",80281,"Tapirus terrestris",-25.63172,-54.38311
"1300",80281,"Tapirus terrestris",-25.63157,-54.38324
"1302",80281,"Tapirus terrestris",-25.63098,-54.38261
"1303",80281,"Tapirus terrestris",-25.63084,-54.38292
"1305",80281,"Tapirus terrestris",-25.63068,-54.38291
"1306",80281,"Tapirus terrestris",-25.63065,-54.38237
"1307",80281,"Tapirus terrestris",-25.63028,-54.38266
"1310",80281,"Tapirus terrestris",-25.63,-54.38238
"1311",80281,"Tapirus terrestris",-25.62977,-54.38255
"1312",80281,"Tapirus terrestris",-25.62951,-54.38268
"1313",80281,"Tapirus terrestris",-25.62885,-54.3821
"1314",80281,"Tapirus terrestris",-25.6287,-54.38204
"1315",80281,"Tapirus terrestris",-25.6285,-54.38205
"1316",80281,"Tapirus terrestris",-25.62844,-54.38199
"1317",80281,"Tapirus terrestris",-25.62829,-54.38031
"1318",80281,"Tapirus terrestris",-25.62826,-54.38005
"1319",80281,"Tapirus terrestris",-25.62796,-54.38061
"1320",80281,"Tapirus terrestris",-25.62793,-54.38066
"1321",80281,"Tapirus terrestris",-25.62788,-54.38059
"1322",80281,"Tapirus terrestris",-25.62782,-54.38092
"1323",80281,"Tapirus terrestris",-25.6278,-54.38206
"1324",80281,"Tapirus terrestris",-25.62759,-54.38116
"1325",80281,"Tapirus terrestris",-25.62759,-54.38103
"1326",80281,"Tapirus terrestris",-25.62743,-54.38172
"1327",80281,"Tapirus terrestris",-25.62741,-54.38114
"1328",80281,"Tapirus terrestris",-25.62734,-54.38185
"1329",80281,"Tapirus terrestris",-25.62732,-54.38114
"1330",80281,"Tapirus terrestris",-25.62716,-54.38134
"1331",80281,"Tapirus terrestris",-25.62716,-54.38128
"1332",80281,"Tapirus terrestris",-25.70288,-54.42427
"1333",80281,"Tapirus terrestris",-25.70177,-54.42285
"1334",80281,"Tapirus terrestris",-25.70174,-54.42331
"1335",80281,"Tapirus terrestris",-25.70078,-54.41806
"1336",80281,"Tapirus terrestris",-25.67783,-54.42158
"1337",80281,"Tapirus terrestris",-25.71552,-54.44823
"1338",80281,"Tapirus terrestris",-25.7145,-54.44983
"1339",80281,"Tapirus terrestris",-25.71447,-54.44985
"1340",80281,"Tapirus terrestris",-25.71433,-54.44981
"1341",80281,"Tapirus terrestris",-25.71426,-54.44997
"1342",80281,"Tapirus terrestris",-25.71426,-54.44973
"1343",80281,"Tapirus terrestris",-25.7136,-54.44986
"1344",80281,"Tapirus terrestris",-25.71355,-54.449
"1345",80281,"Tapirus terrestris",-25.71339,-54.44886
"1346",80281,"Tapirus terrestris",-25.71266,-54.44871
"1347",80281,"Tapirus terrestris",-25.71224,-54.44857
"1348",80281,"Tapirus terrestris",-25.71206,-54.44888
"1349",80281,"Tapirus terrestris",-25.712,-54.44829
"1350",80281,"Tapirus terrestris",-25.71186,-54.44822
"1351",80281,"Tapirus terrestris",-25.71171,-54.44793
"1352",80281,"Tapirus terrestris",-25.71168,-54.44804
"1353",80281,"Tapirus terrestris",-25.71162,-54.44793
"1354",80281,"Tapirus terrestris",-25.71159,-54.44779
"1355",80281,"Tapirus terrestris",-25.71157,-54.44798
"1356",80281,"Tapirus terrestris",-25.71154,-54.44728
"1357",80281,"Tapirus terrestris",-25.71152,-54.44876
"1358",80281,"Tapirus terrestris",-25.71143,-54.44726
"1359",80281,"Tapirus terrestris",-25.71133,-54.4478
"1360",80281,"Tapirus terrestris",-25.71111,-54.44758
"1361",80281,"Tapirus terrestris",-25.71093,-54.44757
"1362",80281,"Tapirus terrestris",-25.7109,-54.44774
"1363",80281,"Tapirus terrestris",-25.71079,-54.44728
"1364",80281,"Tapirus terrestris",-25.7106,-54.44739
"1365",80281,"Tapirus terrestris",-25.71046,-54.44753
"1366",80281,"Tapirus terrestris",-25.71041,-54.44752
"1367",80281,"Tapirus terrestris",-25.71029,-54.44774
"1368",80281,"Tapirus terrestris",-25.71006,-54.44815
"1369",80281,"Tapirus terrestris",-25.70995,-54.44766
"1370",80281,"Tapirus terrestris",-25.70987,-54.44778
"1371",80281,"Tapirus terrestris",-25.70986,-54.4477
"1372",80281,"Tapirus terrestris",-25.70971,-54.44789
"1373",80281,"Tapirus terrestris",-25.70929,-54.44762
"1374",80281,"Tapirus terrestris",-25.70923,-54.44765
"1375",80281,"Tapirus terrestris",-25.70909,-54.44733
"1376",80281,"Tapirus terrestris",-25.70903,-54.4472
"1377",80281,"Tapirus terrestris",-25.70844,-54.44667
"1378",80281,"Tapirus terrestris",-25.70839,-54.4471
"1379",80281,"Tapirus terrestris",-25.70793,-54.44666
"1380",80281,"Tapirus terrestris",-25.70775,-54.44657
"1381",80281,"Tapirus terrestris",-25.70758,-54.44638
"1382",80281,"Tapirus terrestris",-25.70745,-54.44536
"1383",80281,"Tapirus terrestris",-25.70738,-54.44537
"1384",80281,"Tapirus terrestris",-25.70735,-54.44586
"1385",80281,"Tapirus terrestris",-25.70731,-54.4453
"1386",80281,"Tapirus terrestris",-25.70721,-54.4453
"1387",80281,"Tapirus terrestris",-25.70719,-54.44524
"1388",80281,"Tapirus terrestris",-25.70716,-54.44629
"1389",80281,"Tapirus terrestris",-25.70709,-54.44632
"1390",80281,"Tapirus terrestris",-25.70701,-54.44613
"1391",80281,"Tapirus terrestris",-25.70676,-54.44501
"1392",80281,"Tapirus terrestris",-25.70652,-54.445
"1393",80281,"Tapirus terrestris",-25.70615,-54.44449
"1394",80281,"Tapirus terrestris",-25.7056,-54.44379
"1395",80281,"Tapirus terrestris",-25.70529,-54.44358
"1396",80281,"Tapirus terrestris",-25.70488,-54.44269
"1397",80281,"Tapirus terrestris",-25.7037,-54.44164
"1398",80281,"Tapirus terrestris",-25.70676,-54.42002
"1399",80281,"Tapirus terrestris",-25.70669,-54.41978
"1400",80281,"Tapirus terrestris",-25.70625,-54.41998
"1401",80281,"Tapirus terrestris",-25.70562,-54.42006
"1402",80281,"Tapirus terrestris",-25.70561,-54.41994
"1403",80281,"Tapirus terrestris",-25.70531,-54.41994
"1404",80281,"Tapirus terrestris",-25.70497,-54.41987
"1405",80281,"Tapirus terrestris",-25.70424,-54.41964
"1406",80281,"Tapirus terrestris",-25.70422,-54.41967
"1407",80281,"Tapirus terrestris",-25.7035,-54.42172
"1408",80281,"Tapirus terrestris",-25.70302,-54.41626
"1409",80281,"Tapirus terrestris",-25.70301,-54.41686
"1410",80281,"Tapirus terrestris",-25.70293,-54.41638
"1411",80281,"Tapirus terrestris",-25.70279,-54.41655
"1412",80281,"Tapirus terrestris",-25.70271,-54.41848
"1413",80281,"Tapirus terrestris",-25.70267,-54.41695
"1414",80281,"Tapirus terrestris",-25.70263,-54.41781
"1415",80281,"Tapirus terrestris",-25.70261,-54.41823
"1416",80281,"Tapirus terrestris",-25.70261,-54.41783
"1417",80281,"Tapirus terrestris",-25.70257,-54.4173
"1418",80281,"Tapirus terrestris",-25.7025,-54.41721
"1419",80281,"Tapirus terrestris",-25.70244,-54.41905
"1420",80281,"Tapirus terrestris",-25.70244,-54.41751
"1421",80281,"Tapirus terrestris",-25.70584,-54.43893
"1422",80281,"Tapirus terrestris",-25.70576,-54.43909
"1423",80281,"Tapirus terrestris",-25.70483,-54.43902
"1424",80281,"Tapirus terrestris",-25.70481,-54.4391
"1425",80281,"Tapirus terrestris",-25.70381,-54.44831
"1426",80281,"Tapirus terrestris",-25.7038,-54.44832
"1427",80281,"Tapirus terrestris",-25.70236,-54.44684
"1428",80281,"Tapirus terrestris",-25.70224,-54.44633
"1429",80281,"Tapirus terrestris",-25.70217,-54.44702
"1430",80281,"Tapirus terrestris",-25.70193,-54.44613
"1431",80281,"Tapirus terrestris",-25.70041,-54.44617
"1432",80281,"Tapirus terrestris",-25.70014,-54.44603
"1433",80281,"Tapirus terrestris",-25.66594,-54.39047
"1434",80281,"Tapirus terrestris",-25.66586,-54.39049
"1435",80281,"Tapirus terrestris",-25.66553,-54.39021
"1436",80281,"Tapirus terrestris",-25.66546,-54.39005
"1437",80281,"Tapirus terrestris",-25.66508,-54.38952
"1438",80281,"Tapirus terrestris",-25.66472,-54.38911
"1439",80281,"Tapirus terrestris",-25.66433,-54.38893
"1440",80281,"Tapirus terrestris",-25.66367,-54.38893
"1441",80281,"Tapirus terrestris",-25.66362,-54.39075
"1442",80281,"Tapirus terrestris",-25.6636,-54.39051
"1443",80281,"Tapirus terrestris",-25.6636,-54.38912
"1444",80281,"Tapirus terrestris",-25.66323,-54.37936
"1445",80281,"Tapirus terrestris",-25.66323,-54.37898
"1446",80281,"Tapirus terrestris",-25.66322,-54.3795
"1447",80281,"Tapirus terrestris",-25.66322,-54.37769
"1448",80281,"Tapirus terrestris",-25.66311,-54.37797
"1449",80281,"Tapirus terrestris",-25.66294,-54.38011
"1450",80281,"Tapirus terrestris",-25.66199,-54.37976
"1451",80281,"Tapirus terrestris",-25.66188,-54.37983
"1452",80281,"Tapirus terrestris",-25.66148,-54.37973
"1453",80281,"Tapirus terrestris",-25.66136,-54.37982
"1454",80281,"Tapirus terrestris",-25.66028,-54.38021
"1455",80281,"Tapirus terrestris",-25.66006,-54.38043
"1456",80281,"Tapirus terrestris",-25.66001,-54.3805
"1457",80281,"Tapirus terrestris",-25.65975,-54.3808
"1458",80281,"Tapirus terrestris",-25.65968,-54.38084
"1459",80281,"Tapirus terrestris",-25.65951,-54.38948
"1460",80281,"Tapirus terrestris",-25.65948,-54.38123
"1461",80281,"Tapirus terrestris",-25.65941,-54.38809
"1462",80281,"Tapirus terrestris",-25.65938,-54.38802
"1463",80281,"Tapirus terrestris",-25.65935,-54.38148
"1464",80281,"Tapirus terrestris",-25.65926,-54.38827
"1465",80281,"Tapirus terrestris",-25.65924,-54.38921
"1466",80281,"Tapirus terrestris",-25.65879,-54.38901
"1467",80281,"Tapirus terrestris",-25.65868,-54.38767
"1468",80281,"Tapirus terrestris",-25.65868,-54.38192
"1469",80281,"Tapirus terrestris",-25.65865,-54.38604
"1470",80281,"Tapirus terrestris",-25.65853,-54.38588
"1471",80281,"Tapirus terrestris",-25.65846,-54.38324
"1472",80281,"Tapirus terrestris",-25.65845,-54.38759
"1473",80281,"Tapirus terrestris",-25.65822,-54.38664
"1474",80281,"Tapirus terrestris",-25.65821,-54.38462
"1475",80281,"Tapirus terrestris",-25.65803,-54.384
"1476",80281,"Tapirus terrestris",-25.658,-54.38405
"1477",80281,"Tapirus terrestris",-25.70599,-54.36169
"1478",80281,"Tapirus terrestris",-25.70588,-54.36177
"1479",80281,"Tapirus terrestris",-25.70585,-54.36197
"1480",80281,"Tapirus terrestris",-25.70562,-54.36152
"1481",80281,"Tapirus terrestris",-25.70528,-54.36157
"1482",80281,"Tapirus terrestris",-25.70527,-54.36158
"1483",80281,"Tapirus terrestris",-25.70507,-54.36124
"1484",80281,"Tapirus terrestris",-25.70456,-54.36102
"1485",80281,"Tapirus terrestris",-25.7045,-54.36111
"1486",80281,"Tapirus terrestris",-25.70404,-54.36134
"1487",80281,"Tapirus terrestris",-25.70389,-54.36147
"1488",80281,"Tapirus terrestris",-25.70388,-54.36147
"1489",80281,"Tapirus terrestris",-25.70367,-54.36158
"1490",80281,"Tapirus terrestris",-25.70322,-54.36135
"1491",80281,"Tapirus terrestris",-25.70308,-54.36139
"1492",80281,"Tapirus terrestris",-25.70292,-54.36151
"1493",80281,"Tapirus terrestris",-25.70274,-54.36161
"1494",80281,"Tapirus terrestris",-25.70244,-54.36156
"1495",80281,"Tapirus terrestris",-25.70152,-54.36155
"1496",80281,"Tapirus terrestris",-25.70068,-54.36166
"1497",80281,"Tapirus terrestris",-25.69903,-54.36082
"1498",80281,"Tapirus terrestris",-25.6987,-54.36088
"1499",80281,"Tapirus terrestris",-25.69862,-54.36097
"1500",80281,"Tapirus terrestris",-25.69814,-54.36146
"1501",80281,"Tapirus terrestris",-25.69738,-54.3611
"1502",80281,"Tapirus terrestris",-25.69711,-54.36103
"1503",80281,"Tapirus terrestris",-25.69689,-54.36077
"1504",80281,"Tapirus terrestris",-25.69656,-54.3605
"1505",80281,"Tapirus terrestris",-25.69599,-54.35988
"1506",80281,"Tapirus terrestris",-25.69545,-54.36051
"1507",80281,"Tapirus terrestris",-25.69522,-54.36028
"1508",80281,"Tapirus terrestris",-25.6951,-54.36011
"1509",80281,"Tapirus terrestris",-25.69419,-54.36156
"1510",80281,"Tapirus terrestris",-25.69337,-54.36187
"1511",80281,"Tapirus terrestris",-25.69334,-54.36379
"1512",80281,"Tapirus terrestris",-25.69321,-54.36364
"1513",80281,"Tapirus terrestris",-25.69315,-54.36379
"1514",80281,"Tapirus terrestris",-25.69284,-54.3636
"1515",80281,"Tapirus terrestris",-25.69245,-54.36353
"1516",80281,"Tapirus terrestris",-25.69133,-54.36297
"1517",80281,"Tapirus terrestris",-25.69106,-54.36234
"1518",80281,"Tapirus terrestris",-25.69104,-54.36207
"1519",80281,"Tapirus terrestris",-25.69093,-54.3618
"1520",80281,"Tapirus terrestris",-25.69083,-54.36184
"1521",80281,"Tapirus terrestris",-25.69058,-54.36194
"1522",80281,"Tapirus terrestris",-25.69046,-54.36181
"1523",80281,"Tapirus terrestris",-25.69028,-54.36252
"1524",80281,"Tapirus terrestris",-25.69016,-54.36264
"1525",80281,"Tapirus terrestris",-25.68937,-54.36236
"1526",80281,"Tapirus terrestris",-25.70033,-54.34578
"1527",80281,"Tapirus terrestris",-25.69882,-54.34805
"1528",80281,"Tapirus terrestris",-25.69875,-54.34797
"1529",80281,"Tapirus terrestris",-25.69718,-54.34827
"1530",80281,"Tapirus terrestris",-25.69714,-54.34832
"1531",80281,"Tapirus terrestris",-25.69674,-54.34982
"1532",80281,"Tapirus terrestris",-25.69099,-54.32404
"1533",80281,"Tapirus terrestris",-25.69082,-54.32404
"1534",80281,"Tapirus terrestris",-25.69064,-54.32419
"1535",80281,"Tapirus terrestris",-25.68753,-54.31331
"1536",80281,"Tapirus terrestris",-25.68753,-54.31287
"1537",80281,"Tapirus terrestris",-25.68751,-54.31286
"1538",80281,"Tapirus terrestris",-25.68746,-54.31308
"1539",80281,"Tapirus terrestris",-25.68737,-54.31345
"1541",80281,"Tapirus terrestris",-25.68734,-54.31269
"1542",80281,"Tapirus terrestris",-25.68733,-54.31256
"1543",80281,"Tapirus terrestris",-25.68732,-54.31334
"1544",80281,"Tapirus terrestris",-25.68732,-54.31286
"1545",80281,"Tapirus terrestris",-25.68722,-54.31349
"1546",80281,"Tapirus terrestris",-25.6871,-54.31401
"1547",80281,"Tapirus terrestris",-25.68708,-54.3136
"1548",80281,"Tapirus terrestris",-25.68706,-54.31398
"1549",80281,"Tapirus terrestris",-25.68705,-54.31377
"1550",80281,"Tapirus terrestris",-25.68705,-54.31365
"1551",80281,"Tapirus terrestris",-25.68682,-54.31413
"1552",80281,"Tapirus terrestris",-25.6868,-54.31444
"1553",80281,"Tapirus terrestris",-25.68674,-54.31467
"1554",80281,"Tapirus terrestris",-25.68668,-54.31511
"1555",80281,"Tapirus terrestris",-25.68668,-54.31495
"1556",80281,"Tapirus terrestris",-25.68663,-54.31474
"1557",80281,"Tapirus terrestris",-25.68662,-54.31521
"1558",80281,"Tapirus terrestris",-25.68661,-54.31526
"1559",80281,"Tapirus terrestris",-25.68651,-54.31719
"1560",80281,"Tapirus terrestris",-25.68648,-54.31712
"1561",80281,"Tapirus terrestris",-25.68634,-54.31565
"1562",80281,"Tapirus terrestris",-25.6863,-54.31828
"1563",80281,"Tapirus terrestris",-25.68627,-54.31577
"1564",80281,"Tapirus terrestris",-25.68625,-54.31661
"1565",80281,"Tapirus terrestris",-25.68623,-54.31884
"1566",80281,"Tapirus terrestris",-25.68623,-54.31624
"1567",80281,"Tapirus terrestris",-25.68621,-54.31761
"1568",80281,"Tapirus terrestris",-25.6862,-54.3176
"1569",80281,"Tapirus terrestris",-25.68615,-54.31761
"1570",80281,"Tapirus terrestris",-25.68615,-54.3172
"1571",80281,"Tapirus terrestris",-25.68614,-54.31718
"1572",80281,"Tapirus terrestris",-25.68597,-54.31852
"1573",80281,"Tapirus terrestris",-25.68594,-54.31768
"1574",80281,"Tapirus terrestris",-25.68594,-54.31742
"1575",80281,"Tapirus terrestris",-25.68571,-54.32149
"1576",80281,"Tapirus terrestris",-25.68555,-54.31951
"1577",80281,"Tapirus terrestris",-25.68554,-54.31972
"1578",80281,"Tapirus terrestris",-25.68539,-54.32126
"1579",80281,"Tapirus terrestris",-25.68529,-54.32174
"1580",80281,"Tapirus terrestris",-25.68526,-54.32158
"1581",80281,"Tapirus terrestris",-25.68519,-54.32391
"1582",80281,"Tapirus terrestris",-25.68516,-54.32109
"1583",80281,"Tapirus terrestris",-25.68512,-54.32259
"1584",80281,"Tapirus terrestris",-25.68495,-54.32297
"1585",80281,"Tapirus terrestris",-25.6849,-54.32376
"1586",80281,"Tapirus terrestris",-25.68489,-54.3238
"1587",80281,"Tapirus terrestris",-25.68379,-54.32546
"1588",80281,"Tapirus terrestris",-25.68318,-54.3258
"1589",80281,"Tapirus terrestris",-25.68096,-54.32765
"1590",80281,"Tapirus terrestris",-25.67943,-54.32972
"1591",80281,"Tapirus terrestris",-25.67941,-54.32973
"1592",80281,"Tapirus terrestris",-25.69153,-54.30306
"1593",80281,"Tapirus terrestris",-25.69127,-54.30312
"1594",80281,"Tapirus terrestris",-25.69071,-54.30423
"1595",80281,"Tapirus terrestris",-25.69041,-54.30477
"1596",80281,"Tapirus terrestris",-25.69031,-54.3046
"1597",80281,"Tapirus terrestris",-25.68923,-54.30681
"1598",80281,"Tapirus terrestris",-25.68885,-54.30664
"1599",80281,"Tapirus terrestris",-25.68864,-54.30679
"1600",80281,"Tapirus terrestris",-25.68782,-54.30703
"1601",80281,"Tapirus terrestris",-25.68782,-54.30687
"1602",80281,"Tapirus terrestris",-25.6878,-54.30707
"1603",80281,"Tapirus terrestris",-25.68759,-54.30749
"1604",80281,"Tapirus terrestris",-25.68759,-54.30718
"1605",80281,"Tapirus terrestris",-25.68748,-54.30762
"1606",80281,"Tapirus terrestris",-25.68748,-54.30742
"1607",80281,"Tapirus terrestris",-25.68744,-54.308
"1609",80281,"Tapirus terrestris",-25.68739,-54.30748
"1610",80281,"Tapirus terrestris",-25.68738,-54.30751
"1611",80281,"Tapirus terrestris",-25.68736,-54.30754
"1612",80281,"Tapirus terrestris",-25.68734,-54.30777
"1613",80281,"Tapirus terrestris",-25.68734,-54.30772
"1614",80281,"Tapirus terrestris",-25.6873,-54.30863
"1615",80281,"Tapirus terrestris",-25.68727,-54.30858
"1616",80281,"Tapirus terrestris",-25.68727,-54.30841
"1617",80281,"Tapirus terrestris",-25.68721,-54.30858
"1618",80281,"Tapirus terrestris",-25.68721,-54.30854
"1619",80281,"Tapirus terrestris",-25.68713,-54.31005
"1620",80281,"Tapirus terrestris",-25.68713,-54.30862
"1621",80281,"Tapirus terrestris",-25.68712,-54.31188
"1622",80281,"Tapirus terrestris",-25.68711,-54.30973
"1623",80281,"Tapirus terrestris",-25.6871,-54.30993
"1624",80281,"Tapirus terrestris",-25.68709,-54.30984
"1625",80281,"Tapirus terrestris",-25.68708,-54.31126
"1626",80281,"Tapirus terrestris",-25.68706,-54.30885
"1627",80281,"Tapirus terrestris",-25.68704,-54.3094
"1628",80281,"Tapirus terrestris",-25.68704,-54.30879
"1629",80281,"Tapirus terrestris",-25.68703,-54.30904
"1630",80281,"Tapirus terrestris",-25.68702,-54.30949
"1631",80281,"Tapirus terrestris",-25.68697,-54.30912
"1632",80281,"Tapirus terrestris",-25.68691,-54.31062
"1633",80281,"Tapirus terrestris",-25.68687,-54.3107
"1634",80281,"Tapirus terrestris",-25.68687,-54.31068
"1635",80281,"Tapirus terrestris",-25.68683,-54.31024
"1636",80281,"Tapirus terrestris",-25.68672,-54.31072
"1637",80281,"Tapirus terrestris",-25.68667,-54.31071
"1638",80281,"Tapirus terrestris",-25.68664,-54.3108
"1639",80281,"Tapirus terrestris",-25.69222,-54.18265
"1640",80281,"Tapirus terrestris",-25.69213,-54.18577
"1641",80281,"Tapirus terrestris",-25.69209,-54.18657
"1642",80281,"Tapirus terrestris",-25.68956,-54.17903
"1643",80281,"Tapirus terrestris",-25.67309,-54.1781
"1644",80281,"Tapirus terrestris",-25.68664,-54.27314
"1646",80281,"Tapirus terrestris",-25.68663,-54.27256
"1647",80281,"Tapirus terrestris",-25.6866,-54.2727
"1648",80281,"Tapirus terrestris",-25.68655,-54.2733
"1649",80281,"Tapirus terrestris",-25.68653,-54.27333
"1650",80281,"Tapirus terrestris",-25.68651,-54.2728
"1652",80281,"Tapirus terrestris",-25.6865,-54.27344
"1654",80281,"Tapirus terrestris",-25.6865,-54.27303
"1656",80281,"Tapirus terrestris",-25.68648,-54.27307
"1657",80281,"Tapirus terrestris",-25.68646,-54.27349
"1658",80281,"Tapirus terrestris",-25.68634,-54.27351
"1659",80281,"Tapirus terrestris",-25.68616,-54.2736
"1660",80281,"Tapirus terrestris",-25.6861,-54.27353
"1661",80281,"Tapirus terrestris",-25.68603,-54.27361
"1663",80281,"Tapirus terrestris",-25.68603,-54.27359
"1664",80281,"Tapirus terrestris",-25.68597,-54.27348
"1666",80281,"Tapirus terrestris",-25.68594,-54.27346
"1667",80281,"Tapirus terrestris",-25.68578,-54.27346
"1668",80281,"Tapirus terrestris",-25.68564,-54.27373
"1669",80281,"Tapirus terrestris",-25.6856,-54.27358
"1670",80281,"Tapirus terrestris",-25.68554,-54.27371
"1671",80281,"Tapirus terrestris",-25.6852,-54.27375
"1672",80281,"Tapirus terrestris",-25.68506,-54.27376
"1674",80281,"Tapirus terrestris",-25.68493,-54.27411
"1676",80281,"Tapirus terrestris",-25.68492,-54.27438
"1678",80281,"Tapirus terrestris",-25.68492,-54.27373
"1679",80281,"Tapirus terrestris",-25.68491,-54.27435
"1681",80281,"Tapirus terrestris",-25.68491,-54.27396
"1683",80281,"Tapirus terrestris",-25.6849,-54.2739
"1684",80281,"Tapirus terrestris",-25.68489,-54.27376
"1685",80281,"Tapirus terrestris",-25.68488,-54.27446
"1686",80281,"Tapirus terrestris",-25.68488,-54.27382
"1688",80281,"Tapirus terrestris",-25.68483,-54.27452
"1689",80281,"Tapirus terrestris",-25.68473,-54.27454
"1690",80281,"Tapirus terrestris",-25.68471,-54.27456
"1691",80281,"Tapirus terrestris",-25.6844,-54.27454
"1692",80281,"Tapirus terrestris",-25.6843,-54.27459
"1693",80281,"Tapirus terrestris",-25.68429,-54.27484
"1694",80281,"Tapirus terrestris",-25.68424,-54.27428
"1695",80281,"Tapirus terrestris",-25.6528,-54.40307
"1698",80281,"Tapirus terrestris",-25.68422,-54.27422
"1699",80281,"Tapirus terrestris",-25.68412,-54.27403
"1701",80281,"Tapirus terrestris",-25.68411,-54.27413
"1702",80281,"Tapirus terrestris",-25.68407,-54.27378
"1703",80281,"Tapirus terrestris",-25.68405,-54.27385
"1704",80281,"Tapirus terrestris",-25.68404,-54.27404
"1705",80281,"Tapirus terrestris",-25.68403,-54.27407
"1706",80281,"Tapirus terrestris",-25.68399,-54.27394
"1707",80281,"Tapirus terrestris",-25.68399,-54.27373
"1708",80281,"Tapirus terrestris",-25.6837,-54.27354
"1710",80281,"Tapirus terrestris",-25.68366,-54.27349
"1711",80281,"Tapirus terrestris",-25.68364,-54.27352
"1712",80281,"Tapirus terrestris",-25.68361,-54.2734
"1713",80281,"Tapirus terrestris",-25.68351,-54.27335
"1714",80281,"Tapirus terrestris",-25.68347,-54.27356
"1715",80281,"Tapirus terrestris",-25.68346,-54.27349
"1716",80281,"Tapirus terrestris",-25.68339,-54.2738
"1717",80281,"Tapirus terrestris",-25.68333,-54.27386
"1718",80281,"Tapirus terrestris",-25.68323,-54.27383
"1719",80281,"Tapirus terrestris",-25.68316,-54.27345
"1720",80281,"Tapirus terrestris",-25.68312,-54.27316
"1721",80281,"Tapirus terrestris",-25.68301,-54.27319
"1722",80281,"Tapirus terrestris",-25.68292,-54.27364
"1723",80281,"Tapirus terrestris",-25.68285,-54.27363
"1724",80281,"Tapirus terrestris",-25.68282,-54.27312
"1725",80281,"Tapirus terrestris",-25.68276,-54.27311
"1727",80281,"Tapirus terrestris",-25.68275,-54.27301
"1728",80281,"Tapirus terrestris",-25.68271,-54.27298
"1729",80281,"Tapirus terrestris",-25.68261,-54.27304
"1730",80281,"Tapirus terrestris",-25.68258,-54.27296
"1731",80281,"Tapirus terrestris",-25.68232,-54.27288
"1732",80281,"Tapirus terrestris",-25.68227,-54.27278
"1733",80281,"Tapirus terrestris",-25.68214,-54.2727
"1734",80281,"Tapirus terrestris",-25.68186,-54.27251
"1735",80281,"Tapirus terrestris",-25.6818,-54.27236
"1736",80281,"Tapirus terrestris",-25.6876,-54.31244
"1739",80281,"Tapirus terrestris",-25.68165,-54.27237
"1740",80281,"Tapirus terrestris",-25.68126,-54.27172
"1742",80281,"Tapirus terrestris",-25.68115,-54.27208
"1743",80281,"Tapirus terrestris",-25.68104,-54.27175
"1744",80281,"Tapirus terrestris",-25.68087,-54.27188
"1745",80281,"Tapirus terrestris",-25.68085,-54.27191
"1746",80281,"Tapirus terrestris",-25.68053,-54.27181
"1747",80281,"Tapirus terrestris",-25.68032,-54.27196
"1748",80281,"Tapirus terrestris",-25.68028,-54.27212
"1749",80281,"Tapirus terrestris",-25.68021,-54.27198
"1750",80281,"Tapirus terrestris",-25.68011,-54.27169
"1751",80281,"Tapirus terrestris",-25.6801,-54.27178
"1752",80281,"Tapirus terrestris",-25.68005,-54.27156
"1753",80281,"Tapirus terrestris",-25.68001,-54.27157
"1754",80281,"Tapirus terrestris",-25.67965,-54.27172
"1755",80281,"Tapirus terrestris",-25.67965,-54.27147
"1756",80281,"Tapirus terrestris",-25.67937,-54.27137
"1757",80281,"Tapirus terrestris",-25.70299,-54.43553
"1758",80281,"Tapirus terrestris",-25.67926,-54.27147
"1759",80281,"Tapirus terrestris",-25.67925,-54.27152
"1760",80281,"Tapirus terrestris",-25.67889,-54.27139
"1761",80281,"Tapirus terrestris",-25.6784,-54.27115
"1762",80281,"Tapirus terrestris",-25.6776,-54.27106
"1763",80281,"Tapirus terrestris",-25.67757,-54.27096
"1764",80281,"Tapirus terrestris",-25.67755,-54.27136
"1765",80281,"Tapirus terrestris",-25.67738,-54.2712
"1766",80281,"Tapirus terrestris",-25.67735,-54.27104
"1767",80281,"Tapirus terrestris",-25.6771,-54.27109
"1768",80281,"Tapirus terrestris",-25.6769,-54.27083
"1769",80281,"Tapirus terrestris",-25.67686,-54.27083
"1770",80281,"Tapirus terrestris",-25.67655,-54.27122
"1771",80281,"Tapirus terrestris",-25.67346,-54.27067
"1772",80281,"Tapirus terrestris",-25.67352,-54.27067
"1773",80281,"Tapirus terrestris",-25.68918,-54.26471
"1774",80281,"Tapirus terrestris",-25.68905,-54.26449
"1775",80281,"Tapirus terrestris",-25.68893,-54.26031
"1776",80281,"Tapirus terrestris",-25.6889,-54.2646
"1777",80281,"Tapirus terrestris",-25.6889,-54.26428
"1778",80281,"Tapirus terrestris",-25.68877,-54.26529
"1779",80281,"Tapirus terrestris",-25.68872,-54.26346
"1780",80281,"Tapirus terrestris",-25.6887,-54.26362
"1781",80281,"Tapirus terrestris",-25.68868,-54.26076
"1782",80281,"Tapirus terrestris",-25.68864,-54.26519
"1783",80281,"Tapirus terrestris",-25.68862,-54.26501
"1784",80281,"Tapirus terrestris",-25.6886,-54.26093
"1785",80281,"Tapirus terrestris",-25.68858,-54.2634
"1786",80281,"Tapirus terrestris",-25.68847,-54.26496
"1787",80281,"Tapirus terrestris",-25.68843,-54.2614
"1788",80281,"Tapirus terrestris",-25.6884,-54.26298
"1789",80281,"Tapirus terrestris",-25.68836,-54.26298
"1790",80281,"Tapirus terrestris",-25.6883,-54.27197
"1791",80281,"Tapirus terrestris",-25.6883,-54.26217
"1792",80281,"Tapirus terrestris",-25.68828,-54.26156
"1793",80281,"Tapirus terrestris",-25.68827,-54.26525
"1794",80281,"Tapirus terrestris",-25.68822,-54.26682
"1795",80281,"Tapirus terrestris",-25.68822,-54.26301
"1796",80281,"Tapirus terrestris",-25.68822,-54.26186
"1797",80281,"Tapirus terrestris",-25.68817,-54.26306
"1798",80281,"Tapirus terrestris",-25.68813,-54.26279
"1799",80281,"Tapirus terrestris",-25.68809,-54.26304
"1800",80281,"Tapirus terrestris",-25.68808,-54.27219
"1802",80281,"Tapirus terrestris",-25.68806,-54.26224
"1803",80281,"Tapirus terrestris",-25.68801,-54.27216
"1804",80281,"Tapirus terrestris",-25.68801,-54.26231
"1805",80281,"Tapirus terrestris",-25.688,-54.26227
"1806",80281,"Tapirus terrestris",-25.68795,-54.2656
"1807",80281,"Tapirus terrestris",-25.68793,-54.26783
"1808",80281,"Tapirus terrestris",-25.6276,-54.5374
"1809",80281,"Tapirus terrestris",-25.68792,-54.27186
"1810",80281,"Tapirus terrestris",-25.68789,-54.27173
"1811",80281,"Tapirus terrestris",-25.68788,-54.27169
"1812",80281,"Tapirus terrestris",-25.68785,-54.26598
"1813",80281,"Tapirus terrestris",-25.68785,-54.26597
"1814",80281,"Tapirus terrestris",-25.68783,-54.27163
"1815",80281,"Tapirus terrestris",-25.6878,-54.26853
"1816",80281,"Tapirus terrestris",-25.68778,-54.26609
"1817",80281,"Tapirus terrestris",-25.68776,-54.27154
"1818",80281,"Tapirus terrestris",-25.68776,-54.27147
"1819",80281,"Tapirus terrestris",-25.68773,-54.2721
"1820",80281,"Tapirus terrestris",-25.68773,-54.26772
"1821",80281,"Tapirus terrestris",-25.68773,-54.26705
"1822",80281,"Tapirus terrestris",-25.68771,-54.27142
"1823",80281,"Tapirus terrestris",-25.6877,-54.26993
"1824",80281,"Tapirus terrestris",-25.68765,-54.26765
"1825",80281,"Tapirus terrestris",-25.68764,-54.2721
"1826",80281,"Tapirus terrestris",-25.68764,-54.26897
"1827",80281,"Tapirus terrestris",-25.68762,-54.27123
"1828",80281,"Tapirus terrestris",-25.68762,-54.26978
"1829",80281,"Tapirus terrestris",-25.68758,-54.27206
"1830",80281,"Tapirus terrestris",-25.68758,-54.26654
"1831",80281,"Tapirus terrestris",-25.68757,-54.26981
"1832",80281,"Tapirus terrestris",-25.68752,-54.26988
"1833",80281,"Tapirus terrestris",-25.68749,-54.27201
"1834",80281,"Tapirus terrestris",-25.68748,-54.27093
"1836",80281,"Tapirus terrestris",-25.68746,-54.27214
"1837",80281,"Tapirus terrestris",-25.68741,-54.27084
"1838",80281,"Tapirus terrestris",-25.68741,-54.27026
"1839",80281,"Tapirus terrestris",-25.68738,-54.27232
"1840",80281,"Tapirus terrestris",-25.68738,-54.26705
"1841",80281,"Tapirus terrestris",-25.68736,-54.27256
"1843",80281,"Tapirus terrestris",-25.68735,-54.27251
"1844",80281,"Tapirus terrestris",-25.68733,-54.2728
"1847",80281,"Tapirus terrestris",-25.68729,-54.27271
"1849",80281,"Tapirus terrestris",-25.68729,-54.27262
"1850",80281,"Tapirus terrestris",-25.68728,-54.27238
"1851",80281,"Tapirus terrestris",-25.68728,-54.27057
"1853",80281,"Tapirus terrestris",-25.68726,-54.2724
"1854",80281,"Tapirus terrestris",-25.68725,-54.27247
"1855",80281,"Tapirus terrestris",-25.68724,-54.27239
"1856",80281,"Tapirus terrestris",-25.6872,-54.27035
"1857",80281,"Tapirus terrestris",-25.68719,-54.27043
"1858",80281,"Tapirus terrestris",-25.68716,-54.27282
"1859",80281,"Tapirus terrestris",-25.6871,-54.27279
"1860",80281,"Tapirus terrestris",-25.68691,-54.27271
"1861",80281,"Tapirus terrestris",-25.68687,-54.27274
"1862",80281,"Tapirus terrestris",-25.68684,-54.27273
"1863",80281,"Tapirus terrestris",-25.68682,-54.27271
"1864",80281,"Tapirus terrestris",-25.68681,-54.27252
"1865",80281,"Tapirus terrestris",-25.68672,-54.27256
"1867",80281,"Tapirus terrestris",-25.72244,-54.42796
"1869",80281,"Tapirus terrestris",-25.71831,-54.43093
"1870",80281,"Tapirus terrestris",-25.68941,-54.31469
"1871",80281,"Tapirus terrestris",-25.69798,-54.36333
"1872",80281,"Tapirus terrestris",-25.56357,-54.29769
"1873",80281,"Tapirus terrestris",-25.67338,-54.25801
"1874",80281,"Tapirus terrestris",-25.72278,-54.40577
"1875",80281,"Tapirus terrestris",-25.70297,-54.43829
"1876",80281,"Tapirus terrestris",-25.68881,-54.47532
"1877",80281,"Tapirus terrestris",-25.67337,-54.27081
"1878",80281,"Tapirus terrestris",-25.70072,-54.34636
"1879",80281,"Tapirus terrestris",-25.64541,-58.17028
"1880",80281,"Tapirus terrestris",-25.66858,-54.35293
"1881",80281,"Tapirus terrestris",-25.65734,-54.37397
"1882",80281,"Tapirus terrestris",-25.67404,-54.41015
"1883",80281,"Tapirus terrestris",-25.67985,-54.44778
"1884",80281,"Tapirus terrestris",-25.70349,-54.42512
"1885",80281,"Tapirus terrestris",-25.67919,-54.48778
"1886",80281,"Tapirus terrestris",-25.65273,-54.52269
"1887",80281,"Tapirus terrestris",-24.72809,-64.63975
"1888",80281,"Tapirus terrestris",-25.96017,-54.16269
"1889",80281,"Tapirus terrestris",-25.99086,-54.06545
"1890",80281,"Tapirus terrestris",-25.59501,-54.14871
"1891",80281,"Tapirus terrestris",-9.597601,-55.931152
"1893",80281,"Tapirus terrestris",-12.357442,-70.708008
"1894",80281,"Tapirus terrestris",-16.50462,-56.675194
"1896",80281,"Tapirus terrestris",-19.496693,-56.9557
"1897",80281,"Tapirus terrestris",3.650503,-58.746901
"1898",80281,"Tapirus terrestris",-13.498476,-56.611519
"1899",80281,"Tapirus terrestris",-19.588499,-56.087017
"1900",80281,"Tapirus terrestris",-26.235086,-59.80637
"1901",80281,"Tapirus terrestris",-17.694802,-63.816244
"1902",80281,"Tapirus terrestris",-14.141778,-68.236513
"1903",80281,"Tapirus terrestris",4.597286,-73.959772
"1904",80281,"Tapirus terrestris",-17.655236,-63.132177
"1905",80281,"Tapirus terrestris",41.8341,-87.8335
"1906",80281,"Tapirus terrestris",-18.75,-62.217
"1907",80281,"Tapirus terrestris",-12.838,-69.295
"1908",80281,"Tapirus terrestris",-19.917,-62.567
"1909",80281,"Tapirus terrestris",-12.517,-68.7
"1910",80281,"Tapirus terrestris",3.25,-59.25
"1911",80281,"Tapirus terrestris",3.192,-58.812
"1912",80281,"Tapirus terrestris",-11.78,-73.341
"1913",80281,"Tapirus terrestris",-10.767,-66.733
"1914",80281,"Tapirus terrestris",-4.283,-78.633
"1915",80281,"Tapirus terrestris",-9.786,-65.525
"1916",80281,"Tapirus terrestris",-4.1,-78.383
"1917",80281,"Tapirus terrestris",-10.667,-66.85
"1919",80281,"Tapirus terrestris",4.82,-54.589
"1920",80281,"Tapirus terrestris",4.27,-54.738
"1921",80281,"Tapirus terrestris",-20.656,-64.34
"1922",80281,"Tapirus terrestris",-13.503,-69.683
"1923",80281,"Tapirus terrestris",-9.867,-65.7
"1924",80281,"Tapirus terrestris",-3.483,-78.233
"1925",80281,"Tapirus terrestris",-13.142,-69.607
"1926",80281,"Tapirus terrestris",-12.658,-68.738
"1927",80281,"Tapirus terrestris",-13,-69.083
"1928",80281,"Tapirus terrestris",-20.712,-64.305
"1929",80281,"Tapirus terrestris",-0.773302,-76.326483
"1930",80281,"Tapirus terrestris",-0.674108,-76.233306
"1931",80281,"Tapirus terrestris",-0.78511,-76.228948
"1932",80281,"Tapirus terrestris",-0.700265,-76.200238
"1936",80281,"Tapirus terrestris",-2.570542,-59.632537
"1937",80281,"Tapirus terrestris",-15.684059,-47.826051
"1938",80281,"Tapirus terrestris",4.989576,-70.2972
"1939",80281,"Tapirus terrestris",40.1667,-83.0833
"1943",80281,"Tapirus terrestris",-26.6,-54.66867
"1944",80281,"Tapirus terrestris",-25.94883,-60.62291
"3120",80281,"Tapirus terrestris",-25.67433,-54.27076
"3223",80281,"Tapirus terrestris",-25.68857,-54.45631
"3225",80281,"Tapirus terrestris",-25.57884,-54.23953
"3226",80281,"Tapirus terrestris",-25.68275,-54.4181
"3227",80281,"Tapirus terrestris",-25.67375,-54.25361
"3228",80281,"Tapirus terrestris",-25.71494,-54.45185
"3229",80281,"Tapirus terrestris",-25.68116,-54.41945
"3239",80281,"Tapirus terrestris",-25.02649,-58.08139
"3261",80281,"Tapirus terrestris",-25.97427,-54.11633
"3263",80281,"Tapirus terrestris",-25.71713,-54.46277
"3382",80281,"Tapirus terrestris",3.56866,-54.01495
"3387",80281,"Tapirus terrestris",3.20804,-53.74416
"3390",80281,"Tapirus terrestris",3.65987,-53.74545
"3398",80281,"Tapirus terrestris",3.02938,-52.75455
"3400",80281,"Tapirus terrestris",2.30571,-52.93331
"3401",80281,"Tapirus terrestris",3.659,-54.01525
"3404",80281,"Tapirus terrestris",3.38797,-54.01438
"3425",80281,"Tapirus terrestris",3.74903,-54.10549
"3426",80281,"Tapirus terrestris",3.39203,-52.1252
"3427",80281,"Tapirus terrestris",2.21505,-53.11295
"3439",80281,"Tapirus terrestris",3.9297,-54.10614
"3459",80281,"Tapirus terrestris",3.30096,-52.57505
"3464",80281,"Tapirus terrestris",3.29763,-54.0141
"3484",80281,"Tapirus terrestris",-11.83753,-71.493894
"3485",80281,"Tapirus terrestris",-16.756116,-57.865092
"3486",80281,"Tapirus terrestris",-16.711985,-57.885714
"3487",80281,"Tapirus terrestris",7.47211,-76.173375
