"","taxon_id","taxon_name","decimal_latitude","decimal_longitude"
"1",81040,"Tragelaphus scriptus",-0.93333,36.56667
"2",81040,"Tragelaphus scriptus",-3.58333,35.83333
"3",81040,"Tragelaphus scriptus",-34.376957,20.534354
"4",81040,"Tragelaphus scriptus",6.22,-8.13
"5",81040,"Tragelaphus scriptus",-34.03757,22.233344
"6",81040,"Tragelaphus scriptus",-27.901269,32.271499
"7",81040,"Tragelaphus scriptus",-32.254126,28.877157
"8",81040,"Tragelaphus scriptus",-1.078701,35.233385
"9",81040,"Tragelaphus scriptus",-0.052835,30.079992
"10",81040,"Tragelaphus scriptus",7.100679,39.792166
"11",81040,"Tragelaphus scriptus",12.44985,2.601143
"12",81040,"Tragelaphus scriptus",12.448482,2.38504
"13",81040,"Tragelaphus scriptus",12.524519,2.718088
"14",81040,"Tragelaphus scriptus",11.99247,2.21139
"15",81040,"Tragelaphus scriptus",11,2
"16",81040,"Tragelaphus scriptus",11.53966,1.45151
"17",81040,"Tragelaphus scriptus",12.42656,2.31717
"19",81040,"Tragelaphus scriptus",11.954761,2.219183
"20",81040,"Tragelaphus scriptus",12.43071,2.5825
"21",81040,"Tragelaphus scriptus",12.33216,2.39438
"22",81040,"Tragelaphus scriptus",12.49797,2.68662
"23",81040,"Tragelaphus scriptus",12.06196,2.41626
"24",81040,"Tragelaphus scriptus",11.763831,2.178897
"25",81040,"Tragelaphus scriptus",-10.586625,33.804159
"26",81040,"Tragelaphus scriptus",-19.266151,23.360023
"27",81040,"Tragelaphus scriptus",-18.905734,34.407678
"28",81040,"Tragelaphus scriptus",2.288547,31.388283
"29",81040,"Tragelaphus scriptus",-0.199193,29.910058
"30",81040,"Tragelaphus scriptus",-7.318379,37.092311
"31",81040,"Tragelaphus scriptus",-14.581274,26.209559
"32",81040,"Tragelaphus scriptus",11.094645,1.118031
"33",81040,"Tragelaphus scriptus",11.027527,1.125173
"34",81040,"Tragelaphus scriptus",12.227512,2.39065
"36",81040,"Tragelaphus scriptus",12.472626,2.437141
"37",81040,"Tragelaphus scriptus",-26.450189,32.918175
"38",81040,"Tragelaphus scriptus",-12.574093,30.233905
"39",81040,"Tragelaphus scriptus",-6.904676,31.171349
"40",81040,"Tragelaphus scriptus",11.464517,1.471917
"41",81040,"Tragelaphus scriptus",11.17915,1.67255
"42",81040,"Tragelaphus scriptus",11.370767,1.6027
"43",81040,"Tragelaphus scriptus",11.422033,1.589333
"44",81040,"Tragelaphus scriptus",-23.854232,31.574432
"45",81040,"Tragelaphus scriptus",11.925861,2.393361
"46",81040,"Tragelaphus scriptus",12.19875,2.3835
"47",81040,"Tragelaphus scriptus",12.168222,2.381417
"48",81040,"Tragelaphus scriptus",12.201667,2.377861
"49",81040,"Tragelaphus scriptus",12.254222,2.433694
"50",81040,"Tragelaphus scriptus",11.906167,2.412917
"51",81040,"Tragelaphus scriptus",12.143583,2.312389
"52",81040,"Tragelaphus scriptus",12.080111,2.411528
"53",81040,"Tragelaphus scriptus",12.142472,2.313306
"54",81040,"Tragelaphus scriptus",12.132778,2.380167
"55",81040,"Tragelaphus scriptus",11.935639,2.395556
"61",81040,"Tragelaphus scriptus",11.982028,2.446556
"62",81040,"Tragelaphus scriptus",12.255417,2.393333
"63",81040,"Tragelaphus scriptus",11.889667,2.397556
"64",81040,"Tragelaphus scriptus",12.255583,2.416028
"70",81040,"Tragelaphus scriptus",12.212083,2.375139
"71",81040,"Tragelaphus scriptus",11.9305,2.391361
"73",81040,"Tragelaphus scriptus",12.25825,2.402833
"75",81040,"Tragelaphus scriptus",-18.937818,32.678648
"99",81040,"Tragelaphus scriptus",-15.942018,28.934062
"100",81040,"Tragelaphus scriptus",-25.425137,31.443987
"101",81040,"Tragelaphus scriptus",0.562802,30.356317
"102",81040,"Tragelaphus scriptus",11.092233,1.756083
"103",81040,"Tragelaphus scriptus",-0.457301,36.719055
"104",81040,"Tragelaphus scriptus",13.266011,38.077754
"105",81040,"Tragelaphus scriptus",-1.2167,35.4667
"106",81040,"Tragelaphus scriptus",-0.2333,36.8167
"109",81040,"Tragelaphus scriptus",-3.242978,36.79291
"110",81040,"Tragelaphus scriptus",-6.029993,38.779247
"111",81040,"Tragelaphus scriptus",3.750349,29.520647
"112",81040,"Tragelaphus scriptus",-0.207839,29.896502
"113",81040,"Tragelaphus scriptus",-13.102956,31.78865
"114",81040,"Tragelaphus scriptus",-13.09925,31.791605
"115",81040,"Tragelaphus scriptus",1.5343,37.24429
"116",81040,"Tragelaphus scriptus",1.53516,37.21453
"117",81040,"Tragelaphus scriptus",-22.214543,29.09523
"118",81040,"Tragelaphus scriptus",-15.538783,28.336448
"119",81040,"Tragelaphus scriptus",-34.028496,21.89464
"120",81040,"Tragelaphus scriptus",-3.5,35.833333
"121",81040,"Tragelaphus scriptus",4.005775,29.594734
"122",81040,"Tragelaphus scriptus",-24.260468,31.645529
"123",81040,"Tragelaphus scriptus",-13.098036,31.786156
"124",81040,"Tragelaphus scriptus",-13.705905,34.430527
"125",81040,"Tragelaphus scriptus",-10.58503,33.79924
"126",81040,"Tragelaphus scriptus",-12.780259,32.048447
"127",81040,"Tragelaphus scriptus",3.751851,29.517491
"128",81040,"Tragelaphus scriptus",-0.28,37.12
"129",81040,"Tragelaphus scriptus",-24.205108,30.888061
"130",81040,"Tragelaphus scriptus",-24.205108,30.88819
"132",81040,"Tragelaphus scriptus",-25.101145,31.889877
"133",81040,"Tragelaphus scriptus",-23.856169,31.574364
"134",81040,"Tragelaphus scriptus",-24.991348,31.498146
"135",81040,"Tragelaphus scriptus",-28.659658,29.325035
"136",81040,"Tragelaphus scriptus",-1.876751,30.707088
"137",81040,"Tragelaphus scriptus",-9.193061,13.31915
"138",81040,"Tragelaphus scriptus",-9.21596,13.27652
"139",81040,"Tragelaphus scriptus",5.311515,-8.784983
"140",81040,"Tragelaphus scriptus",5.515921,-8.534191
"141",81040,"Tragelaphus scriptus",-16.215995,34.784183
"142",81040,"Tragelaphus scriptus",-2.428786,34.820588
"143",81040,"Tragelaphus scriptus",-18.224134,21.643066
"144",81040,"Tragelaphus scriptus",-7.685833,34.650555
"146",81040,"Tragelaphus scriptus",-13.16667,31.5
"147",81040,"Tragelaphus scriptus",-1.566667,29.033333
"148",81040,"Tragelaphus scriptus",-8.933333,27.2
"149",81040,"Tragelaphus scriptus",0.416667,29.766667
"150",81040,"Tragelaphus scriptus",-0.516667,29.333333
"151",81040,"Tragelaphus scriptus",-8.65,26.516667
"152",81040,"Tragelaphus scriptus",-8.366667,29.633333
"154",81040,"Tragelaphus scriptus",0.55,29.816667
"155",81040,"Tragelaphus scriptus",1.05,29.15
"157",81040,"Tragelaphus scriptus",0.433333,29.766667
"158",81040,"Tragelaphus scriptus",-7.416667,31.983333
"159",81040,"Tragelaphus scriptus",0.583333,29.916667
"160",81040,"Tragelaphus scriptus",0.5,29.666667
"161",81040,"Tragelaphus scriptus",-2.166667,30.533333
"162",81040,"Tragelaphus scriptus",-2.983333,38.516667
"163",81040,"Tragelaphus scriptus",-1.383333,29.033333
"169",81040,"Tragelaphus scriptus",0.666667,29.666667
"171",81040,"Tragelaphus scriptus",-3.966667,29.433333
"172",81040,"Tragelaphus scriptus",-1.416667,29.2
"177",81040,"Tragelaphus scriptus",-0.603115,30.935126
"178",81040,"Tragelaphus scriptus",-0.626432,30.979566
"179",81040,"Tragelaphus scriptus",-0.534754,31.018274
"180",81040,"Tragelaphus scriptus",-0.631669,30.982699
"182",81040,"Tragelaphus scriptus",-0.625709,30.979198
"183",81040,"Tragelaphus scriptus",-0.536753,31.021588
"189",81040,"Tragelaphus scriptus",-0.536418,31.018516
"191",81040,"Tragelaphus scriptus",-0.603026,30.937596
"215",81040,"Tragelaphus scriptus",-0.602066,30.932396
"1009",81040,"Tragelaphus scriptus",10.8044,2.8904
"1010",81040,"Tragelaphus scriptus",10.3953,2.731
"1011",81040,"Tragelaphus scriptus",6.5262,2.7048
"1012",81040,"Tragelaphus scriptus",7.8738,2.2091
"1013",81040,"Tragelaphus scriptus",7.2068,2.4048
"1014",81040,"Tragelaphus scriptus",9.7666,2.6166
"1015",81040,"Tragelaphus scriptus",7.0017,2.6093
"1017",81040,"Tragelaphus scriptus",6.9211,2.4072
"1018",81040,"Tragelaphus scriptus",6.535,2.6843
"1019",81040,"Tragelaphus scriptus",8.5002,2.4067
"1020",81040,"Tragelaphus scriptus",9.5007,1.9763
"1021",81040,"Tragelaphus scriptus",6.5422,2.6568
"1022",81040,"Tragelaphus scriptus",10.2197,2.6573
"1023",81040,"Tragelaphus scriptus",6.581949,2.407526
"1024",81040,"Tragelaphus scriptus",7.1596,2.5419
"1025",81040,"Tragelaphus scriptus",7.203,2.3856
"1026",81040,"Tragelaphus scriptus",10.5221,1.2841
"1027",81040,"Tragelaphus scriptus",7.1005,2.639
"1028",81040,"Tragelaphus scriptus",6.5337,2.6599
"1029",81040,"Tragelaphus scriptus",8.05,2.3
"1030",81040,"Tragelaphus scriptus",7.523889,1.696667
"1031",81040,"Tragelaphus scriptus",10.7378,2.1265
"1032",81040,"Tragelaphus scriptus",6.9026,2.5076
"1033",81040,"Tragelaphus scriptus",8.587,2.5564
"1034",81040,"Tragelaphus scriptus",8.2376,1.9692
"1035",81040,"Tragelaphus scriptus",11.421767,1.557312
"1036",81040,"Tragelaphus scriptus",6.8008,1.738
"1038",81040,"Tragelaphus scriptus",6.9096,2.4908
"1039",81040,"Tragelaphus scriptus",7.903889,1.833611
"1040",81040,"Tragelaphus scriptus",10.5423,1.2085
"1041",81040,"Tragelaphus scriptus",10.6433,1.3176
"1042",81040,"Tragelaphus scriptus",9.0072,1.7248
"1043",81040,"Tragelaphus scriptus",8.1715,1.9088
"1045",81040,"Tragelaphus scriptus",6.7741,1.8377
"1047",81040,"Tragelaphus scriptus",-3.372417,35.827741
"1048",81040,"Tragelaphus scriptus",6.995948,39.665451
"1049",81040,"Tragelaphus scriptus",6.610726,39.822006
"1050",81040,"Tragelaphus scriptus",-3.499019,38.206922
"1051",81040,"Tragelaphus scriptus",12.188147,35.614929
"1052",81040,"Tragelaphus scriptus",-22.435465,31.25164
"1053",81040,"Tragelaphus scriptus",-3.264262,36.852951
"1054",81040,"Tragelaphus scriptus",-2.436428,34.820568
"1055",81040,"Tragelaphus scriptus",-3.225015,36.901531
"1056",81040,"Tragelaphus scriptus",-25.085604,31.760471
"1058",81040,"Tragelaphus scriptus",-24.005465,31.739975
"1059",81040,"Tragelaphus scriptus",-24.981091,31.573156
"1060",81040,"Tragelaphus scriptus",-17.925087,25.852074
"1061",81040,"Tragelaphus scriptus",-1.227628,35.027161
"1063",81040,"Tragelaphus scriptus",-17.878109,23.303995
"1064",81040,"Tragelaphus scriptus",-3.17274,35.561028
"1065",81040,"Tragelaphus scriptus",-17.922495,25.836733
"1066",81040,"Tragelaphus scriptus",-3.231013,36.862221
"1069",81040,"Tragelaphus scriptus",-3.315333,37.695122
"1072",81040,"Tragelaphus scriptus",-25.162979,31.617205
"1073",81040,"Tragelaphus scriptus",-23.027924,29.509277
"1074",81040,"Tragelaphus scriptus",-17.832375,25.046082
"1075",81040,"Tragelaphus scriptus",-17.896584,25.853062
"1076",81040,"Tragelaphus scriptus",-25.417231,31.198425
"1079",81040,"Tragelaphus scriptus",-0.150204,30.002975
"1080",81040,"Tragelaphus scriptus",-24.046465,31.420898
"1081",81040,"Tragelaphus scriptus",0.219726,34.899445
"1082",81040,"Tragelaphus scriptus",-17.775579,23.338877
"1083",81040,"Tragelaphus scriptus",-17.924189,25.406399
"1084",81040,"Tragelaphus scriptus",9.552,-1.788025
"1086",81040,"Tragelaphus scriptus",-18.136124,21.678843
"1087",81040,"Tragelaphus scriptus",8.767315,-3.810001
"1088",81040,"Tragelaphus scriptus",-23.856012,31.573677
"1090",81040,"Tragelaphus scriptus",12.964413,-13.175354
"1093",81040,"Tragelaphus scriptus",-3.565506,35.748138
"1094",81040,"Tragelaphus scriptus",-18.126242,21.681618
"1095",81040,"Tragelaphus scriptus",-21.018326,16.425518
"1098",81040,"Tragelaphus scriptus",0.28413,36.9102
"1099",81040,"Tragelaphus scriptus",-18.44673,27.755459
"1101",81040,"Tragelaphus scriptus",1.915122,31.41694
"1102",81040,"Tragelaphus scriptus",-24.63,31.73
"1103",81040,"Tragelaphus scriptus",-14.862691,35.292999
"1104",81040,"Tragelaphus scriptus",-33.44271,25.75107
"1105",81040,"Tragelaphus scriptus",3.752028,29.521331
"1107",81040,"Tragelaphus scriptus",12.238111,2.37325
"1108",81040,"Tragelaphus scriptus",-28.082534,32.044454
"1109",81040,"Tragelaphus scriptus",-3.237215,36.905136
"1112",81040,"Tragelaphus scriptus",12.239972,2.371556
"1113",81040,"Tragelaphus scriptus",12.213361,2.375806
"1114",81040,"Tragelaphus scriptus",-28.745989,31.966095
"1115",81040,"Tragelaphus scriptus",11.248202,1.598403
"1117",81040,"Tragelaphus scriptus",-24.923882,31.66028
"1118",81040,"Tragelaphus scriptus",-3.249951,36.749954
"1119",81040,"Tragelaphus scriptus",-1.366574,36.82733
"1120",81040,"Tragelaphus scriptus",-0.629598,31.002731
"1121",81040,"Tragelaphus scriptus",-18.954257,32.684485
"1122",81040,"Tragelaphus scriptus",-33.980697,23.556482
"1123",81040,"Tragelaphus scriptus",3.756873,29.52267
"1124",81040,"Tragelaphus scriptus",-15.387526,28.322817
"1125",81040,"Tragelaphus scriptus",-17.859295,25.797712
"1126",81040,"Tragelaphus scriptus",11.413892,1.549072
"1128",81040,"Tragelaphus scriptus",-7.5487,36.525319
"1132",81040,"Tragelaphus scriptus",-0.348093,36.812781
"1133",81040,"Tragelaphus scriptus",-28.169966,31.952987
"1134",81040,"Tragelaphus scriptus",3.750957,29.513456
"1135",81040,"Tragelaphus scriptus",11.243179,1.603764
"1136",81040,"Tragelaphus scriptus",12.076329,3.191864
"1137",81040,"Tragelaphus scriptus",10.53225,3.118761
"1138",81040,"Tragelaphus scriptus",10.764364,2.110859
"1139",81040,"Tragelaphus scriptus",8.296999,1.966141
"1140",81040,"Tragelaphus scriptus",8.955147,2.184746
"1141",81040,"Tragelaphus scriptus",11.405493,3.405493
"1142",81040,"Tragelaphus scriptus",11.121374,3.101978
"1143",81040,"Tragelaphus scriptus",-23.102478,27.882387
"1144",81040,"Tragelaphus scriptus",-24.26,31.645
"1145",81040,"Tragelaphus scriptus",-23.854028,31.575412
"1146",81040,"Tragelaphus scriptus",-17.875556,25.8225
"1147",81040,"Tragelaphus scriptus",-17.924985,25.847654
"1148",81040,"Tragelaphus scriptus",8.142165,13.767929
"1149",81040,"Tragelaphus scriptus",-15.908353,25.95785
"1151",81040,"Tragelaphus scriptus",-23.137203,31.452656
"1152",81040,"Tragelaphus scriptus",-1.34,29.363
"1153",81040,"Tragelaphus scriptus",-3.266661,36.829605
"1154",81040,"Tragelaphus scriptus",6.741541,38.444061
"1155",81040,"Tragelaphus scriptus",11.45358,1.65646
"1156",81040,"Tragelaphus scriptus",11.61659,1.27862
"1159",81040,"Tragelaphus scriptus",11.908704,2.811239
"1160",81040,"Tragelaphus scriptus",12.044693,3.032227
"1163",81040,"Tragelaphus scriptus",11.70889,2.04826
"1166",81040,"Tragelaphus scriptus",11.43472,1.73042
"1167",81040,"Tragelaphus scriptus",11.898161,2.407989
"1168",81040,"Tragelaphus scriptus",12.371303,2.433622
"1169",81040,"Tragelaphus scriptus",12.385455,2.554227
"1171",81040,"Tragelaphus scriptus",-18.899925,34.351348
"1173",81040,"Tragelaphus scriptus",-33.942108,22.46168
"1174",81040,"Tragelaphus scriptus",-24.986369,31.623459
"1175",81040,"Tragelaphus scriptus",-25.060721,31.8013
"1176",81040,"Tragelaphus scriptus",-20.322374,24.319053
"1177",81040,"Tragelaphus scriptus",-1.33803,36.78065
"1178",81040,"Tragelaphus scriptus",-18.11456,21.671096
"1179",81040,"Tragelaphus scriptus",6.750056,38.444296
"1180",81040,"Tragelaphus scriptus",-3.225073,36.798612
"1181",81040,"Tragelaphus scriptus",-3.219187,36.766383
"1182",81040,"Tragelaphus scriptus",-24.344073,31.197434
"1183",81040,"Tragelaphus scriptus",-24.11593,28.38875
"1184",81040,"Tragelaphus scriptus",-3.995269,35.629846
"1185",81040,"Tragelaphus scriptus",3.694,29.153
"1186",81040,"Tragelaphus scriptus",-28.123845,32.557018
"1187",81040,"Tragelaphus scriptus",9.42,-7.52
"1188",81040,"Tragelaphus scriptus",-19.58,34.73
"1190",81040,"Tragelaphus scriptus",-2.41083,37.964183
"1191",81040,"Tragelaphus scriptus",-18.17225,21.717028
"1192",81040,"Tragelaphus scriptus",-17.915329,25.855562
"1193",81040,"Tragelaphus scriptus",-20.29376,23.74503
"1194",81040,"Tragelaphus scriptus",-18.69028,34.31361
"1195",81040,"Tragelaphus scriptus",-0.13333,29.86667
"1197",81040,"Tragelaphus scriptus",-3.973267,35.665226
"1198",81040,"Tragelaphus scriptus",13.341395,-13.381047
"1199",81040,"Tragelaphus scriptus",-1.35015,36.767099
"1200",81040,"Tragelaphus scriptus",-12.995453,31.903722
"1201",81040,"Tragelaphus scriptus",-12.995381,31.903731
"1202",81040,"Tragelaphus scriptus",-15.15163,28.492634
"1203",81040,"Tragelaphus scriptus",-2.385035,34.819842
"1204",81040,"Tragelaphus scriptus",-18.207339,21.739626
"1205",81040,"Tragelaphus scriptus",-25.42454,31.448012
"1206",81040,"Tragelaphus scriptus",-28.710742,28.934807
"1207",81040,"Tragelaphus scriptus",-24.417851,31.794434
"1208",81040,"Tragelaphus scriptus",-17.931805,25.825558
"1209",81040,"Tragelaphus scriptus",-17.829115,25.144449
"1210",81040,"Tragelaphus scriptus",-25.324806,27.056083
"1211",81040,"Tragelaphus scriptus",-25.424111,31.448889
"1212",81040,"Tragelaphus scriptus",11.539722,1.450361
"1213",81040,"Tragelaphus scriptus",11.578222,1.460222
"1214",81040,"Tragelaphus scriptus",11.566619,1.457939
"1215",81040,"Tragelaphus scriptus",11.537722,1.452583
"1216",81040,"Tragelaphus scriptus",-18.952578,32.685356
"1217",81040,"Tragelaphus scriptus",-0.1395,30.2913
"1218",81040,"Tragelaphus scriptus",0.5534,30.3903
"1219",81040,"Tragelaphus scriptus",0.4544,30.3903
"1220",81040,"Tragelaphus scriptus",3.5861,31.1102
"1221",81040,"Tragelaphus scriptus",-0.3555,30.2193
"1222",81040,"Tragelaphus scriptus",3.1991,31.5962
"1223",81040,"Tragelaphus scriptus",1.6079,32.0365
"1224",81040,"Tragelaphus scriptus",3.1181,31.6772
"1225",81040,"Tragelaphus scriptus",0.2565,30.8493
"1226",81040,"Tragelaphus scriptus",0.382,30.9136
"1227",81040,"Tragelaphus scriptus",-0.3515,30.0009
"1228",81040,"Tragelaphus scriptus",-0.3915,30.0394
"1229",81040,"Tragelaphus scriptus",3.721,31.2002
"1231",81040,"Tragelaphus scriptus",3.5771,31.1012
"1232",81040,"Tragelaphus scriptus",3.649,31.8391
"1233",81040,"Tragelaphus scriptus",2.2362,32.1541
"1234",81040,"Tragelaphus scriptus",2.2583,31.566
"1235",81040,"Tragelaphus scriptus",-0.3662,30.099
"1236",81040,"Tragelaphus scriptus",1.9784,31.4679
"1238",81040,"Tragelaphus scriptus",3.64,31.8391
"1240",81040,"Tragelaphus scriptus",-0.1503,30.2669
"1242",81040,"Tragelaphus scriptus",2.5307,31.8997
"1244",81040,"Tragelaphus scriptus",1.5276,32.0455
"1245",81040,"Tragelaphus scriptus",-0.1505,30.266
"1246",81040,"Tragelaphus scriptus",-0.1574,30.269
"1248",81040,"Tragelaphus scriptus",0.5714,30.3633
"1249",81040,"Tragelaphus scriptus",2.2493,32.2672
"1250",81040,"Tragelaphus scriptus",-0.3658,30.0291
"1251",81040,"Tragelaphus scriptus",-0.1507,30.267
"1252",81040,"Tragelaphus scriptus",2.419,31.9904
"1254",81040,"Tragelaphus scriptus",1.5471,32.042
"1258",81040,"Tragelaphus scriptus",2.2496,32.2668
"1259",81040,"Tragelaphus scriptus",2.2881,32.2153
"1260",81040,"Tragelaphus scriptus",2.2494,32.267
"1261",81040,"Tragelaphus scriptus",2.5051,31.9252
"1262",81040,"Tragelaphus scriptus",2.4212,31.9986
"1263",81040,"Tragelaphus scriptus",2.2606,32.2533
"1266",81040,"Tragelaphus scriptus",2.2633,32.2512
"1268",81040,"Tragelaphus scriptus",2.419,31.9905
"1270",81040,"Tragelaphus scriptus",2.2608,32.2414
"1273",81040,"Tragelaphus scriptus",2.4662,31.9522
"1278",81040,"Tragelaphus scriptus",2.4508,31.9664
"1284",81040,"Tragelaphus scriptus",2.373,32.0756
"1285",81040,"Tragelaphus scriptus",2.4421,31.9744
"1290",81040,"Tragelaphus scriptus",-28.1264,32.55808
"1291",81040,"Tragelaphus scriptus",-18.958606,34.379233
"1292",81040,"Tragelaphus scriptus",-0.597407,30.931992
"1293",81040,"Tragelaphus scriptus",-24.998373,31.592388
"1294",81040,"Tragelaphus scriptus",-4.252948,39.405899
"1295",81040,"Tragelaphus scriptus",-16.154007,27.553711
"1296",81040,"Tragelaphus scriptus",-24.155525,30.537872
"1297",81040,"Tragelaphus scriptus",-25.239727,27.074432
"1298",81040,"Tragelaphus scriptus",-0.634447,30.969772
"1300",81040,"Tragelaphus scriptus",-17.859175,25.820225
"1308",81040,"Tragelaphus scriptus",-1.573594,35.202942
"1309",81040,"Tragelaphus scriptus",-7.708951,34.874725
"1313",81040,"Tragelaphus scriptus",1.524645,32.087029
"1314",81040,"Tragelaphus scriptus",-11.135053,33.648098
"1315",81040,"Tragelaphus scriptus",-14.855203,35.293392
"1317",81040,"Tragelaphus scriptus",11.4146,1.754
"1318",81040,"Tragelaphus scriptus",11.4434,1.5721
"1319",81040,"Tragelaphus scriptus",11.4222,1.7912
"1320",81040,"Tragelaphus scriptus",11.0558,1.3073
"1321",81040,"Tragelaphus scriptus",11.0339,1.2802
"1322",81040,"Tragelaphus scriptus",11.4282,1.5843
"1323",81040,"Tragelaphus scriptus",11.4069,1.5919
"1324",81040,"Tragelaphus scriptus",11.4257,1.5871
"1325",81040,"Tragelaphus scriptus",11.421,1.7187
"1326",81040,"Tragelaphus scriptus",11.3967,1.6402
"1327",81040,"Tragelaphus scriptus",11.3968,1.6172
"1328",81040,"Tragelaphus scriptus",11.1704,1.3064
"1329",81040,"Tragelaphus scriptus",11.3883,1.615
"1330",81040,"Tragelaphus scriptus",11.3989,1.6787
"1331",81040,"Tragelaphus scriptus",11.4167,1.7636
"1332",81040,"Tragelaphus scriptus",11.41,1.589
"1333",81040,"Tragelaphus scriptus",11.399,1.6804
"1334",81040,"Tragelaphus scriptus",11.4126,1.7481
"1335",81040,"Tragelaphus scriptus",11.1647,1.2924
"1336",81040,"Tragelaphus scriptus",11.1686,1.2758
"1337",81040,"Tragelaphus scriptus",11.408,1.6893
"1338",81040,"Tragelaphus scriptus",11.061,1.2537
"1339",81040,"Tragelaphus scriptus",11.4064,1.6864
"1340",81040,"Tragelaphus scriptus",11.4092,1.5888
"1341",81040,"Tragelaphus scriptus",11.2041,1.5097
"1342",81040,"Tragelaphus scriptus",11.3919,1.6333
"1343",81040,"Tragelaphus scriptus",11.3949,1.608
"1344",81040,"Tragelaphus scriptus",11.3868,1.6127
"1345",81040,"Tragelaphus scriptus",11.3956,1.6375
"1346",81040,"Tragelaphus scriptus",11.3966,1.6169
"1347",81040,"Tragelaphus scriptus",11.402,1.5898
"1348",81040,"Tragelaphus scriptus",11.4283,1.5827
"1349",81040,"Tragelaphus scriptus",11.4267,1.5818
"1350",81040,"Tragelaphus scriptus",11.3971,1.6182
"1351",81040,"Tragelaphus scriptus",11.2096,1.5131
"1352",81040,"Tragelaphus scriptus",11.2026,1.5053
"1353",81040,"Tragelaphus scriptus",11.4633,1.44
"1354",81040,"Tragelaphus scriptus",11.454,1.4375
"1355",81040,"Tragelaphus scriptus",11.3946,1.5918
"1356",81040,"Tragelaphus scriptus",11.4257,1.4004
"1357",81040,"Tragelaphus scriptus",11.3978,1.5923
"1358",81040,"Tragelaphus scriptus",11.4591,1.4385
"1359",81040,"Tragelaphus scriptus",11.2617,1.5593
"1360",81040,"Tragelaphus scriptus",11.4342,1.5741
"1361",81040,"Tragelaphus scriptus",11.2523,1.5569
"1362",81040,"Tragelaphus scriptus",11.37,1.6004
"1363",81040,"Tragelaphus scriptus",11.3954,1.603
"1364",81040,"Tragelaphus scriptus",11.4143,1.7537
"1365",81040,"Tragelaphus scriptus",11.3895,1.6257
"1366",81040,"Tragelaphus scriptus",11.4215,1.5884
"1367",81040,"Tragelaphus scriptus",11.2292,1.5339
"1368",81040,"Tragelaphus scriptus",11.2447,1.1699
"1369",81040,"Tragelaphus scriptus",11.4183,1.7634
"1370",81040,"Tragelaphus scriptus",11.4071,1.5897
"1371",81040,"Tragelaphus scriptus",11.2519,1.5562
"1372",81040,"Tragelaphus scriptus",11.3951,1.6083
"1373",81040,"Tragelaphus scriptus",11.3901,1.605
"1374",81040,"Tragelaphus scriptus",11.2048,1.5099
"1375",81040,"Tragelaphus scriptus",11.4204,1.5881
"1376",81040,"Tragelaphus scriptus",11.4448,1.4633
"1377",81040,"Tragelaphus scriptus",11.3936,1.6357
"1378",81040,"Tragelaphus scriptus",11.4098,1.5896
"1379",81040,"Tragelaphus scriptus",11.251,1.5534
"1380",81040,"Tragelaphus scriptus",11.3888,1.6194
"1381",81040,"Tragelaphus scriptus",11.395,1.6148
"1382",81040,"Tragelaphus scriptus",11.3955,1.6028
"1383",81040,"Tragelaphus scriptus",11.3934,1.5953
"1384",81040,"Tragelaphus scriptus",11.3265,1.3458
"1385",81040,"Tragelaphus scriptus",11.393,1.5957
"1386",81040,"Tragelaphus scriptus",11.4582,1.5642
"1387",81040,"Tragelaphus scriptus",11.3975,1.6723
"1388",81040,"Tragelaphus scriptus",11.2329,1.4159
"1389",81040,"Tragelaphus scriptus",11.4614,1.5661
"1390",81040,"Tragelaphus scriptus",11.407,1.59
"1391",81040,"Tragelaphus scriptus",11.4059,1.3112
"1392",81040,"Tragelaphus scriptus",11.2039,1.5093
"1393",81040,"Tragelaphus scriptus",11.4063,1.5463
"1394",81040,"Tragelaphus scriptus",11.3733,1.366
"1395",81040,"Tragelaphus scriptus",11.3838,1.5916
"1396",81040,"Tragelaphus scriptus",11.2036,1.5053
"1397",81040,"Tragelaphus scriptus",11.2054,1.4648
"1398",81040,"Tragelaphus scriptus",11.4254,1.5873
"1399",81040,"Tragelaphus scriptus",11.4099,1.7438
"1400",81040,"Tragelaphus scriptus",11.453,1.5405
"1401",81040,"Tragelaphus scriptus",11.4281,1.5749
"1402",81040,"Tragelaphus scriptus",11.2611,1.5595
"1403",81040,"Tragelaphus scriptus",11.4021,1.5939
"1404",81040,"Tragelaphus scriptus",11.4012,1.6766
"1405",81040,"Tragelaphus scriptus",11.3918,1.6316
"1406",81040,"Tragelaphus scriptus",11.3928,1.6169
"1407",81040,"Tragelaphus scriptus",11.3958,1.6162
"1408",81040,"Tragelaphus scriptus",11.4494,1.4829
"1409",81040,"Tragelaphus scriptus",11.2038,1.5059
"1410",81040,"Tragelaphus scriptus",11.417,1.7267
"1411",81040,"Tragelaphus scriptus",11.3867,1.6129
"1412",81040,"Tragelaphus scriptus",11.4513,1.5363
"1413",81040,"Tragelaphus scriptus",11.4405,1.5729
"1414",81040,"Tragelaphus scriptus",11.2022,1.4817
"1415",81040,"Tragelaphus scriptus",11.4066,1.6938
"1416",81040,"Tragelaphus scriptus",11.3616,1.6186
"1417",81040,"Tragelaphus scriptus",11.4095,1.7698
"1418",81040,"Tragelaphus scriptus",11.3882,1.6073
"1419",81040,"Tragelaphus scriptus",11.4217,1.7198
"1420",81040,"Tragelaphus scriptus",11.3703,1.5994
"1421",81040,"Tragelaphus scriptus",11.1258,1.3096
"1422",81040,"Tragelaphus scriptus",11.23837,1.37049
"1423",81040,"Tragelaphus scriptus",11.28015,1.27103
"1424",81040,"Tragelaphus scriptus",11.23884,1.40738
"1425",81040,"Tragelaphus scriptus",11.23778,1.39034
"1426",81040,"Tragelaphus scriptus",11.23832,1.38754
"1427",81040,"Tragelaphus scriptus",11.26827,1.34155
"1428",81040,"Tragelaphus scriptus",11.40737,1.59126
"1429",81040,"Tragelaphus scriptus",11.23241,1.36797
"1430",81040,"Tragelaphus scriptus",11.27312,1.28859
"1431",81040,"Tragelaphus scriptus",11.27425,1.2755
"1432",81040,"Tragelaphus scriptus",11.27462,1.33711
"1433",81040,"Tragelaphus scriptus",11.38871,1.61823
"1434",81040,"Tragelaphus scriptus",11.23326,1.37136
"1435",81040,"Tragelaphus scriptus",11.24331,1.41077
"1436",81040,"Tragelaphus scriptus",11.22156,1.21816
"1437",81040,"Tragelaphus scriptus",11.24455,1.35342
"1438",81040,"Tragelaphus scriptus",11.23701,1.36812
"1439",81040,"Tragelaphus scriptus",11.27785,1.28436
"1440",81040,"Tragelaphus scriptus",11.24424,1.41741
"1441",81040,"Tragelaphus scriptus",11.4034,1.59263
"1442",81040,"Tragelaphus scriptus",11.24101,1.35675
"1443",81040,"Tragelaphus scriptus",11.23905,1.40335
"1444",81040,"Tragelaphus scriptus",11.39708,1.61716
"1445",81040,"Tragelaphus scriptus",11.39491,1.60783
"1446",81040,"Tragelaphus scriptus",11.23738,1.36766
"1447",81040,"Tragelaphus scriptus",11.27815,1.28343
"1448",81040,"Tragelaphus scriptus",11.12301,1.30604
"1449",81040,"Tragelaphus scriptus",11.39742,1.61737
"1450",81040,"Tragelaphus scriptus",11.45836,1.56381
"1451",81040,"Tragelaphus scriptus",11.31585,1.59059
"1452",81040,"Tragelaphus scriptus",11.2391,1.40493
"1453",81040,"Tragelaphus scriptus",11.42551,1.5872
"1454",81040,"Tragelaphus scriptus",11.38842,1.59219
"1455",81040,"Tragelaphus scriptus",11.3696,1.60156
"1456",81040,"Tragelaphus scriptus",11.45649,1.5588
"1457",81040,"Tragelaphus scriptus",11.27461,1.33872
"1458",81040,"Tragelaphus scriptus",11.40128,1.5953
"1459",81040,"Tragelaphus scriptus",11.41118,1.70913
"1460",81040,"Tragelaphus scriptus",11.39207,1.63341
"1461",81040,"Tragelaphus scriptus",11.41059,1.71074
"1462",81040,"Tragelaphus scriptus",11.44377,1.57159
"1463",81040,"Tragelaphus scriptus",11.39209,1.59219
"1464",81040,"Tragelaphus scriptus",11.39511,1.61424
"1465",81040,"Tragelaphus scriptus",11.45371,1.44327
"1466",81040,"Tragelaphus scriptus",11.45316,1.54233
"1467",81040,"Tragelaphus scriptus",11.40074,1.68131
"1468",81040,"Tragelaphus scriptus",11.23312,1.3703
"1469",81040,"Tragelaphus scriptus",11.25629,1.35154
"1470",81040,"Tragelaphus scriptus",11.23688,1.37158
"1471",81040,"Tragelaphus scriptus",11.40304,1.59272
"1472",81040,"Tragelaphus scriptus",11.45749,1.45638
"1473",81040,"Tragelaphus scriptus",11.45328,1.44175
"1474",81040,"Tragelaphus scriptus",11.39191,1.59212
"1475",81040,"Tragelaphus scriptus",11.42211,1.72082
"1476",81040,"Tragelaphus scriptus",11.45228,1.53743
"1477",81040,"Tragelaphus scriptus",11.39516,1.60685
"1478",81040,"Tragelaphus scriptus",11.40162,1.68038
"1479",81040,"Tragelaphus scriptus",11.30031,1.57535
"1480",81040,"Tragelaphus scriptus",11.38909,1.62134
"1481",81040,"Tragelaphus scriptus",11.39342,1.5953
"1482",81040,"Tragelaphus scriptus",11.39637,1.63916
"1483",81040,"Tragelaphus scriptus",11.46389,1.46543
"1484",81040,"Tragelaphus scriptus",11.39702,1.64444
"1485",81040,"Tragelaphus scriptus",11.3952,1.60373
"1486",81040,"Tragelaphus scriptus",11.46102,1.56596
"1487",81040,"Tragelaphus scriptus",11.39952,1.67461
"1488",81040,"Tragelaphus scriptus",11.4314,1.47063
"1489",81040,"Tragelaphus scriptus",11.42062,1.58809
"1490",81040,"Tragelaphus scriptus",11.39226,1.63366
"1491",81040,"Tragelaphus scriptus",11.39875,1.6787
"1492",81040,"Tragelaphus scriptus",11.39536,1.65876
"1493",81040,"Tragelaphus scriptus",11.39486,1.60895
"1494",81040,"Tragelaphus scriptus",11.46933,1.44227
"1495",81040,"Tragelaphus scriptus",11.38938,1.6056
"1496",81040,"Tragelaphus scriptus",11.20457,1.50229
"1497",81040,"Tragelaphus scriptus",11.40386,1.39592
"1498",81040,"Tragelaphus scriptus",11.4477,1.38767
"1499",81040,"Tragelaphus scriptus",11.45029,1.49893
"1500",81040,"Tragelaphus scriptus",11.46673,1.45219
"1501",81040,"Tragelaphus scriptus",11.44877,1.53095
"1502",81040,"Tragelaphus scriptus",11.45821,1.47987
"1503",81040,"Tragelaphus scriptus",11.45152,1.47115
"1504",81040,"Tragelaphus scriptus",11.3947,1.5948
"1505",81040,"Tragelaphus scriptus",11.34634,1.34972
"1506",81040,"Tragelaphus scriptus",11.39844,1.59954
"1507",81040,"Tragelaphus scriptus",11.38796,1.61397
"1508",81040,"Tragelaphus scriptus",11.44748,1.4601
"1509",81040,"Tragelaphus scriptus",11.42786,1.58161
"1510",81040,"Tragelaphus scriptus",11.45478,1.55096
"1511",81040,"Tragelaphus scriptus",11.36941,1.36362
"1512",81040,"Tragelaphus scriptus",11.27342,1.37964
"1513",81040,"Tragelaphus scriptus",11.40511,1.5882
"1514",81040,"Tragelaphus scriptus",11.45287,1.51266
"1515",81040,"Tragelaphus scriptus",11.29553,1.58457
"1516",81040,"Tragelaphus scriptus",11.39521,1.60463
"1517",81040,"Tragelaphus scriptus",11.45149,1.46203
"1518",81040,"Tragelaphus scriptus",11.41851,1.57658
"1519",81040,"Tragelaphus scriptus",11.305,1.55668
"1520",81040,"Tragelaphus scriptus",11.41128,1.58297
"1521",81040,"Tragelaphus scriptus",11.38661,1.61282
"1522",81040,"Tragelaphus scriptus",11.3902,1.59905
"1523",81040,"Tragelaphus scriptus",11.35108,1.60938
"1524",81040,"Tragelaphus scriptus",11.38934,1.6056
"1525",81040,"Tragelaphus scriptus",11.4268,1.58604
"1526",81040,"Tragelaphus scriptus",11.25016,1.5373
"1527",81040,"Tragelaphus scriptus",11.39016,1.6001
"1528",81040,"Tragelaphus scriptus",11.44823,1.56878
"1529",81040,"Tragelaphus scriptus",11.45414,1.44467
"1530",81040,"Tragelaphus scriptus",11.44813,1.47944
"1531",81040,"Tragelaphus scriptus",11.44895,1.48313
"1532",81040,"Tragelaphus scriptus",11.39983,1.59677
"1533",81040,"Tragelaphus scriptus",11.45438,1.54866
"1534",81040,"Tragelaphus scriptus",11.45078,1.48184
"1535",81040,"Tragelaphus scriptus",11.41547,1.39976
"1536",81040,"Tragelaphus scriptus",11.45637,1.55775
"1537",81040,"Tragelaphus scriptus",11.42164,1.58854
"1538",81040,"Tragelaphus scriptus",11.44547,1.48635
"1539",81040,"Tragelaphus scriptus",11.40745,1.58916
"1540",81040,"Tragelaphus scriptus",11.44905,1.52832
"1541",81040,"Tragelaphus scriptus",11.45147,1.50213
"1542",81040,"Tragelaphus scriptus",11.29961,1.36744
"1543",81040,"Tragelaphus scriptus",11.45011,1.49849
"1544",81040,"Tragelaphus scriptus",11.25017,1.5373
"1545",81040,"Tragelaphus scriptus",11.47112,1.44763
"1546",81040,"Tragelaphus scriptus",11.25475,1.53245
"1547",81040,"Tragelaphus scriptus",11.45447,1.54995
"1548",81040,"Tragelaphus scriptus",11.45254,1.50914
"1549",81040,"Tragelaphus scriptus",11.44982,1.47565
"1550",81040,"Tragelaphus scriptus",11.45618,1.55681
"1551",81040,"Tragelaphus scriptus",11.45672,1.46292
"1552",81040,"Tragelaphus scriptus",11.44951,1.48274
"1553",81040,"Tragelaphus scriptus",11.25798,1.55649
"1554",81040,"Tragelaphus scriptus",11.38139,1.5813
"1555",81040,"Tragelaphus scriptus",11.45581,1.5545
"1556",81040,"Tragelaphus scriptus",11.39093,1.6159
"1557",81040,"Tragelaphus scriptus",11.45191,1.48137
"1558",81040,"Tragelaphus scriptus",11.39528,1.60332
"1559",81040,"Tragelaphus scriptus",11.39776,1.60045
"1560",81040,"Tragelaphus scriptus",11.4519,1.50394
"1561",81040,"Tragelaphus scriptus",11.44554,1.42673
"1562",81040,"Tragelaphus scriptus",11.45248,1.46798
"1563",81040,"Tragelaphus scriptus",11.25426,1.5676
"1564",81040,"Tragelaphus scriptus",11.4516,1.50261
"1565",81040,"Tragelaphus scriptus",11.31162,1.58724
"1566",81040,"Tragelaphus scriptus",11.45694,1.56104
"1567",81040,"Tragelaphus scriptus",11.371,1.59705
"1568",81040,"Tragelaphus scriptus",11.47108,1.44672
"1569",81040,"Tragelaphus scriptus",11.39913,1.59798
"1570",81040,"Tragelaphus scriptus",11.45048,1.48202
"1571",81040,"Tragelaphus scriptus",11.29825,1.37817
"1572",81040,"Tragelaphus scriptus",11.45581,1.55442
"1573",81040,"Tragelaphus scriptus",11.38668,1.59126
"1574",81040,"Tragelaphus scriptus",11.45537,1.55259
"1575",81040,"Tragelaphus scriptus",11.45251,1.50918
"1576",81040,"Tragelaphus scriptus",11.4516,1.53666
"1577",81040,"Tragelaphus scriptus",11.22778,1.41916
"1578",81040,"Tragelaphus scriptus",11.45569,1.45
"1579",81040,"Tragelaphus scriptus",11.44948,1.47662
"1580",81040,"Tragelaphus scriptus",11.44083,1.57286
"1581",81040,"Tragelaphus scriptus",11.44816,1.47939
"1582",81040,"Tragelaphus scriptus",11.35141,1.60911
"1583",81040,"Tragelaphus scriptus",11.42477,1.58797
"1584",81040,"Tragelaphus scriptus",11.48173,1.56938
"1585",81040,"Tragelaphus scriptus",11.43839,1.40291
"1586",81040,"Tragelaphus scriptus",11.34874,1.47963
"1587",81040,"Tragelaphus scriptus",11.38662,1.48927
"1588",81040,"Tragelaphus scriptus",11.33608,1.60639
"1589",81040,"Tragelaphus scriptus",11.42632,1.58631
"1590",81040,"Tragelaphus scriptus",11.41897,1.57663
"1591",81040,"Tragelaphus scriptus",11.29436,1.38283
"1592",81040,"Tragelaphus scriptus",11.42548,1.57767
"1593",81040,"Tragelaphus scriptus",11.20371,1.50551
"1594",81040,"Tragelaphus scriptus",11.46464,1.47022
"1595",81040,"Tragelaphus scriptus",11.39779,1.60045
"1596",81040,"Tragelaphus scriptus",11.45305,1.51458
"1597",81040,"Tragelaphus scriptus",11.45211,1.52059
"1598",81040,"Tragelaphus scriptus",11.20374,1.50562
"1599",81040,"Tragelaphus scriptus",11.42727,1.57853
"1600",81040,"Tragelaphus scriptus",11.39515,1.60414
"1601",81040,"Tragelaphus scriptus",11.41308,1.55432
"1602",81040,"Tragelaphus scriptus",11.13507,1.51253
"1603",81040,"Tragelaphus scriptus",11.44573,1.49154
"1604",81040,"Tragelaphus scriptus",11.39508,1.60767
"1605",81040,"Tragelaphus scriptus",11.3985,1.59951
"1606",81040,"Tragelaphus scriptus",11.25644,1.55526
"1607",81040,"Tragelaphus scriptus",11.20202,1.48343
"1608",81040,"Tragelaphus scriptus",11.46315,1.47523
"1609",81040,"Tragelaphus scriptus",11.39788,1.52754
"1610",81040,"Tragelaphus scriptus",11.47082,1.44405
"1611",81040,"Tragelaphus scriptus",11.39506,1.61102
"1612",81040,"Tragelaphus scriptus",11.45636,1.46416
"1613",81040,"Tragelaphus scriptus",11.46005,1.56523
"1614",81040,"Tragelaphus scriptus",11.46278,1.46258
"1615",81040,"Tragelaphus scriptus",11.39555,1.61891
"1616",81040,"Tragelaphus scriptus",11.46525,1.56576
"1617",81040,"Tragelaphus scriptus",11.6616,2.861
"1618",81040,"Tragelaphus scriptus",11.8253,3.0081
"1619",81040,"Tragelaphus scriptus",11.925,2.9761
"1620",81040,"Tragelaphus scriptus",12.0352,2.8238
"1621",81040,"Tragelaphus scriptus",11.1679,2.7848
"1622",81040,"Tragelaphus scriptus",11.7599,2.7576
"1623",81040,"Tragelaphus scriptus",11.8726,2.8793
"1624",81040,"Tragelaphus scriptus",11.8228,3.008
"1626",81040,"Tragelaphus scriptus",11.8251,2.3906
"1627",81040,"Tragelaphus scriptus",11.8852,2.6534
"1628",81040,"Tragelaphus scriptus",11.6928,2.3146
"1629",81040,"Tragelaphus scriptus",11.9175,2.3363
"1630",81040,"Tragelaphus scriptus",11.9672,2.5475
"1631",81040,"Tragelaphus scriptus",11.9119,2.3927
"1632",81040,"Tragelaphus scriptus",11.4481,3.0548
"1633",81040,"Tragelaphus scriptus",11.5368,3.0397
"1634",81040,"Tragelaphus scriptus",11.6683,2.5928
"1635",81040,"Tragelaphus scriptus",11.6225,3.1135
"1636",81040,"Tragelaphus scriptus",11.405,2.1707
"1637",81040,"Tragelaphus scriptus",11.6388,3.1207
"1638",81040,"Tragelaphus scriptus",11.71,2.708
"1639",81040,"Tragelaphus scriptus",11.5565,3.0796
"1640",81040,"Tragelaphus scriptus",11.9245,3.0202
"1641",81040,"Tragelaphus scriptus",11.4829,2.223
"1642",81040,"Tragelaphus scriptus",11.9203,2.9652
"1643",81040,"Tragelaphus scriptus",11.6342,2.662
"1644",81040,"Tragelaphus scriptus",11.2714,2.1777
"1645",81040,"Tragelaphus scriptus",11.6377,3.0141
"1646",81040,"Tragelaphus scriptus",11.6559,2.9281
"1647",81040,"Tragelaphus scriptus",11.7439,2.7463
"1648",81040,"Tragelaphus scriptus",11.2182,2.0523
"1649",81040,"Tragelaphus scriptus",11.7428,2.7482
"1650",81040,"Tragelaphus scriptus",11.8872,2.5718
"1651",81040,"Tragelaphus scriptus",11.5791,3.092
"1652",81040,"Tragelaphus scriptus",11.3755,2.8594
"1653",81040,"Tragelaphus scriptus",11.7001,3.0141
"1654",81040,"Tragelaphus scriptus",11.72,2.7107
"1655",81040,"Tragelaphus scriptus",11.8973,2.5528
"1656",81040,"Tragelaphus scriptus",11.026,1.7235
"1657",81040,"Tragelaphus scriptus",11.5897,2.7455
"1658",81040,"Tragelaphus scriptus",12.3462,2.7546
"1659",81040,"Tragelaphus scriptus",11.6596,2.9106
"1660",81040,"Tragelaphus scriptus",12.36,2.7704
"1661",81040,"Tragelaphus scriptus",11.0108,1.7715
"1662",81040,"Tragelaphus scriptus",11.4121,2.8499
"1663",81040,"Tragelaphus scriptus",11.9038,2.4128
"1664",81040,"Tragelaphus scriptus",11.832,2.4127
"1665",81040,"Tragelaphus scriptus",11.7258,2.904
"1666",81040,"Tragelaphus scriptus",11.8401,2.8654
"1667",81040,"Tragelaphus scriptus",11.9093,2.9619
"1668",81040,"Tragelaphus scriptus",11.6958,2.943
"1669",81040,"Tragelaphus scriptus",11.8958,2.6958
"1670",81040,"Tragelaphus scriptus",11.65,2.6281
"1671",81040,"Tragelaphus scriptus",11.9101,2.4062
"1672",81040,"Tragelaphus scriptus",12.1097,2.9194
"1673",81040,"Tragelaphus scriptus",11.9085,2.6688
"1674",81040,"Tragelaphus scriptus",11.7474,2.7475
"1675",81040,"Tragelaphus scriptus",11.7981,3.0101
"1676",81040,"Tragelaphus scriptus",11.8759,2.4101
"1677",81040,"Tragelaphus scriptus",11.9525,2.4287
"1678",81040,"Tragelaphus scriptus",11.9472,2.4132
"1679",81040,"Tragelaphus scriptus",11.9193,2.4051
"1680",81040,"Tragelaphus scriptus",11.8194,2.6321
"1681",81040,"Tragelaphus scriptus",11.7249,2.7324
"1682",81040,"Tragelaphus scriptus",11.7328,2.7371
"1683",81040,"Tragelaphus scriptus",11.868,2.4078
"1684",81040,"Tragelaphus scriptus",11.8222,2.3859
"1685",81040,"Tragelaphus scriptus",12.3782,2.7596
"1686",81040,"Tragelaphus scriptus",11.7598,2.7577
"1687",81040,"Tragelaphus scriptus",11.9525,2.42867
"1688",81040,"Tragelaphus scriptus",11.6646,2.9165
"1689",81040,"Tragelaphus scriptus",11.74142,2.45686
"1690",81040,"Tragelaphus scriptus",11.90151,2.41051
"1691",81040,"Tragelaphus scriptus",11.91493,2.56156
"1692",81040,"Tragelaphus scriptus",12.00033,2.49462
"1693",81040,"Tragelaphus scriptus",11.83244,3.01031
"1694",81040,"Tragelaphus scriptus",11.81858,2.37523
"1695",81040,"Tragelaphus scriptus",11.75579,2.75445
"1696",81040,"Tragelaphus scriptus",11.86666,2.929
"1697",81040,"Tragelaphus scriptus",11.88346,2.4082
"1698",81040,"Tragelaphus scriptus",11.88761,2.93836
"1699",81040,"Tragelaphus scriptus",11.88913,2.91138
"1700",81040,"Tragelaphus scriptus",12.00605,2.82494
"1701",81040,"Tragelaphus scriptus",12.12074,2.79916
"1702",81040,"Tragelaphus scriptus",12.0014,2.67212
"1703",81040,"Tragelaphus scriptus",11.91882,2.67447
"1704",81040,"Tragelaphus scriptus",11.88704,2.64387
"1705",81040,"Tragelaphus scriptus",11.70736,2.7028
"1706",81040,"Tragelaphus scriptus",11.69758,2.41327
"1708",81040,"Tragelaphus scriptus",12.10419,2.85773
"1709",81040,"Tragelaphus scriptus",11.84731,2.60628
"1710",81040,"Tragelaphus scriptus",12.27143,2.68959
"1711",81040,"Tragelaphus scriptus",12.19405,2.85081
"1712",81040,"Tragelaphus scriptus",11.98541,2.70774
"1713",81040,"Tragelaphus scriptus",12.12978,2.80608
"1714",81040,"Tragelaphus scriptus",11.92237,2.9944
"1715",81040,"Tragelaphus scriptus",11.88774,2.39942
"1716",81040,"Tragelaphus scriptus",12.12612,2.92225
"1717",81040,"Tragelaphus scriptus",11.8145,3.00743
"1718",81040,"Tragelaphus scriptus",11.88202,2.93842
"1719",81040,"Tragelaphus scriptus",11.71484,2.63903
"1720",81040,"Tragelaphus scriptus",12.33495,2.71969
"1721",81040,"Tragelaphus scriptus",12.1458,2.82891
"1722",81040,"Tragelaphus scriptus",12.0074,2.8539
"1723",81040,"Tragelaphus scriptus",12.12991,2.76236
"1724",81040,"Tragelaphus scriptus",11.91301,2.65102
"1725",81040,"Tragelaphus scriptus",12.19612,2.85344
"1726",81040,"Tragelaphus scriptus",11.62897,2.86405
"1727",81040,"Tragelaphus scriptus",11.99529,2.91389
"1728",81040,"Tragelaphus scriptus",11.81567,2.78263
"1729",81040,"Tragelaphus scriptus",11.48418,2.17391
"1730",81040,"Tragelaphus scriptus",11.69598,2.45811
"1731",81040,"Tragelaphus scriptus",12.23338,2.78212
"1732",81040,"Tragelaphus scriptus",11.46393,2.2219
"1733",81040,"Tragelaphus scriptus",12.25295,2.72031
"1734",81040,"Tragelaphus scriptus",11.5434,3.0372
"1735",81040,"Tragelaphus scriptus",12.12556,2.780081
"1736",81040,"Tragelaphus scriptus",11.380443,2.021484
"1737",81040,"Tragelaphus scriptus",11.86808,2.930843
"1738",81040,"Tragelaphus scriptus",11.524867,2.886261
"1739",81040,"Tragelaphus scriptus",11.591436,2.927166
"1740",81040,"Tragelaphus scriptus",11.949066,2.581067
"1741",81040,"Tragelaphus scriptus",11.900864,2.948331
"1742",81040,"Tragelaphus scriptus",11.7575,2.925439
"1743",81040,"Tragelaphus scriptus",11.828461,2.644537
"1744",81040,"Tragelaphus scriptus",11.883747,2.689489
"1745",81040,"Tragelaphus scriptus",11.858268,2.443182
"1746",81040,"Tragelaphus scriptus",11.792482,2.941083
"1747",81040,"Tragelaphus scriptus",11.973939,2.781114
"1748",81040,"Tragelaphus scriptus",11.600454,2.902825
"1749",81040,"Tragelaphus scriptus",11.951475,2.779622
"1750",81040,"Tragelaphus scriptus",11.316748,2.058653
"1751",81040,"Tragelaphus scriptus",11.83475,2.42892
"1752",81040,"Tragelaphus scriptus",-19.183528,23.415947
"1753",81040,"Tragelaphus scriptus",7.095953,39.789606
"1754",81040,"Tragelaphus scriptus",7.0956,39.789906
"1755",81040,"Tragelaphus scriptus",-14.514539,26.192953
"1756",81040,"Tragelaphus scriptus",-7.628217,38.023636
"1757",81040,"Tragelaphus scriptus",-7.715728,37.992314
"1758",81040,"Tragelaphus scriptus",-6.710881,31.011936
"1759",81040,"Tragelaphus scriptus",-17.924381,25.849362
"1760",81040,"Tragelaphus scriptus",12.499761,2.555345
"1761",81040,"Tragelaphus scriptus",12.396073,2.648065
"1762",81040,"Tragelaphus scriptus",12.350018,2.753309
"1763",81040,"Tragelaphus scriptus",12.238404,2.152235
"1764",81040,"Tragelaphus scriptus",12.238408,2.320611
"1765",81040,"Tragelaphus scriptus",12.166791,2.206775
"1766",81040,"Tragelaphus scriptus",12.130482,2.312692
"1767",81040,"Tragelaphus scriptus",12.166789,2.272698
"1768",81040,"Tragelaphus scriptus",12.045346,2.296628
"1769",81040,"Tragelaphus scriptus",-0.178811,36.936009
"1770",81040,"Tragelaphus scriptus",-17.92407,25.848262
"1771",81040,"Tragelaphus scriptus",3.755,29.520271
"1772",81040,"Tragelaphus scriptus",0.091819,37.065133
"1773",81040,"Tragelaphus scriptus",0.099244,37.067439
"1774",81040,"Tragelaphus scriptus",3.73711,29.516838
"1775",81040,"Tragelaphus scriptus",6.744259,39.678497
"1776",81040,"Tragelaphus scriptus",0.09746,37.06741
"1777",81040,"Tragelaphus scriptus",0.09979,37.06389
"1778",81040,"Tragelaphus scriptus",0.100553,37.065701
"1779",81040,"Tragelaphus scriptus",1.125403,34.588565
"1780",81040,"Tragelaphus scriptus",-23.66667,27
"1781",81040,"Tragelaphus scriptus",1.5,35.166667
"1782",81040,"Tragelaphus scriptus",-0.31667,36.9
"1783",81040,"Tragelaphus scriptus",2.13333,36.85
"1785",81040,"Tragelaphus scriptus",-3.31002,40.017185
"1786",81040,"Tragelaphus scriptus",-3.012984,34.994888
"1787",81040,"Tragelaphus scriptus",-18.040446,35.201961
"1788",81040,"Tragelaphus scriptus",-24.653458,31.750488
"1789",81040,"Tragelaphus scriptus",-24.450012,31.791687
"1790",81040,"Tragelaphus scriptus",-9.173342,13.302827
"1791",81040,"Tragelaphus scriptus",8.531,-8.906
"1792",81040,"Tragelaphus scriptus",10.622,-14.568
"1793",81040,"Tragelaphus scriptus",10.622,-14.523
"1794",81040,"Tragelaphus scriptus",10.735,-14.559
"1795",81040,"Tragelaphus scriptus",10.754,-14.45
"1796",81040,"Tragelaphus scriptus",10.608,-14.604
"1797",81040,"Tragelaphus scriptus",11.109,-13.957
"1798",81040,"Tragelaphus scriptus",7.604,-8.212
"1799",81040,"Tragelaphus scriptus",7.533,-8.933
"1800",81040,"Tragelaphus scriptus",8.139,-8.573
"1801",81040,"Tragelaphus scriptus",8.032,-9.736
"1802",81040,"Tragelaphus scriptus",7.453,-10.693
"1803",81040,"Tragelaphus scriptus",5.403,-7.732
"1804",81040,"Tragelaphus scriptus",4.9,-7.316
"1805",81040,"Tragelaphus scriptus",6.174,-7.788
"1806",81040,"Tragelaphus scriptus",6.617,-2.85
"1807",81040,"Tragelaphus scriptus",5.2,-2.4
"1808",81040,"Tragelaphus scriptus",5.533,-2.617
"1809",81040,"Tragelaphus scriptus",8.525,-8.937
"1811",81040,"Tragelaphus scriptus",-1.3667,29.65
"1813",81040,"Tragelaphus scriptus",-1.480243,35.002441
"1815",81040,"Tragelaphus scriptus",-18.43141,21.886139
"1817",81040,"Tragelaphus scriptus",-0.476526,37.093964
"1819",81040,"Tragelaphus scriptus",-24.417767,31.514282
"1820",81040,"Tragelaphus scriptus",-13.03667,31.486816
"1823",81040,"Tragelaphus scriptus",-0.42709,36.765747
"1824",81040,"Tragelaphus scriptus",-3.502455,39.92569
"1825",81040,"Tragelaphus scriptus",-0.205993,37.236786
"1827",81040,"Tragelaphus scriptus",-1.369727,36.823425
"1828",81040,"Tragelaphus scriptus",0.04622,36.932859
"1830",81040,"Tragelaphus scriptus",11.102467,1.752467
"1832",81040,"Tragelaphus scriptus",11.136717,1.741583
"1833",81040,"Tragelaphus scriptus",11.136367,1.74335
"1834",81040,"Tragelaphus scriptus",11.067667,1.683067
"1835",81040,"Tragelaphus scriptus",11.577333,1.465472
"1836",81040,"Tragelaphus scriptus",11.554181,1.462555
"1838",81040,"Tragelaphus scriptus",11.569917,1.458194
"1840",81040,"Tragelaphus scriptus",11.544762,1.463928
"1841",81040,"Tragelaphus scriptus",-14.849113,35.311263
"1842",81040,"Tragelaphus scriptus",7.455394,7.978359
"1844",81040,"Tragelaphus scriptus",11.364583,1.35885
"1845",81040,"Tragelaphus scriptus",0.564864,30.35933
"1846",81040,"Tragelaphus scriptus",-0.196759,29.902511
"1848",81040,"Tragelaphus scriptus",-7.672205,38.085823
"1853",81040,"Tragelaphus scriptus",-3.211303,37.343731
"1857",81040,"Tragelaphus scriptus",-24.991186,31.604664
"1858",81040,"Tragelaphus scriptus",-3.259598,36.803558
"1859",81040,"Tragelaphus scriptus",-0.215606,37.291718
"1861",81040,"Tragelaphus scriptus",-33.943606,22.461564
"1862",81040,"Tragelaphus scriptus",-15.087586,28.271427
"1863",81040,"Tragelaphus scriptus",-0.41138,36.698456
"1864",81040,"Tragelaphus scriptus",-14.43,33.38
"1865",81040,"Tragelaphus scriptus",7.05,-5.62
"1866",81040,"Tragelaphus scriptus",-7.765506,38.232814
"1868",81040,"Tragelaphus scriptus",3.754,29.52
"1869",81040,"Tragelaphus scriptus",11.19951,1.512461
"1870",81040,"Tragelaphus scriptus",11.400169,1.589986
"1871",81040,"Tragelaphus scriptus",11.199504,1.514362
"1872",81040,"Tragelaphus scriptus",11.3779,1.902633
"1873",81040,"Tragelaphus scriptus",11.379033,1.903517
"1874",81040,"Tragelaphus scriptus",11.190895,1.508222
"1875",81040,"Tragelaphus scriptus",-0.482014,36.710418
"1876",81040,"Tragelaphus scriptus",11.394996,1.614991
"1877",81040,"Tragelaphus scriptus",11.410163,1.588898
"1878",81040,"Tragelaphus scriptus",-24.077398,31.092954
"1879",81040,"Tragelaphus scriptus",0.208747,38.166339
"1880",81040,"Tragelaphus scriptus",2.146111,31.811111
"1881",81040,"Tragelaphus scriptus",-18.968011,34.361567
"1882",81040,"Tragelaphus scriptus",-18.967608,34.360971
"1883",81040,"Tragelaphus scriptus",-7.501298,36.582055
"1884",81040,"Tragelaphus scriptus",-24.287027,30.541992
"1885",81040,"Tragelaphus scriptus",-13.16125,31.715286
"1886",81040,"Tragelaphus scriptus",-19.551206,23.250366
"1887",81040,"Tragelaphus scriptus",11.2056,1.8006
"1888",81040,"Tragelaphus scriptus",11.11251,1.15967
"1889",81040,"Tragelaphus scriptus",11.32833,1.90533
"1890",81040,"Tragelaphus scriptus",11.06803,1.5873
"1891",81040,"Tragelaphus scriptus",11.15126,1.1726
"1892",81040,"Tragelaphus scriptus",11.15096,1.18532
"1893",81040,"Tragelaphus scriptus",11.27508,1.88568
"1894",81040,"Tragelaphus scriptus",11.19569,1.51138
"1895",81040,"Tragelaphus scriptus",11.16875,1.16003
"1896",81040,"Tragelaphus scriptus",10.85051,1.10869
"1897",81040,"Tragelaphus scriptus",11.05919,1.5361
"1898",81040,"Tragelaphus scriptus",11.2193,1.55009
"1899",81040,"Tragelaphus scriptus",11.11909,1.60069
"1900",81040,"Tragelaphus scriptus",11.01186,1.11917
"1901",81040,"Tragelaphus scriptus",11.1311,1.38272
"1902",81040,"Tragelaphus scriptus",11.17182,1.80321
"1903",81040,"Tragelaphus scriptus",11.13273,1.51091
"1904",81040,"Tragelaphus scriptus",11.02113,1.36296
"1905",81040,"Tragelaphus scriptus",11.19283,1.18539
"1906",81040,"Tragelaphus scriptus",11.15123,1.38281
"1907",81040,"Tragelaphus scriptus",11.19794,1.1729
"1908",81040,"Tragelaphus scriptus",11.19713,1.5196
"1909",81040,"Tragelaphus scriptus",11.05573,1.15913
"1910",81040,"Tragelaphus scriptus",11.11072,1.10813
"1911",81040,"Tragelaphus scriptus",11.11913,1.36972
"1912",81040,"Tragelaphus scriptus",11.19913,1.55112
"1913",81040,"Tragelaphus scriptus",11.16068,1.38286
"1914",81040,"Tragelaphus scriptus",11.20123,1.51972
"1915",81040,"Tragelaphus scriptus",11.1151,1.11679
"1916",81040,"Tragelaphus scriptus",11.22757,1.83156
"1917",81040,"Tragelaphus scriptus",10.99122,1.57729
"1918",81040,"Tragelaphus scriptus",11.05904,1.65137
"1919",81040,"Tragelaphus scriptus",11.21172,1.6521
"1920",81040,"Tragelaphus scriptus",11.39551,1.61312
"1921",81040,"Tragelaphus scriptus",11.12168,1.38267
"1922",81040,"Tragelaphus scriptus",10.93963,1.12198
"1923",81040,"Tragelaphus scriptus",10.89092,1.38301
"1924",81040,"Tragelaphus scriptus",11.20679,1.60101
"1925",81040,"Tragelaphus scriptus",11.11333,1.76161
"1926",81040,"Tragelaphus scriptus",11.15097,1.35727
"1927",81040,"Tragelaphus scriptus",11.20295,1.18593
"1928",81040,"Tragelaphus scriptus",11.01191,1.36868
"1929",81040,"Tragelaphus scriptus",11.18601,1.5751
"1930",81040,"Tragelaphus scriptus",11.11381,1.51958
"1931",81040,"Tragelaphus scriptus",11.11601,1.56095
"1932",81040,"Tragelaphus scriptus",10.95012,1.37361
"1933",81040,"Tragelaphus scriptus",11.23618,1.11168
"1934",81040,"Tragelaphus scriptus",11.10288,1.10215
"1935",81040,"Tragelaphus scriptus",10.86885,1.36513
"1936",81040,"Tragelaphus scriptus",11.15913,1.35731
"1937",81040,"Tragelaphus scriptus",10.92518,1.86772
"1938",81040,"Tragelaphus scriptus",11.15889,1.38282
"1939",81040,"Tragelaphus scriptus",11.15103,1.13109
"1940",81040,"Tragelaphus scriptus",11.11639,1.11763
"1941",81040,"Tragelaphus scriptus",11.12699,1.12158
"1942",81040,"Tragelaphus scriptus",10.91583,1.31091
"1943",81040,"Tragelaphus scriptus",11.36651,1.5112
"1944",81040,"Tragelaphus scriptus",11.11322,1.3701
"1945",81040,"Tragelaphus scriptus",10.87152,1.36751
"1946",81040,"Tragelaphus scriptus",11.11109,1.31819
"1947",81040,"Tragelaphus scriptus",11.22611,1.68306
"1948",81040,"Tragelaphus scriptus",11.00916,1.36961
"1949",81040,"Tragelaphus scriptus",10.93967,1.15907
"1950",81040,"Tragelaphus scriptus",11.23668,1.18569
"1951",81040,"Tragelaphus scriptus",11.05856,1.61301
"1952",81040,"Tragelaphus scriptus",11.20062,1.19837
"1953",81040,"Tragelaphus scriptus",10.89181,1.30106
"1954",81040,"Tragelaphus scriptus",11.26229,1.57568
"1955",81040,"Tragelaphus scriptus",10.95316,1.37889
"1956",81040,"Tragelaphus scriptus",11.2988,1.67825
"1957",81040,"Tragelaphus scriptus",11.11913,1.12088
"1958",81040,"Tragelaphus scriptus",11.31319,1.51571
"1959",81040,"Tragelaphus scriptus",11.13517,1.12055
"1960",81040,"Tragelaphus scriptus",11.10727,1.12002
"1961",81040,"Tragelaphus scriptus",11.23906,1.52139
"1962",81040,"Tragelaphus scriptus",11.2371,1.13517
"1963",81040,"Tragelaphus scriptus",11.16795,1.39592
"1964",81040,"Tragelaphus scriptus",11.10162,1.67697
"1965",81040,"Tragelaphus scriptus",11.32836,1.90536
"1966",81040,"Tragelaphus scriptus",11.21137,1.51123
"1967",81040,"Tragelaphus scriptus",11.05912,1.67698
"1968",81040,"Tragelaphus scriptus",11.31661,1.7117
"1969",81040,"Tragelaphus scriptus",11.31363,1.58118
"1970",81040,"Tragelaphus scriptus",11.36681,1.51019
"1971",81040,"Tragelaphus scriptus",11.25592,1.5628
"1972",81040,"Tragelaphus scriptus",11.15959,1.66179
"1973",81040,"Tragelaphus scriptus",11.20089,1.5311
"1974",81040,"Tragelaphus scriptus",11.19252,1.17264
"1975",81040,"Tragelaphus scriptus",11.3576,1.6033
"1976",81040,"Tragelaphus scriptus",11.11981,1.11999
"1977",81040,"Tragelaphus scriptus",11.10078,1.67182
"1978",81040,"Tragelaphus scriptus",11.11862,1.23001
"1979",81040,"Tragelaphus scriptus",11.33105,1.88801
"1980",81040,"Tragelaphus scriptus",11.11113,1.72206
"1981",81040,"Tragelaphus scriptus",11.38382,1.78378
"1982",81040,"Tragelaphus scriptus",11.30302,1.88277
"1983",81040,"Tragelaphus scriptus",10.92022,1.30231
"1984",81040,"Tragelaphus scriptus",11.32339,1.6132
"1985",81040,"Tragelaphus scriptus",11.39363,1.78335
"1986",81040,"Tragelaphus scriptus",11.11816,1.75528
"1987",81040,"Tragelaphus scriptus",11.23993,1.55818
"1988",81040,"Tragelaphus scriptus",11.29137,1.89208
"1989",81040,"Tragelaphus scriptus",11.01991,1.15927
"1990",81040,"Tragelaphus scriptus",11.27692,1.87364
"1991",81040,"Tragelaphus scriptus",11.26595,1.87662
"1992",81040,"Tragelaphus scriptus",10.92051,1.2903
"1993",81040,"Tragelaphus scriptus",10.99687,1.28916
"1994",81040,"Tragelaphus scriptus",11.39666,1.67384
"1995",81040,"Tragelaphus scriptus",11.10958,1.63116
"1996",81040,"Tragelaphus scriptus",11.32184,1.88766
"1997",81040,"Tragelaphus scriptus",11.1375,1.11922
"1998",81040,"Tragelaphus scriptus",11.03811,1.33198
"1999",81040,"Tragelaphus scriptus",11.20912,1.18785
"2000",81040,"Tragelaphus scriptus",11.35221,1.61099
"2001",81040,"Tragelaphus scriptus",10.76916,1.31881
"2002",81040,"Tragelaphus scriptus",11.03588,1.12889
"2003",81040,"Tragelaphus scriptus",11.10623,1.6999
"2004",81040,"Tragelaphus scriptus",11.39795,1.66712
"2005",81040,"Tragelaphus scriptus",11.0633,1.13115
"2006",81040,"Tragelaphus scriptus",11.19554,1.51362
"2007",81040,"Tragelaphus scriptus",11.12079,1.11958
"2008",81040,"Tragelaphus scriptus",11.07076,1.10211
"2009",81040,"Tragelaphus scriptus",11.02158,1.11209
"2010",81040,"Tragelaphus scriptus",11.0719,1.10081
"2011",81040,"Tragelaphus scriptus",11.12869,1.20979
"2012",81040,"Tragelaphus scriptus",10.82569,1.3731
"2013",81040,"Tragelaphus scriptus",11.20306,1.51257
"2014",81040,"Tragelaphus scriptus",11.28006,1.86196
"2015",81040,"Tragelaphus scriptus",11.38368,1.77822
"2016",81040,"Tragelaphus scriptus",11.01901,1.15751
"2017",81040,"Tragelaphus scriptus",11.32789,1.89169
"2018",81040,"Tragelaphus scriptus",11.20037,1.51268
"2019",81040,"Tragelaphus scriptus",11.20226,1.50162
"2020",81040,"Tragelaphus scriptus",11.21262,1.55271
"2021",81040,"Tragelaphus scriptus",11.2637,1.81136
"2022",81040,"Tragelaphus scriptus",11.19501,1.50094
"2023",81040,"Tragelaphus scriptus",11.32585,1.89192
"2024",81040,"Tragelaphus scriptus",11.38801,1.61768
"2025",81040,"Tragelaphus scriptus",11.21125,1.82518
"2026",81040,"Tragelaphus scriptus",11.118033,2.269362
"2027",81040,"Tragelaphus scriptus",11.564117,2.592626
"2028",81040,"Tragelaphus scriptus",11.300827,2.328112
"2029",81040,"Tragelaphus scriptus",11.334186,2.180877
"2030",81040,"Tragelaphus scriptus",11.831112,2.777957
"2031",81040,"Tragelaphus scriptus",11.644535,2.527723
"2032",81040,"Tragelaphus scriptus",11.825272,2.722723
"2033",81040,"Tragelaphus scriptus",11.018412,2.222213
"2034",81040,"Tragelaphus scriptus",11.383627,2.215329
"2035",81040,"Tragelaphus scriptus",11.093316,2.210159
"2036",81040,"Tragelaphus scriptus",11.568495,2.098089
"2037",81040,"Tragelaphus scriptus",11.228646,2.235159
"2038",81040,"Tragelaphus scriptus",11.711554,2.601012
"2039",81040,"Tragelaphus scriptus",11.376653,2.232828
"2040",81040,"Tragelaphus scriptus",11.360099,2.216585
"2041",81040,"Tragelaphus scriptus",11.421489,2.229837
"2042",81040,"Tragelaphus scriptus",11.311594,2.213278
"2043",81040,"Tragelaphus scriptus",11.259232,2.260212
"2044",81040,"Tragelaphus scriptus",11.024424,2.375052
"2045",81040,"Tragelaphus scriptus",11.303933,2.386211
"2046",81040,"Tragelaphus scriptus",11.26938,2.950986
"2047",81040,"Tragelaphus scriptus",11.130749,2.322192
"2048",81040,"Tragelaphus scriptus",11.207397,2.872905
"2049",81040,"Tragelaphus scriptus",12.01462,2.83382
"2050",81040,"Tragelaphus scriptus",11.87275,2.9748
"2051",81040,"Tragelaphus scriptus",11.7467,2.82337
"2052",81040,"Tragelaphus scriptus",11.94644,2.77942
"2053",81040,"Tragelaphus scriptus",11.93594,2.65435
"2054",81040,"Tragelaphus scriptus",12.0251,2.7795
"2055",81040,"Tragelaphus scriptus",12.03529,2.72529
"2056",81040,"Tragelaphus scriptus",12.04949,2.79828
"2057",81040,"Tragelaphus scriptus",11.85472,2.97678
"2058",81040,"Tragelaphus scriptus",11.80093,2.82225
"2059",81040,"Tragelaphus scriptus",12.02465,2.87382
"2060",81040,"Tragelaphus scriptus",12.04103,2.81633
"2061",81040,"Tragelaphus scriptus",11.78252,2.98163
"2062",81040,"Tragelaphus scriptus",11.95475,2.97965
"2063",81040,"Tragelaphus scriptus",11.620683,2.852417
"2064",81040,"Tragelaphus scriptus",11.89708,2.67275
"2065",81040,"Tragelaphus scriptus",11.90618,2.67275
"2066",81040,"Tragelaphus scriptus",11.5545,2.95533
"2067",81040,"Tragelaphus scriptus",11.94053,2.54624
"2068",81040,"Tragelaphus scriptus",11.93299,2.56421
"2069",81040,"Tragelaphus scriptus",11.59027,2.96261
"2070",81040,"Tragelaphus scriptus",11.55449,2.90018
"2071",81040,"Tragelaphus scriptus",11.99739,2.56423
"2072",81040,"Tragelaphus scriptus",11.80095,2.96951
"2073",81040,"Tragelaphus scriptus",11.96016,2.90588
"2074",81040,"Tragelaphus scriptus",12.01728,2.52701
"2075",81040,"Tragelaphus scriptus",11.62598,2.87049
"2076",81040,"Tragelaphus scriptus",12.0042,2.7795
"2077",81040,"Tragelaphus scriptus",12.00788,2.86986
"2078",81040,"Tragelaphus scriptus",11.98681,2.67271
"2079",81040,"Tragelaphus scriptus",11.59026,2.8891
"2080",81040,"Tragelaphus scriptus",11.764783,2.462817
"2081",81040,"Tragelaphus scriptus",11.92647,2.98434
"2082",81040,"Tragelaphus scriptus",11.43912,2.83309
"2083",81040,"Tragelaphus scriptus",11.81905,2.95294
"2084",81040,"Tragelaphus scriptus",11.7278,2.83011
"2085",81040,"Tragelaphus scriptus",12.01105,2.56522
"2086",81040,"Tragelaphus scriptus",12.03037,2.90586
"2087",81040,"Tragelaphus scriptus",11.8967,2.83442
"2088",81040,"Tragelaphus scriptus",11.96772,2.90588
"2089",81040,"Tragelaphus scriptus",11.98394,2.61822
"2090",81040,"Tragelaphus scriptus",11.69257,2.82807
"2091",81040,"Tragelaphus scriptus",11.53619,2.99515
"2092",81040,"Tragelaphus scriptus",11.8718,2.556383
"2093",81040,"Tragelaphus scriptus",11.97462,2.65455
"2094",81040,"Tragelaphus scriptus",11.83694,2.86171
"2095",81040,"Tragelaphus scriptus",11.62598,2.89022
"2096",81040,"Tragelaphus scriptus",11.55449,2.94099
"2097",81040,"Tragelaphus scriptus",12.03067,2.76162
"2098",81040,"Tragelaphus scriptus",11.96552,2.707
"2099",81040,"Tragelaphus scriptus",11.602361,2.781167
"2100",81040,"Tragelaphus scriptus",11.83104,2.63698
"2101",81040,"Tragelaphus scriptus",11.99002,2.94044
"2102",81040,"Tragelaphus scriptus",12.00952,2.99917
"2103",81040,"Tragelaphus scriptus",11.819194,2.490333
"2104",81040,"Tragelaphus scriptus",11.83128,2.63647
"2105",81040,"Tragelaphus scriptus",11.78256,2.9493
"2106",81040,"Tragelaphus scriptus",11.584033,2.865767
"2107",81040,"Tragelaphus scriptus",11.96464,2.96142
"2108",81040,"Tragelaphus scriptus",3.767,29.524
"2109",81040,"Tragelaphus scriptus",3.782,29.506
"2110",81040,"Tragelaphus scriptus",3.743,29.51
"2111",81040,"Tragelaphus scriptus",3.742,29.511
"2112",81040,"Tragelaphus scriptus",-0.348629,36.811987
"2113",81040,"Tragelaphus scriptus",-12.905019,31.970215
"2114",81040,"Tragelaphus scriptus",-3.361227,38.645205
"2115",81040,"Tragelaphus scriptus",-14.963028,25.917778
"2116",81040,"Tragelaphus scriptus",-15.043446,25.919151
"2117",81040,"Tragelaphus scriptus",-0.348888,36.812338
"2118",81040,"Tragelaphus scriptus",-0.36303,36.812148
"2119",81040,"Tragelaphus scriptus",-24.197808,30.88274
"2120",81040,"Tragelaphus scriptus",-24.2,30.883083
"2121",81040,"Tragelaphus scriptus",-7.764303,38.23351
"2122",81040,"Tragelaphus scriptus",-24.990399,31.612801
"2123",81040,"Tragelaphus scriptus",-7.724839,38.178161
"2124",81040,"Tragelaphus scriptus",-3.97607,35.641119
"2125",81040,"Tragelaphus scriptus",-15.539865,28.331655
"2126",81040,"Tragelaphus scriptus",-16.2,33.63
"2127",81040,"Tragelaphus scriptus",-19.12,33.48
"2128",81040,"Tragelaphus scriptus",-16.48,32.78
"2129",81040,"Tragelaphus scriptus",-28.21983,31.951865
"2130",81040,"Tragelaphus scriptus",-25.757112,27.783694
"2131",81040,"Tragelaphus scriptus",-24.989481,31.621742
"2132",81040,"Tragelaphus scriptus",-28.116667,32.566667
"2133",81040,"Tragelaphus scriptus",-24.981322,31.566311
"2134",81040,"Tragelaphus scriptus",-0.416667,36.666667
"2135",81040,"Tragelaphus scriptus",-14.850647,35.297211
"2136",81040,"Tragelaphus scriptus",-14.851191,35.29426
"2137",81040,"Tragelaphus scriptus",-14.849439,35.294529
"2138",81040,"Tragelaphus scriptus",-14.850611,35.296286
"2139",81040,"Tragelaphus scriptus",3.750185,29.509998
