<?xml version="1.0" encoding="utf-8"?>
<eml:eml xmlns:eml="eml://ecoinformatics.org/eml-2.1.1" xmlns:xsi="http://www.w3.org/2001/XMLSchema-instance"
         xsi:schemaLocation="eml://ecoinformatics.org/eml-2.1.1 http://rs.gbif.org/schema/eml-gbif-profile/1.1/eml.xsd"
        packageId="10.15468/dl.sr6jnc"  system="http://gbif.org" scope="system"
  xml:lang="en">

<dataset>
        <alternateIdentifier>0045878-181108115102211</alternateIdentifier>
    <title>GBIF Occurrence Download 10.15468/dl.sr6jnc</title>
    <creator>
    <individualName>
          <surName>GBIF Download Service</surName>
    </individualName>
<electronicMailAddress>support@gbif.org</electronicMailAddress>    </creator>
    <metadataProvider>
    <individualName>
          <surName>GBIF Download Service</surName>
    </individualName>
<electronicMailAddress>support@gbif.org</electronicMailAddress>    </metadataProvider>
      <pubDate>
      2019-02-25
      </pubDate>
    <language>ENGLISH</language>
    <abstract>
        <para>A dataset containing all occurrences available in GBIF matching the query:
BasisOfRecord: Specimen or Material sample 
Country: Iraq or India or Lebanon or Morocco or Pakistan or Tunisia or Egypt 
Issue: Coordinate rounded or Geodetic datum assumed WGS84 or Country derived from coordinates 
DatasetKey: Museum of Comparative Zoology, Harvard University or Field Museum of Natural History (Zoology) Mammal Collection or Mammals housed at MHNG, Geneva or University of Michigan Museum of Zoology, Division of Mammals or RBINS DaRWIN or Mammalogy Collection - Royal Ontario Museum or Geographically tagged INSDC sequences 
HasCoordinate: true 
TaxonKey: Camelus dromedarius Linnaeus, 1758 
HasGeospatialIssue: false
The dataset includes records from the following constituent datasets. The full metadata for each constituent is also included in this archive:
1 records from RBINS DaRWIN
1 records from Museum of Comparative Zoology, Harvard University
1 records from Mammals housed at MHNG, Geneva
16 records from Field Museum of Natural History (Zoology) Mammal Collection
17 records from Geographically tagged INSDC sequences
</para>
    </abstract>
      <contact>
    <individualName>
          <surName>GBIF Download Service</surName>
    </individualName>
<electronicMailAddress>support@gbif.org</electronicMailAddress>      </contact>

</dataset>

<additionalMetadata>
    <metadata>
      <gbif>
        <dateStamp>2019-02-25T16:48:08Z</dateStamp>
      <citation identifier="10.15468/dl.sr6jnc">GBIF Occurrence Download 10.15468/dl.sr6jnc</citation>
              <physical>
                  <objectName>Darwin Core Archive</objectName>
                  <characterEncoding>UTF-8</characterEncoding>
                  <dataFormat>
                      <externallyDefinedFormat>
                          <formatName>Darwin Core Archive</formatName>
                      </externallyDefinedFormat>
                  </dataFormat>
                  <distribution>
                      <online>
                          <url function="download">http://api.gbif.org/v1/occurrence/download/request/0045878-181108115102211.zip</url>
                      </online>
                  </distribution>
              </physical>
        </gbif>
    </metadata>
</additionalMetadata>

</eml:eml>
