<?xml version="1.0" encoding="utf-8"?>
<eml:eml xmlns:eml="eml://ecoinformatics.org/eml-2.1.1" xmlns:xsi="http://www.w3.org/2001/XMLSchema-instance"
         xsi:schemaLocation="eml://ecoinformatics.org/eml-2.1.1 http://rs.gbif.org/schema/eml-gbif-profile/1.1/eml.xsd"
        packageId="10.15468/dl.bdvobp"  system="http://gbif.org" scope="system"
  xml:lang="en">

<dataset>
        <alternateIdentifier>0001612-190415153152247</alternateIdentifier>
    <title>GBIF Occurrence Download 10.15468/dl.bdvobp</title>
    <creator>
    <individualName>
          <surName>GBIF Download Service</surName>
    </individualName>
<electronicMailAddress>support@gbif.org</electronicMailAddress>    </creator>
    <metadataProvider>
    <individualName>
          <surName>GBIF Download Service</surName>
    </individualName>
<electronicMailAddress>support@gbif.org</electronicMailAddress>    </metadataProvider>
      <pubDate>
      2019-04-18
      </pubDate>
    <language>ENGLISH</language>
    <abstract>
        <para>A dataset containing all occurrences available in GBIF matching the query:
BasisOfRecord: Specimen or Human Observation 
Country: Bolivia, Plurinational State of or Argentina or Chile or Peru 
Year: 1901-2019 
HasCoordinate: true 
TaxonKey: Vicugna vicugna (Molina, 1782) 
HasGeospatialIssue: false
The dataset includes records from the following constituent datasets. The full metadata for each constituent is also included in this archive:
2 records from LSUMZ Mammals Collection
2 records from UTEP Mammals (Arctos)
2 records from Mammalogy Collection - Royal Ontario Museum
2 records from Museum of Comparative Zoology, Harvard University
3 records from Registro de Fauna Silvestre en el Inventario Nacional Forestal y de Fauna Silvestre-SERFOR, Perú
3 records from LACM Vertebrate Collection
4 records from Datos observacionales sobre biodiversidad Ministerio del Medio Ambiente 2015
4 records from Field Museum of Natural History (Zoology) Mammal Collection
5 records from MVZ Mammal Collection (Arctos)
10 records from naturgucker
61 records from iNaturalist Research-grade Observations
</para>
    </abstract>
      <contact>
    <individualName>
          <surName>GBIF Download Service</surName>
    </individualName>
<electronicMailAddress>support@gbif.org</electronicMailAddress>      </contact>

</dataset>

<additionalMetadata>
    <metadata>
      <gbif>
        <dateStamp>2019-04-18T21:09:35Z</dateStamp>
      <citation identifier="10.15468/dl.bdvobp">GBIF Occurrence Download 10.15468/dl.bdvobp</citation>
              <physical>
                  <objectName>Darwin Core Archive</objectName>
                  <characterEncoding>UTF-8</characterEncoding>
                  <dataFormat>
                      <externallyDefinedFormat>
                          <formatName>Darwin Core Archive</formatName>
                      </externallyDefinedFormat>
                  </dataFormat>
                  <distribution>
                      <online>
                          <url function="download">http://api.gbif.org/v1/occurrence/download/request/0001612-190415153152247.zip</url>
                      </online>
                  </distribution>
              </physical>
        </gbif>
    </metadata>
</additionalMetadata>

</eml:eml>
