<?xml version="1.0" encoding="utf-8"?>
<eml:eml xmlns:eml="eml://ecoinformatics.org/eml-2.1.1" xmlns:xsi="http://www.w3.org/2001/XMLSchema-instance"
         xsi:schemaLocation="eml://ecoinformatics.org/eml-2.1.1 http://rs.gbif.org/schema/eml-gbif-profile/1.1/eml.xsd"
        packageId="7b75fe0a-f762-11e1-a439-00145eb45e9a"  system="http://gbif.org" scope="system"
  xml:lang="en">

<dataset>
      <alternateIdentifier>10.15468/lks7ph</alternateIdentifier>
        <alternateIdentifier>https://ipt.gbif.es/resource?r=eeza-mamif</alternateIdentifier>
        <alternateIdentifier>7b75fe0a-f762-11e1-a439-00145eb45e9a</alternateIdentifier>
        <alternateIdentifier>11687</alternateIdentifier>
    <title>Estación Experimental de Zonas Áridas (CSIC) EEZA-Mamif</title>
    <creator>
<organizationName>Experimental Station of Arid Areas (CSIC)</organizationName>    </creator>
    <creator>
    <individualName>
<givenName>Katia</givenName>          <surName>Cezón</surName>
    </individualName>
<organizationName>GBIF Spain</organizationName><electronicMailAddress>katia.gbif@gmail.com</electronicMailAddress>    </creator>
    <metadataProvider>
    <individualName>
<givenName>Katia</givenName>          <surName>Cezón</surName>
    </individualName>
<organizationName>GBIF Spain</organizationName><electronicMailAddress>katia.gbif@gmail.com</electronicMailAddress>    </metadataProvider>
      <pubDate>
      2018-11-30
      </pubDate>
    <language>ENGLISH</language>
    <abstract>
        <para>&lt;p&gt;Colección de Mamíferos constituida por 753 registros y 790 ejemplares, conservados tanto en seco como en etanol. El ámbito geográfico de los ejemplares es mayoritariamente la Península Ibérica y norte de África. Se incluyen también los datos de georeferenciación de cada uno de los registros.&lt;/p&gt;
&lt;p&gt;Note: this dataset was previously orphaned. It has been rescued by ① extracting it from the GBIF.org index (see GBIF Download in External Data) and ② republishing it on this IPT data hosting centre as version 1.0.&lt;/p&gt;</para>
    </abstract>
        <keywordSet>
              <keyword>Occurrence</keyword>
              <keywordThesaurus>GBIF Dataset Type Vocabulary: http://rs.gbif.org/vocabulary/gbif/dataset_type.xml</keywordThesaurus>
        </keywordSet>
      <intellectualRights>
        <para>This work is licensed under a <ulink url="http://creativecommons.org/licenses/by/4.0/legalcode"><citetitle>Creative Commons Attribution (CC-BY) 4.0 License</citetitle></ulink>.</para>
      </intellectualRights>
      <distribution scope="document">
          <online>
              <url function="information">http://www.eeza.csic.es/eeza/colecciones.aspx</url>
          </online>
      </distribution>
      <maintenance>
          <description>
              <para></para>
          </description>
          <maintenanceUpdateFrequency>unkown</maintenanceUpdateFrequency>
      </maintenance>
      <contact>
    <individualName>
<givenName>Katia</givenName>          <surName>Cezón</surName>
    </individualName>
<organizationName>GBIF Spain</organizationName><electronicMailAddress>katia.gbif@gmail.com</electronicMailAddress>      </contact>

</dataset>

<additionalMetadata>
    <metadata>
      <gbif>
        <dateStamp>2019-02-08T16:38:38Z</dateStamp>
      <citation>Cezón K (2018). Estación Experimental de Zonas Áridas (CSIC) EEZA-Mamif. Experimental Station of Arid Areas (CSIC). Occurrence dataset https://doi.org/10.15468/lks7ph accessed via GBIF.org on 2019-02-08.</citation>
              <physical>
                  <objectName>GBIF Occurrence Download</objectName>
                  <characterEncoding>UTF-8</characterEncoding>
                  <dataFormat>
                      <externallyDefinedFormat>
                          <formatName>Darwin Core Archive</formatName>
                      </externallyDefinedFormat>
                  </dataFormat>
                  <distribution>
                      <online>
                          <url function="download">http://api.gbif.org/v1/occurrence/download/request/0002033-180131172636756.zip</url>
                      </online>
                  </distribution>
              </physical>
        </gbif>
    </metadata>
</additionalMetadata>

</eml:eml>
