<?xml version="1.0" encoding="utf-8"?>
<eml:eml xmlns:eml="eml://ecoinformatics.org/eml-2.1.1" xmlns:xsi="http://www.w3.org/2001/XMLSchema-instance"
         xsi:schemaLocation="eml://ecoinformatics.org/eml-2.1.1 http://rs.gbif.org/schema/eml-gbif-profile/1.1/eml.xsd"
        packageId="61a9ca38-b62f-11e2-afcb-00145eb45e9a"  system="http://gbif.org" scope="system"
  xml:lang="en">

<dataset>
      <alternateIdentifier>10.15468/0bhhip</alternateIdentifier>
        <alternateIdentifier>14940</alternateIdentifier>
    <title>Fungus Collections at Staatliches Museum für Naturkunde Karlsruhe (Herbarium KR)</title>
    <associatedParty>
    <individualName>
          <surName>SNSB IT Center</surName>
    </individualName>
<electronicMailAddress>snsb-it-center@bsm.mwn.de</electronicMailAddress>    <role>TECHNICAL_POINT_OF_CONTACT</role>
    </associatedParty>
    <language>en</language>
    <abstract>
        <para>http://www.smnk.de/en/collections/botany/fungi/</para>
    </abstract>
      <intellectualRights>
        <para>This work is licensed under a <ulink url="http://creativecommons.org/licenses/by/4.0/legalcode"><citetitle>Creative Commons Attribution (CC-BY) 4.0 License</citetitle></ulink>.</para>
      </intellectualRights>
      <distribution scope="document">
          <online>
              <url function="information">http://www.smnk.de/en/collections/botany/fungi/</url>
          </online>
      </distribution>
      <contact>
    <individualName>
          <surName>Markus Scholler</surName>
    </individualName>
    <address>
<deliveryPoint>Erbprinzenstr. 13, D76133 Karlsruhe</deliveryPoint>    </address>
<electronicMailAddress>scholler@naturkundeka-bw.de</electronicMailAddress>      </contact>

</dataset>

<additionalMetadata>
    <metadata>
      <gbif>
        <dateStamp>2019-02-20T15:33:08Z</dateStamp>
      <citation>Staatliche Naturwissenschaftliche Sammlungen Bayerns. Fungus Collections at Staatliches Museum für Naturkunde Karlsruhe (Herbarium KR). Occurrence dataset https://doi.org/10.15468/0bhhip accessed via GBIF.org on 2019-02-20.</citation>
              <resourceLogoUrl>http://www.snsb.info/DatabaseClients/SMNKspidercoll/Pictures/SMNKmitSchrift.gif</resourceLogoUrl>
        </gbif>
    </metadata>
</additionalMetadata>

</eml:eml>
