<?xml version="1.0" encoding="utf-8"?>
<eml:eml xmlns:eml="eml://ecoinformatics.org/eml-2.1.1" xmlns:xsi="http://www.w3.org/2001/XMLSchema-instance"
         xsi:schemaLocation="eml://ecoinformatics.org/eml-2.1.1 http://rs.gbif.org/schema/eml-gbif-profile/1.1/eml.xsd"
        packageId="81321482-f762-11e1-a439-00145eb45e9a"  system="http://gbif.org" scope="system"
  xml:lang="en">

<dataset>
      <alternateIdentifier>10.15468/xg0cat</alternateIdentifier>
        <alternateIdentifier>13538</alternateIdentifier>
    <title>Tartu University, palaeontology collections</title>
    <associatedParty>
    <individualName>
          <surName>Olle Hints</surName>
    </individualName>
    <address>
<deliveryPoint>Institute of Geology at TUT; Ehitajate 5, 19086 Tallinn, Estonia</deliveryPoint>    </address>
<phone>+3726203027</phone><electronicMailAddress>Olle.Hints@gi.ee</electronicMailAddress>    <role>TECHNICAL_POINT_OF_CONTACT</role>
    </associatedParty>
    <language>en</language>
    <abstract>
        <para>...</para>
    </abstract>
      <intellectualRights>
        <para>This work is licensed under a <ulink url="http://creativecommons.org/licenses/by-nc/4.0/legalcode"><citetitle>Creative Commons Attribution Non Commercial (CC-BY-NC) 4.0 License</citetitle></ulink>.</para>
      </intellectualRights>
      <contact>
    <individualName>
          <surName>Mare Isakar</surName>
    </individualName>
    <address>
<deliveryPoint>Vanemuise 46, Tartu, Estonia</deliveryPoint>    </address>
<electronicMailAddress>mare.isakar@ut.ee</electronicMailAddress>      </contact>

</dataset>

<additionalMetadata>
    <metadata>
      <gbif>
        <dateStamp>2019-02-20T15:33:08Z</dateStamp>
      <citation>Geocollections of Estonia. Tartu University, palaeontology collections. Occurrence dataset https://doi.org/10.15468/xg0cat accessed via GBIF.org on 2019-02-20.</citation>
              <resourceLogoUrl>http://geokogud.info/tug/imgs/UT_logo_small.png</resourceLogoUrl>
        </gbif>
    </metadata>
</additionalMetadata>

</eml:eml>
