<?xml version="1.0" encoding="utf-8"?>
<eml:eml xmlns:eml="eml://ecoinformatics.org/eml-2.1.1" xmlns:xsi="http://www.w3.org/2001/XMLSchema-instance"
         xsi:schemaLocation="eml://ecoinformatics.org/eml-2.1.1 http://rs.gbif.org/schema/eml-gbif-profile/1.1/eml.xsd"
        packageId="10.15468/dl.zbzcx8"  system="http://gbif.org" scope="system"
  xml:lang="en">

<dataset>
        <alternateIdentifier>0037809-181108115102211</alternateIdentifier>
    <title>GBIF Occurrence Download 10.15468/dl.zbzcx8</title>
    <creator>
    <individualName>
          <surName>GBIF Download Service</surName>
    </individualName>
<electronicMailAddress>support@gbif.org</electronicMailAddress>    </creator>
    <metadataProvider>
    <individualName>
          <surName>GBIF Download Service</surName>
    </individualName>
<electronicMailAddress>support@gbif.org</electronicMailAddress>    </metadataProvider>
      <pubDate>
      2019-02-08
      </pubDate>
    <language>ENGLISH</language>
    <abstract>
        <para>A dataset containing all occurrences available in GBIF matching the query:
BasisOfRecord: Human Observation or Specimen 
Country: Argentina or Chile or Peru or Bolivia, Plurinational State of 
Year: 1901-2019 
HasCoordinate: true 
TaxonKey: Lama glama guanicoe (Müller, 1776) 
HasGeospatialIssue: false
The dataset includes records from the following constituent datasets. The full metadata for each constituent is also included in this archive:
1 records from Registros biológicos  en áreas protegidas obtenidos de documentos impresos
1 records from Observaciones de Especies Silvestres (by Charif Tala)
1 records from Plan de vertebrados de la Patagonia
1 records from MVZ Mammal Collection (Arctos)
1 records from KUBI Mammalogy Collection
1 records from Rapid Assessment Program (RAP) Biodiversity Survey Database
1 records from Tissues Specimens
2 records from NMNH Extant Specimen Records
2 records from Mammals Specimens
2 records from DMNS Mammal Collection (Arctos)
8 records from Field Museum of Natural History (Zoology) Mammal Collection
12 records from naturgucker
21 records from Datos observacionales sobre biodiversidad Ministerio del Medio Ambiente 2015
135 records from VERTEBRADOS DE VALOR ESPECIAL EN ÁREAS PROTEGIDAS DE LA ARGENTINA
146 records from iNaturalist Research-grade Observations
</para>
    </abstract>
      <contact>
    <individualName>
          <surName>GBIF Download Service</surName>
    </individualName>
<electronicMailAddress>support@gbif.org</electronicMailAddress>      </contact>

</dataset>

<additionalMetadata>
    <metadata>
      <gbif>
        <dateStamp>2019-02-08T16:25:30Z</dateStamp>
      <citation identifier="10.15468/dl.zbzcx8">GBIF Occurrence Download 10.15468/dl.zbzcx8</citation>
              <physical>
                  <objectName>Darwin Core Archive</objectName>
                  <characterEncoding>UTF-8</characterEncoding>
                  <dataFormat>
                      <externallyDefinedFormat>
                          <formatName>Darwin Core Archive</formatName>
                      </externallyDefinedFormat>
                  </dataFormat>
                  <distribution>
                      <online>
                          <url function="download">http://api.gbif.org/v1/occurrence/download/request/0037809-181108115102211.zip</url>
                      </online>
                  </distribution>
              </physical>
        </gbif>
    </metadata>
</additionalMetadata>

</eml:eml>
