<?xml version="1.0" encoding="utf-8"?>
<eml:eml xmlns:eml="eml://ecoinformatics.org/eml-2.1.1" xmlns:xsi="http://www.w3.org/2001/XMLSchema-instance"
         xsi:schemaLocation="eml://ecoinformatics.org/eml-2.1.1 http://rs.gbif.org/schema/eml-gbif-profile/1.1/eml.xsd"
        packageId="10.15468/dl.rgyaaf"  system="http://gbif.org" scope="system"
  xml:lang="en">

<dataset>
        <alternateIdentifier>0037821-181108115102211</alternateIdentifier>
    <title>GBIF Occurrence Download 10.15468/dl.rgyaaf</title>
    <creator>
    <individualName>
          <surName>GBIF Download Service</surName>
    </individualName>
<electronicMailAddress>support@gbif.org</electronicMailAddress>    </creator>
    <metadataProvider>
    <individualName>
          <surName>GBIF Download Service</surName>
    </individualName>
<electronicMailAddress>support@gbif.org</electronicMailAddress>    </metadataProvider>
      <pubDate>
      2019-02-08
      </pubDate>
    <language>ENGLISH</language>
    <abstract>
        <para>A dataset containing all occurrences available in GBIF matching the query:
BasisOfRecord: Specimen 
Country: China or India or Lao People&apos;s Democratic Republic or Belgium or Romania or Switzerland or Spain 
Year: 1901-2019 
HasCoordinate: true 
TaxonKey: Sus scrofa Linnaeus, 1758 
HasGeospatialIssue: false
The dataset includes records from the following constituent datasets. The full metadata for each constituent is also included in this archive:
1 records from South Australian Museum Australia provider for OZCAM
1 records from Museu de Ciències Naturals de Barcelona: MCNB-Tissue
2 records from Las colecciones del Museu Valencià d&apos;Història Natural
2 records from Museum of Comparative Zoology, Harvard University
2 records from CAS Mammalogy (MAM)
8 records from MSU Mammalogy, Ornithology and Vertebrate Paleontology Collections
10 records from Field Museum of Natural History (Zoology) Mammal Collection
25 records from Australian National Wildlife Collection provider for OZCAM
34 records from Museu de Ciències Naturals de Barcelona: MCNB-Cord
37 records from RBINS DaRWIN
44 records from Geographically tagged INSDC sequences
48 records from Terrestrial mammals of Dobrogea Region, Romania
60 records from Mammals housed at MHNG, Geneva
172 records from Estación Experimental de Zonas Áridas (CSIC) EEZA-Mamif
</para>
    </abstract>
      <contact>
    <individualName>
          <surName>GBIF Download Service</surName>
    </individualName>
<electronicMailAddress>support@gbif.org</electronicMailAddress>      </contact>

</dataset>

<additionalMetadata>
    <metadata>
      <gbif>
        <dateStamp>2019-02-08T16:38:39Z</dateStamp>
      <citation identifier="10.15468/dl.rgyaaf">GBIF Occurrence Download 10.15468/dl.rgyaaf</citation>
              <physical>
                  <objectName>Darwin Core Archive</objectName>
                  <characterEncoding>UTF-8</characterEncoding>
                  <dataFormat>
                      <externallyDefinedFormat>
                          <formatName>Darwin Core Archive</formatName>
                      </externallyDefinedFormat>
                  </dataFormat>
                  <distribution>
                      <online>
                          <url function="download">http://api.gbif.org/v1/occurrence/download/request/0037821-181108115102211.zip</url>
                      </online>
                  </distribution>
              </physical>
        </gbif>
    </metadata>
</additionalMetadata>

</eml:eml>
