<?xml version="1.0" encoding="utf-8"?>
<eml:eml xmlns:eml="eml://ecoinformatics.org/eml-2.1.1" xmlns:xsi="http://www.w3.org/2001/XMLSchema-instance"
         xsi:schemaLocation="eml://ecoinformatics.org/eml-2.1.1 http://rs.gbif.org/schema/eml-gbif-profile/1.1/eml.xsd"
        packageId="10.15468/dl.gez0fu"  system="http://gbif.org" scope="system"
  xml:lang="en">

<dataset>
        <alternateIdentifier>0037753-181108115102211</alternateIdentifier>
    <title>GBIF Occurrence Download 10.15468/dl.gez0fu</title>
    <creator>
    <individualName>
          <surName>GBIF Download Service</surName>
    </individualName>
<electronicMailAddress>support@gbif.org</electronicMailAddress>    </creator>
    <metadataProvider>
    <individualName>
          <surName>GBIF Download Service</surName>
    </individualName>
<electronicMailAddress>support@gbif.org</electronicMailAddress>    </metadataProvider>
      <pubDate>
      2019-02-08
      </pubDate>
    <language>ENGLISH</language>
    <abstract>
        <para>A dataset containing all occurrences available in GBIF matching the query:
Country: Indonesia or Cambodia or Thailand or Viet Nam or Malaysia 
Year: 1901-2019 
DatasetKey: iNaturalist Research-grade Observations or Natural History Museum (London) Collection Specimens or Vertebrates of the Gothenburg Natural History Museum (GNM) or Museum of Comparative Zoology, Harvard University or AMNH Mammal Collections or Field Museum of Natural History (Zoology) Mammal Collection or RBINS DaRWIN or The mammals collection (ZM) of the Muséum national d&apos;Histoire naturelle (MNHN - Paris) 
HasCoordinate: true 
TaxonKey: Bos javanicus d&apos;Alton, 1823 
HasGeospatialIssue: false
The dataset includes records from the following constituent datasets. The full metadata for each constituent is also included in this archive:
2 records from Field Museum of Natural History (Zoology) Mammal Collection
5 records from Museum of Comparative Zoology, Harvard University
11 records from iNaturalist Research-grade Observations
</para>
    </abstract>
      <contact>
    <individualName>
          <surName>GBIF Download Service</surName>
    </individualName>
<electronicMailAddress>support@gbif.org</electronicMailAddress>      </contact>

</dataset>

<additionalMetadata>
    <metadata>
      <gbif>
        <dateStamp>2019-02-08T15:08:19Z</dateStamp>
      <citation identifier="10.15468/dl.gez0fu">GBIF Occurrence Download 10.15468/dl.gez0fu</citation>
              <physical>
                  <objectName>Darwin Core Archive</objectName>
                  <characterEncoding>UTF-8</characterEncoding>
                  <dataFormat>
                      <externallyDefinedFormat>
                          <formatName>Darwin Core Archive</formatName>
                      </externallyDefinedFormat>
                  </dataFormat>
                  <distribution>
                      <online>
                          <url function="download">http://api.gbif.org/v1/occurrence/download/request/0037753-181108115102211.zip</url>
                      </online>
                  </distribution>
              </physical>
        </gbif>
    </metadata>
</additionalMetadata>

</eml:eml>
